
Mini_Project4.elf:     file format elf32-avr

Sections:
Idx Name          Size      VMA       LMA       File off  Algn
  0 .text         0000260c  00000000  00000000  00000094  2**1
                  CONTENTS, ALLOC, LOAD, READONLY, CODE
  1 .data         00000118  00800060  0000260c  000026a0  2**0
                  CONTENTS, ALLOC, LOAD, DATA
  2 .bss          0000000d  00800178  00800178  000027b8  2**0
                  ALLOC
  3 .stab         00001ddc  00000000  00000000  000027b8  2**2
                  CONTENTS, READONLY, DEBUGGING
  4 .stabstr      00000fc0  00000000  00000000  00004594  2**0
                  CONTENTS, READONLY, DEBUGGING
  5 .debug_aranges 000001a0  00000000  00000000  00005554  2**0
                  CONTENTS, READONLY, DEBUGGING
  6 .debug_pubnames 000001f2  00000000  00000000  000056f4  2**0
                  CONTENTS, READONLY, DEBUGGING
  7 .debug_info   0000240b  00000000  00000000  000058e6  2**0
                  CONTENTS, READONLY, DEBUGGING
  8 .debug_abbrev 00001386  00000000  00000000  00007cf1  2**0
                  CONTENTS, READONLY, DEBUGGING
  9 .debug_line   000011d6  00000000  00000000  00009077  2**0
                  CONTENTS, READONLY, DEBUGGING
 10 .debug_frame  000001c0  00000000  00000000  0000a250  2**2
                  CONTENTS, READONLY, DEBUGGING
 11 .debug_str    000002f6  00000000  00000000  0000a410  2**0
                  CONTENTS, READONLY, DEBUGGING
 12 .debug_loc    0000096e  00000000  00000000  0000a706  2**0
                  CONTENTS, READONLY, DEBUGGING
 13 .debug_ranges 00000050  00000000  00000000  0000b074  2**0
                  CONTENTS, READONLY, DEBUGGING

Disassembly of section .text:

00000000 <__vectors>:
       0:	0c 94 2a 00 	jmp	0x54	; 0x54 <__ctors_end>
       4:	0c 94 47 00 	jmp	0x8e	; 0x8e <__bad_interrupt>
       8:	0c 94 47 00 	jmp	0x8e	; 0x8e <__bad_interrupt>
       c:	0c 94 47 00 	jmp	0x8e	; 0x8e <__bad_interrupt>
      10:	0c 94 47 00 	jmp	0x8e	; 0x8e <__bad_interrupt>
      14:	0c 94 47 00 	jmp	0x8e	; 0x8e <__bad_interrupt>
      18:	0c 94 04 0c 	jmp	0x1808	; 0x1808 <__vector_6>
      1c:	0c 94 47 00 	jmp	0x8e	; 0x8e <__bad_interrupt>
      20:	0c 94 47 00 	jmp	0x8e	; 0x8e <__bad_interrupt>
      24:	0c 94 47 00 	jmp	0x8e	; 0x8e <__bad_interrupt>
      28:	0c 94 47 00 	jmp	0x8e	; 0x8e <__bad_interrupt>
      2c:	0c 94 47 00 	jmp	0x8e	; 0x8e <__bad_interrupt>
      30:	0c 94 47 00 	jmp	0x8e	; 0x8e <__bad_interrupt>
      34:	0c 94 47 00 	jmp	0x8e	; 0x8e <__bad_interrupt>
      38:	0c 94 47 00 	jmp	0x8e	; 0x8e <__bad_interrupt>
      3c:	0c 94 47 00 	jmp	0x8e	; 0x8e <__bad_interrupt>
      40:	0c 94 47 00 	jmp	0x8e	; 0x8e <__bad_interrupt>
      44:	0c 94 47 00 	jmp	0x8e	; 0x8e <__bad_interrupt>
      48:	0c 94 47 00 	jmp	0x8e	; 0x8e <__bad_interrupt>
      4c:	0c 94 47 00 	jmp	0x8e	; 0x8e <__bad_interrupt>
      50:	0c 94 47 00 	jmp	0x8e	; 0x8e <__bad_interrupt>

00000054 <__ctors_end>:
      54:	11 24       	eor	r1, r1
      56:	1f be       	out	0x3f, r1	; 63
      58:	cf e5       	ldi	r28, 0x5F	; 95
      5a:	d8 e0       	ldi	r29, 0x08	; 8
      5c:	de bf       	out	0x3e, r29	; 62
      5e:	cd bf       	out	0x3d, r28	; 61

00000060 <__do_copy_data>:
      60:	11 e0       	ldi	r17, 0x01	; 1
      62:	a0 e6       	ldi	r26, 0x60	; 96
      64:	b0 e0       	ldi	r27, 0x00	; 0
      66:	ec e0       	ldi	r30, 0x0C	; 12
      68:	f6 e2       	ldi	r31, 0x26	; 38
      6a:	02 c0       	rjmp	.+4      	; 0x70 <.do_copy_data_start>

0000006c <.do_copy_data_loop>:
      6c:	05 90       	lpm	r0, Z+
      6e:	0d 92       	st	X+, r0

00000070 <.do_copy_data_start>:
      70:	a8 37       	cpi	r26, 0x78	; 120
      72:	b1 07       	cpc	r27, r17
      74:	d9 f7       	brne	.-10     	; 0x6c <.do_copy_data_loop>

00000076 <__do_clear_bss>:
      76:	11 e0       	ldi	r17, 0x01	; 1
      78:	a8 e7       	ldi	r26, 0x78	; 120
      7a:	b1 e0       	ldi	r27, 0x01	; 1
      7c:	01 c0       	rjmp	.+2      	; 0x80 <.do_clear_bss_start>

0000007e <.do_clear_bss_loop>:
      7e:	1d 92       	st	X+, r1

00000080 <.do_clear_bss_start>:
      80:	a5 38       	cpi	r26, 0x85	; 133
      82:	b1 07       	cpc	r27, r17
      84:	e1 f7       	brne	.-8      	; 0x7e <.do_clear_bss_loop>
      86:	0e 94 12 12 	call	0x2424	; 0x2424 <main>
      8a:	0c 94 04 13 	jmp	0x2608	; 0x2608 <_exit>

0000008e <__bad_interrupt>:
      8e:	0c 94 00 00 	jmp	0	; 0x0 <__vectors>

00000092 <__fixunssfsi>:
      92:	ef 92       	push	r14
      94:	ff 92       	push	r15
      96:	0f 93       	push	r16
      98:	1f 93       	push	r17
      9a:	7b 01       	movw	r14, r22
      9c:	8c 01       	movw	r16, r24
      9e:	20 e0       	ldi	r18, 0x00	; 0
      a0:	30 e0       	ldi	r19, 0x00	; 0
      a2:	40 e0       	ldi	r20, 0x00	; 0
      a4:	5f e4       	ldi	r21, 0x4F	; 79
      a6:	0e 94 f5 03 	call	0x7ea	; 0x7ea <__gesf2>
      aa:	88 23       	and	r24, r24
      ac:	8c f0       	brlt	.+34     	; 0xd0 <__fixunssfsi+0x3e>
      ae:	c8 01       	movw	r24, r16
      b0:	b7 01       	movw	r22, r14
      b2:	20 e0       	ldi	r18, 0x00	; 0
      b4:	30 e0       	ldi	r19, 0x00	; 0
      b6:	40 e0       	ldi	r20, 0x00	; 0
      b8:	5f e4       	ldi	r21, 0x4F	; 79
      ba:	0e 94 c1 01 	call	0x382	; 0x382 <__subsf3>
      be:	0e 94 55 04 	call	0x8aa	; 0x8aa <__fixsfsi>
      c2:	9b 01       	movw	r18, r22
      c4:	ac 01       	movw	r20, r24
      c6:	20 50       	subi	r18, 0x00	; 0
      c8:	30 40       	sbci	r19, 0x00	; 0
      ca:	40 40       	sbci	r20, 0x00	; 0
      cc:	50 48       	sbci	r21, 0x80	; 128
      ce:	06 c0       	rjmp	.+12     	; 0xdc <__fixunssfsi+0x4a>
      d0:	c8 01       	movw	r24, r16
      d2:	b7 01       	movw	r22, r14
      d4:	0e 94 55 04 	call	0x8aa	; 0x8aa <__fixsfsi>
      d8:	9b 01       	movw	r18, r22
      da:	ac 01       	movw	r20, r24
      dc:	b9 01       	movw	r22, r18
      de:	ca 01       	movw	r24, r20
      e0:	1f 91       	pop	r17
      e2:	0f 91       	pop	r16
      e4:	ff 90       	pop	r15
      e6:	ef 90       	pop	r14
      e8:	08 95       	ret

000000ea <_fpadd_parts>:
      ea:	a0 e0       	ldi	r26, 0x00	; 0
      ec:	b0 e0       	ldi	r27, 0x00	; 0
      ee:	eb e7       	ldi	r30, 0x7B	; 123
      f0:	f0 e0       	ldi	r31, 0x00	; 0
      f2:	0c 94 88 12 	jmp	0x2510	; 0x2510 <__prologue_saves__>
      f6:	dc 01       	movw	r26, r24
      f8:	2b 01       	movw	r4, r22
      fa:	fa 01       	movw	r30, r20
      fc:	9c 91       	ld	r25, X
      fe:	92 30       	cpi	r25, 0x02	; 2
     100:	08 f4       	brcc	.+2      	; 0x104 <_fpadd_parts+0x1a>
     102:	39 c1       	rjmp	.+626    	; 0x376 <_fpadd_parts+0x28c>
     104:	eb 01       	movw	r28, r22
     106:	88 81       	ld	r24, Y
     108:	82 30       	cpi	r24, 0x02	; 2
     10a:	08 f4       	brcc	.+2      	; 0x10e <_fpadd_parts+0x24>
     10c:	33 c1       	rjmp	.+614    	; 0x374 <_fpadd_parts+0x28a>
     10e:	94 30       	cpi	r25, 0x04	; 4
     110:	69 f4       	brne	.+26     	; 0x12c <_fpadd_parts+0x42>
     112:	84 30       	cpi	r24, 0x04	; 4
     114:	09 f0       	breq	.+2      	; 0x118 <_fpadd_parts+0x2e>
     116:	2f c1       	rjmp	.+606    	; 0x376 <_fpadd_parts+0x28c>
     118:	11 96       	adiw	r26, 0x01	; 1
     11a:	9c 91       	ld	r25, X
     11c:	11 97       	sbiw	r26, 0x01	; 1
     11e:	89 81       	ldd	r24, Y+1	; 0x01
     120:	98 17       	cp	r25, r24
     122:	09 f4       	brne	.+2      	; 0x126 <_fpadd_parts+0x3c>
     124:	28 c1       	rjmp	.+592    	; 0x376 <_fpadd_parts+0x28c>
     126:	a0 e7       	ldi	r26, 0x70	; 112
     128:	b0 e0       	ldi	r27, 0x00	; 0
     12a:	25 c1       	rjmp	.+586    	; 0x376 <_fpadd_parts+0x28c>
     12c:	84 30       	cpi	r24, 0x04	; 4
     12e:	09 f4       	brne	.+2      	; 0x132 <_fpadd_parts+0x48>
     130:	21 c1       	rjmp	.+578    	; 0x374 <_fpadd_parts+0x28a>
     132:	82 30       	cpi	r24, 0x02	; 2
     134:	a9 f4       	brne	.+42     	; 0x160 <_fpadd_parts+0x76>
     136:	92 30       	cpi	r25, 0x02	; 2
     138:	09 f0       	breq	.+2      	; 0x13c <_fpadd_parts+0x52>
     13a:	1d c1       	rjmp	.+570    	; 0x376 <_fpadd_parts+0x28c>
     13c:	9a 01       	movw	r18, r20
     13e:	ad 01       	movw	r20, r26
     140:	88 e0       	ldi	r24, 0x08	; 8
     142:	ea 01       	movw	r28, r20
     144:	09 90       	ld	r0, Y+
     146:	ae 01       	movw	r20, r28
     148:	e9 01       	movw	r28, r18
     14a:	09 92       	st	Y+, r0
     14c:	9e 01       	movw	r18, r28
     14e:	81 50       	subi	r24, 0x01	; 1
     150:	c1 f7       	brne	.-16     	; 0x142 <_fpadd_parts+0x58>
     152:	e2 01       	movw	r28, r4
     154:	89 81       	ldd	r24, Y+1	; 0x01
     156:	11 96       	adiw	r26, 0x01	; 1
     158:	9c 91       	ld	r25, X
     15a:	89 23       	and	r24, r25
     15c:	81 83       	std	Z+1, r24	; 0x01
     15e:	08 c1       	rjmp	.+528    	; 0x370 <_fpadd_parts+0x286>
     160:	92 30       	cpi	r25, 0x02	; 2
     162:	09 f4       	brne	.+2      	; 0x166 <_fpadd_parts+0x7c>
     164:	07 c1       	rjmp	.+526    	; 0x374 <_fpadd_parts+0x28a>
     166:	12 96       	adiw	r26, 0x02	; 2
     168:	2d 90       	ld	r2, X+
     16a:	3c 90       	ld	r3, X
     16c:	13 97       	sbiw	r26, 0x03	; 3
     16e:	eb 01       	movw	r28, r22
     170:	8a 81       	ldd	r24, Y+2	; 0x02
     172:	9b 81       	ldd	r25, Y+3	; 0x03
     174:	14 96       	adiw	r26, 0x04	; 4
     176:	ad 90       	ld	r10, X+
     178:	bd 90       	ld	r11, X+
     17a:	cd 90       	ld	r12, X+
     17c:	dc 90       	ld	r13, X
     17e:	17 97       	sbiw	r26, 0x07	; 7
     180:	ec 80       	ldd	r14, Y+4	; 0x04
     182:	fd 80       	ldd	r15, Y+5	; 0x05
     184:	0e 81       	ldd	r16, Y+6	; 0x06
     186:	1f 81       	ldd	r17, Y+7	; 0x07
     188:	91 01       	movw	r18, r2
     18a:	28 1b       	sub	r18, r24
     18c:	39 0b       	sbc	r19, r25
     18e:	b9 01       	movw	r22, r18
     190:	37 ff       	sbrs	r19, 7
     192:	04 c0       	rjmp	.+8      	; 0x19c <_fpadd_parts+0xb2>
     194:	66 27       	eor	r22, r22
     196:	77 27       	eor	r23, r23
     198:	62 1b       	sub	r22, r18
     19a:	73 0b       	sbc	r23, r19
     19c:	60 32       	cpi	r22, 0x20	; 32
     19e:	71 05       	cpc	r23, r1
     1a0:	0c f0       	brlt	.+2      	; 0x1a4 <_fpadd_parts+0xba>
     1a2:	61 c0       	rjmp	.+194    	; 0x266 <_fpadd_parts+0x17c>
     1a4:	12 16       	cp	r1, r18
     1a6:	13 06       	cpc	r1, r19
     1a8:	6c f5       	brge	.+90     	; 0x204 <_fpadd_parts+0x11a>
     1aa:	37 01       	movw	r6, r14
     1ac:	48 01       	movw	r8, r16
     1ae:	06 2e       	mov	r0, r22
     1b0:	04 c0       	rjmp	.+8      	; 0x1ba <_fpadd_parts+0xd0>
     1b2:	96 94       	lsr	r9
     1b4:	87 94       	ror	r8
     1b6:	77 94       	ror	r7
     1b8:	67 94       	ror	r6
     1ba:	0a 94       	dec	r0
     1bc:	d2 f7       	brpl	.-12     	; 0x1b2 <_fpadd_parts+0xc8>
     1be:	21 e0       	ldi	r18, 0x01	; 1
     1c0:	30 e0       	ldi	r19, 0x00	; 0
     1c2:	40 e0       	ldi	r20, 0x00	; 0
     1c4:	50 e0       	ldi	r21, 0x00	; 0
     1c6:	04 c0       	rjmp	.+8      	; 0x1d0 <_fpadd_parts+0xe6>
     1c8:	22 0f       	add	r18, r18
     1ca:	33 1f       	adc	r19, r19
     1cc:	44 1f       	adc	r20, r20
     1ce:	55 1f       	adc	r21, r21
     1d0:	6a 95       	dec	r22
     1d2:	d2 f7       	brpl	.-12     	; 0x1c8 <_fpadd_parts+0xde>
     1d4:	21 50       	subi	r18, 0x01	; 1
     1d6:	30 40       	sbci	r19, 0x00	; 0
     1d8:	40 40       	sbci	r20, 0x00	; 0
     1da:	50 40       	sbci	r21, 0x00	; 0
     1dc:	2e 21       	and	r18, r14
     1de:	3f 21       	and	r19, r15
     1e0:	40 23       	and	r20, r16
     1e2:	51 23       	and	r21, r17
     1e4:	21 15       	cp	r18, r1
     1e6:	31 05       	cpc	r19, r1
     1e8:	41 05       	cpc	r20, r1
     1ea:	51 05       	cpc	r21, r1
     1ec:	21 f0       	breq	.+8      	; 0x1f6 <_fpadd_parts+0x10c>
     1ee:	21 e0       	ldi	r18, 0x01	; 1
     1f0:	30 e0       	ldi	r19, 0x00	; 0
     1f2:	40 e0       	ldi	r20, 0x00	; 0
     1f4:	50 e0       	ldi	r21, 0x00	; 0
     1f6:	79 01       	movw	r14, r18
     1f8:	8a 01       	movw	r16, r20
     1fa:	e6 28       	or	r14, r6
     1fc:	f7 28       	or	r15, r7
     1fe:	08 29       	or	r16, r8
     200:	19 29       	or	r17, r9
     202:	3c c0       	rjmp	.+120    	; 0x27c <_fpadd_parts+0x192>
     204:	23 2b       	or	r18, r19
     206:	d1 f1       	breq	.+116    	; 0x27c <_fpadd_parts+0x192>
     208:	26 0e       	add	r2, r22
     20a:	37 1e       	adc	r3, r23
     20c:	35 01       	movw	r6, r10
     20e:	46 01       	movw	r8, r12
     210:	06 2e       	mov	r0, r22
     212:	04 c0       	rjmp	.+8      	; 0x21c <_fpadd_parts+0x132>
     214:	96 94       	lsr	r9
     216:	87 94       	ror	r8
     218:	77 94       	ror	r7
     21a:	67 94       	ror	r6
     21c:	0a 94       	dec	r0
     21e:	d2 f7       	brpl	.-12     	; 0x214 <_fpadd_parts+0x12a>
     220:	21 e0       	ldi	r18, 0x01	; 1
     222:	30 e0       	ldi	r19, 0x00	; 0
     224:	40 e0       	ldi	r20, 0x00	; 0
     226:	50 e0       	ldi	r21, 0x00	; 0
     228:	04 c0       	rjmp	.+8      	; 0x232 <_fpadd_parts+0x148>
     22a:	22 0f       	add	r18, r18
     22c:	33 1f       	adc	r19, r19
     22e:	44 1f       	adc	r20, r20
     230:	55 1f       	adc	r21, r21
     232:	6a 95       	dec	r22
     234:	d2 f7       	brpl	.-12     	; 0x22a <_fpadd_parts+0x140>
     236:	21 50       	subi	r18, 0x01	; 1
     238:	30 40       	sbci	r19, 0x00	; 0
     23a:	40 40       	sbci	r20, 0x00	; 0
     23c:	50 40       	sbci	r21, 0x00	; 0
     23e:	2a 21       	and	r18, r10
     240:	3b 21       	and	r19, r11
     242:	4c 21       	and	r20, r12
     244:	5d 21       	and	r21, r13
     246:	21 15       	cp	r18, r1
     248:	31 05       	cpc	r19, r1
     24a:	41 05       	cpc	r20, r1
     24c:	51 05       	cpc	r21, r1
     24e:	21 f0       	breq	.+8      	; 0x258 <_fpadd_parts+0x16e>
     250:	21 e0       	ldi	r18, 0x01	; 1
     252:	30 e0       	ldi	r19, 0x00	; 0
     254:	40 e0       	ldi	r20, 0x00	; 0
     256:	50 e0       	ldi	r21, 0x00	; 0
     258:	59 01       	movw	r10, r18
     25a:	6a 01       	movw	r12, r20
     25c:	a6 28       	or	r10, r6
     25e:	b7 28       	or	r11, r7
     260:	c8 28       	or	r12, r8
     262:	d9 28       	or	r13, r9
     264:	0b c0       	rjmp	.+22     	; 0x27c <_fpadd_parts+0x192>
     266:	82 15       	cp	r24, r2
     268:	93 05       	cpc	r25, r3
     26a:	2c f0       	brlt	.+10     	; 0x276 <_fpadd_parts+0x18c>
     26c:	1c 01       	movw	r2, r24
     26e:	aa 24       	eor	r10, r10
     270:	bb 24       	eor	r11, r11
     272:	65 01       	movw	r12, r10
     274:	03 c0       	rjmp	.+6      	; 0x27c <_fpadd_parts+0x192>
     276:	ee 24       	eor	r14, r14
     278:	ff 24       	eor	r15, r15
     27a:	87 01       	movw	r16, r14
     27c:	11 96       	adiw	r26, 0x01	; 1
     27e:	9c 91       	ld	r25, X
     280:	d2 01       	movw	r26, r4
     282:	11 96       	adiw	r26, 0x01	; 1
     284:	8c 91       	ld	r24, X
     286:	98 17       	cp	r25, r24
     288:	09 f4       	brne	.+2      	; 0x28c <_fpadd_parts+0x1a2>
     28a:	45 c0       	rjmp	.+138    	; 0x316 <_fpadd_parts+0x22c>
     28c:	99 23       	and	r25, r25
     28e:	39 f0       	breq	.+14     	; 0x29e <_fpadd_parts+0x1b4>
     290:	a8 01       	movw	r20, r16
     292:	97 01       	movw	r18, r14
     294:	2a 19       	sub	r18, r10
     296:	3b 09       	sbc	r19, r11
     298:	4c 09       	sbc	r20, r12
     29a:	5d 09       	sbc	r21, r13
     29c:	06 c0       	rjmp	.+12     	; 0x2aa <_fpadd_parts+0x1c0>
     29e:	a6 01       	movw	r20, r12
     2a0:	95 01       	movw	r18, r10
     2a2:	2e 19       	sub	r18, r14
     2a4:	3f 09       	sbc	r19, r15
     2a6:	40 0b       	sbc	r20, r16
     2a8:	51 0b       	sbc	r21, r17
     2aa:	57 fd       	sbrc	r21, 7
     2ac:	08 c0       	rjmp	.+16     	; 0x2be <_fpadd_parts+0x1d4>
     2ae:	11 82       	std	Z+1, r1	; 0x01
     2b0:	33 82       	std	Z+3, r3	; 0x03
     2b2:	22 82       	std	Z+2, r2	; 0x02
     2b4:	24 83       	std	Z+4, r18	; 0x04
     2b6:	35 83       	std	Z+5, r19	; 0x05
     2b8:	46 83       	std	Z+6, r20	; 0x06
     2ba:	57 83       	std	Z+7, r21	; 0x07
     2bc:	1d c0       	rjmp	.+58     	; 0x2f8 <_fpadd_parts+0x20e>
     2be:	81 e0       	ldi	r24, 0x01	; 1
     2c0:	81 83       	std	Z+1, r24	; 0x01
     2c2:	33 82       	std	Z+3, r3	; 0x03
     2c4:	22 82       	std	Z+2, r2	; 0x02
     2c6:	88 27       	eor	r24, r24
     2c8:	99 27       	eor	r25, r25
     2ca:	dc 01       	movw	r26, r24
     2cc:	82 1b       	sub	r24, r18
     2ce:	93 0b       	sbc	r25, r19
     2d0:	a4 0b       	sbc	r26, r20
     2d2:	b5 0b       	sbc	r27, r21
     2d4:	84 83       	std	Z+4, r24	; 0x04
     2d6:	95 83       	std	Z+5, r25	; 0x05
     2d8:	a6 83       	std	Z+6, r26	; 0x06
     2da:	b7 83       	std	Z+7, r27	; 0x07
     2dc:	0d c0       	rjmp	.+26     	; 0x2f8 <_fpadd_parts+0x20e>
     2de:	22 0f       	add	r18, r18
     2e0:	33 1f       	adc	r19, r19
     2e2:	44 1f       	adc	r20, r20
     2e4:	55 1f       	adc	r21, r21
     2e6:	24 83       	std	Z+4, r18	; 0x04
     2e8:	35 83       	std	Z+5, r19	; 0x05
     2ea:	46 83       	std	Z+6, r20	; 0x06
     2ec:	57 83       	std	Z+7, r21	; 0x07
     2ee:	82 81       	ldd	r24, Z+2	; 0x02
     2f0:	93 81       	ldd	r25, Z+3	; 0x03
     2f2:	01 97       	sbiw	r24, 0x01	; 1
     2f4:	93 83       	std	Z+3, r25	; 0x03
     2f6:	82 83       	std	Z+2, r24	; 0x02
     2f8:	24 81       	ldd	r18, Z+4	; 0x04
     2fa:	35 81       	ldd	r19, Z+5	; 0x05
     2fc:	46 81       	ldd	r20, Z+6	; 0x06
     2fe:	57 81       	ldd	r21, Z+7	; 0x07
     300:	da 01       	movw	r26, r20
     302:	c9 01       	movw	r24, r18
     304:	01 97       	sbiw	r24, 0x01	; 1
     306:	a1 09       	sbc	r26, r1
     308:	b1 09       	sbc	r27, r1
     30a:	8f 5f       	subi	r24, 0xFF	; 255
     30c:	9f 4f       	sbci	r25, 0xFF	; 255
     30e:	af 4f       	sbci	r26, 0xFF	; 255
     310:	bf 43       	sbci	r27, 0x3F	; 63
     312:	28 f3       	brcs	.-54     	; 0x2de <_fpadd_parts+0x1f4>
     314:	0b c0       	rjmp	.+22     	; 0x32c <_fpadd_parts+0x242>
     316:	91 83       	std	Z+1, r25	; 0x01
     318:	33 82       	std	Z+3, r3	; 0x03
     31a:	22 82       	std	Z+2, r2	; 0x02
     31c:	ea 0c       	add	r14, r10
     31e:	fb 1c       	adc	r15, r11
     320:	0c 1d       	adc	r16, r12
     322:	1d 1d       	adc	r17, r13
     324:	e4 82       	std	Z+4, r14	; 0x04
     326:	f5 82       	std	Z+5, r15	; 0x05
     328:	06 83       	std	Z+6, r16	; 0x06
     32a:	17 83       	std	Z+7, r17	; 0x07
     32c:	83 e0       	ldi	r24, 0x03	; 3
     32e:	80 83       	st	Z, r24
     330:	24 81       	ldd	r18, Z+4	; 0x04
     332:	35 81       	ldd	r19, Z+5	; 0x05
     334:	46 81       	ldd	r20, Z+6	; 0x06
     336:	57 81       	ldd	r21, Z+7	; 0x07
     338:	57 ff       	sbrs	r21, 7
     33a:	1a c0       	rjmp	.+52     	; 0x370 <_fpadd_parts+0x286>
     33c:	c9 01       	movw	r24, r18
     33e:	aa 27       	eor	r26, r26
     340:	97 fd       	sbrc	r25, 7
     342:	a0 95       	com	r26
     344:	ba 2f       	mov	r27, r26
     346:	81 70       	andi	r24, 0x01	; 1
     348:	90 70       	andi	r25, 0x00	; 0
     34a:	a0 70       	andi	r26, 0x00	; 0
     34c:	b0 70       	andi	r27, 0x00	; 0
     34e:	56 95       	lsr	r21
     350:	47 95       	ror	r20
     352:	37 95       	ror	r19
     354:	27 95       	ror	r18
     356:	82 2b       	or	r24, r18
     358:	93 2b       	or	r25, r19
     35a:	a4 2b       	or	r26, r20
     35c:	b5 2b       	or	r27, r21
     35e:	84 83       	std	Z+4, r24	; 0x04
     360:	95 83       	std	Z+5, r25	; 0x05
     362:	a6 83       	std	Z+6, r26	; 0x06
     364:	b7 83       	std	Z+7, r27	; 0x07
     366:	82 81       	ldd	r24, Z+2	; 0x02
     368:	93 81       	ldd	r25, Z+3	; 0x03
     36a:	01 96       	adiw	r24, 0x01	; 1
     36c:	93 83       	std	Z+3, r25	; 0x03
     36e:	82 83       	std	Z+2, r24	; 0x02
     370:	df 01       	movw	r26, r30
     372:	01 c0       	rjmp	.+2      	; 0x376 <_fpadd_parts+0x28c>
     374:	d2 01       	movw	r26, r4
     376:	cd 01       	movw	r24, r26
     378:	cd b7       	in	r28, 0x3d	; 61
     37a:	de b7       	in	r29, 0x3e	; 62
     37c:	e2 e1       	ldi	r30, 0x12	; 18
     37e:	0c 94 a4 12 	jmp	0x2548	; 0x2548 <__epilogue_restores__>

00000382 <__subsf3>:
     382:	a0 e2       	ldi	r26, 0x20	; 32
     384:	b0 e0       	ldi	r27, 0x00	; 0
     386:	e7 ec       	ldi	r30, 0xC7	; 199
     388:	f1 e0       	ldi	r31, 0x01	; 1
     38a:	0c 94 94 12 	jmp	0x2528	; 0x2528 <__prologue_saves__+0x18>
     38e:	69 83       	std	Y+1, r22	; 0x01
     390:	7a 83       	std	Y+2, r23	; 0x02
     392:	8b 83       	std	Y+3, r24	; 0x03
     394:	9c 83       	std	Y+4, r25	; 0x04
     396:	2d 83       	std	Y+5, r18	; 0x05
     398:	3e 83       	std	Y+6, r19	; 0x06
     39a:	4f 83       	std	Y+7, r20	; 0x07
     39c:	58 87       	std	Y+8, r21	; 0x08
     39e:	e9 e0       	ldi	r30, 0x09	; 9
     3a0:	ee 2e       	mov	r14, r30
     3a2:	f1 2c       	mov	r15, r1
     3a4:	ec 0e       	add	r14, r28
     3a6:	fd 1e       	adc	r15, r29
     3a8:	ce 01       	movw	r24, r28
     3aa:	01 96       	adiw	r24, 0x01	; 1
     3ac:	b7 01       	movw	r22, r14
     3ae:	0e 94 46 06 	call	0xc8c	; 0xc8c <__unpack_f>
     3b2:	8e 01       	movw	r16, r28
     3b4:	0f 5e       	subi	r16, 0xEF	; 239
     3b6:	1f 4f       	sbci	r17, 0xFF	; 255
     3b8:	ce 01       	movw	r24, r28
     3ba:	05 96       	adiw	r24, 0x05	; 5
     3bc:	b8 01       	movw	r22, r16
     3be:	0e 94 46 06 	call	0xc8c	; 0xc8c <__unpack_f>
     3c2:	8a 89       	ldd	r24, Y+18	; 0x12
     3c4:	91 e0       	ldi	r25, 0x01	; 1
     3c6:	89 27       	eor	r24, r25
     3c8:	8a 8b       	std	Y+18, r24	; 0x12
     3ca:	c7 01       	movw	r24, r14
     3cc:	b8 01       	movw	r22, r16
     3ce:	ae 01       	movw	r20, r28
     3d0:	47 5e       	subi	r20, 0xE7	; 231
     3d2:	5f 4f       	sbci	r21, 0xFF	; 255
     3d4:	0e 94 75 00 	call	0xea	; 0xea <_fpadd_parts>
     3d8:	0e 94 71 05 	call	0xae2	; 0xae2 <__pack_f>
     3dc:	a0 96       	adiw	r28, 0x20	; 32
     3de:	e6 e0       	ldi	r30, 0x06	; 6
     3e0:	0c 94 b0 12 	jmp	0x2560	; 0x2560 <__epilogue_restores__+0x18>

000003e4 <__addsf3>:
     3e4:	a0 e2       	ldi	r26, 0x20	; 32
     3e6:	b0 e0       	ldi	r27, 0x00	; 0
     3e8:	e8 ef       	ldi	r30, 0xF8	; 248
     3ea:	f1 e0       	ldi	r31, 0x01	; 1
     3ec:	0c 94 94 12 	jmp	0x2528	; 0x2528 <__prologue_saves__+0x18>
     3f0:	69 83       	std	Y+1, r22	; 0x01
     3f2:	7a 83       	std	Y+2, r23	; 0x02
     3f4:	8b 83       	std	Y+3, r24	; 0x03
     3f6:	9c 83       	std	Y+4, r25	; 0x04
     3f8:	2d 83       	std	Y+5, r18	; 0x05
     3fa:	3e 83       	std	Y+6, r19	; 0x06
     3fc:	4f 83       	std	Y+7, r20	; 0x07
     3fe:	58 87       	std	Y+8, r21	; 0x08
     400:	f9 e0       	ldi	r31, 0x09	; 9
     402:	ef 2e       	mov	r14, r31
     404:	f1 2c       	mov	r15, r1
     406:	ec 0e       	add	r14, r28
     408:	fd 1e       	adc	r15, r29
     40a:	ce 01       	movw	r24, r28
     40c:	01 96       	adiw	r24, 0x01	; 1
     40e:	b7 01       	movw	r22, r14
     410:	0e 94 46 06 	call	0xc8c	; 0xc8c <__unpack_f>
     414:	8e 01       	movw	r16, r28
     416:	0f 5e       	subi	r16, 0xEF	; 239
     418:	1f 4f       	sbci	r17, 0xFF	; 255
     41a:	ce 01       	movw	r24, r28
     41c:	05 96       	adiw	r24, 0x05	; 5
     41e:	b8 01       	movw	r22, r16
     420:	0e 94 46 06 	call	0xc8c	; 0xc8c <__unpack_f>
     424:	c7 01       	movw	r24, r14
     426:	b8 01       	movw	r22, r16
     428:	ae 01       	movw	r20, r28
     42a:	47 5e       	subi	r20, 0xE7	; 231
     42c:	5f 4f       	sbci	r21, 0xFF	; 255
     42e:	0e 94 75 00 	call	0xea	; 0xea <_fpadd_parts>
     432:	0e 94 71 05 	call	0xae2	; 0xae2 <__pack_f>
     436:	a0 96       	adiw	r28, 0x20	; 32
     438:	e6 e0       	ldi	r30, 0x06	; 6
     43a:	0c 94 b0 12 	jmp	0x2560	; 0x2560 <__epilogue_restores__+0x18>

0000043e <__mulsf3>:
     43e:	a0 e2       	ldi	r26, 0x20	; 32
     440:	b0 e0       	ldi	r27, 0x00	; 0
     442:	e5 e2       	ldi	r30, 0x25	; 37
     444:	f2 e0       	ldi	r31, 0x02	; 2
     446:	0c 94 88 12 	jmp	0x2510	; 0x2510 <__prologue_saves__>
     44a:	69 83       	std	Y+1, r22	; 0x01
     44c:	7a 83       	std	Y+2, r23	; 0x02
     44e:	8b 83       	std	Y+3, r24	; 0x03
     450:	9c 83       	std	Y+4, r25	; 0x04
     452:	2d 83       	std	Y+5, r18	; 0x05
     454:	3e 83       	std	Y+6, r19	; 0x06
     456:	4f 83       	std	Y+7, r20	; 0x07
     458:	58 87       	std	Y+8, r21	; 0x08
     45a:	ce 01       	movw	r24, r28
     45c:	01 96       	adiw	r24, 0x01	; 1
     45e:	be 01       	movw	r22, r28
     460:	67 5f       	subi	r22, 0xF7	; 247
     462:	7f 4f       	sbci	r23, 0xFF	; 255
     464:	0e 94 46 06 	call	0xc8c	; 0xc8c <__unpack_f>
     468:	ce 01       	movw	r24, r28
     46a:	05 96       	adiw	r24, 0x05	; 5
     46c:	be 01       	movw	r22, r28
     46e:	6f 5e       	subi	r22, 0xEF	; 239
     470:	7f 4f       	sbci	r23, 0xFF	; 255
     472:	0e 94 46 06 	call	0xc8c	; 0xc8c <__unpack_f>
     476:	99 85       	ldd	r25, Y+9	; 0x09
     478:	92 30       	cpi	r25, 0x02	; 2
     47a:	88 f0       	brcs	.+34     	; 0x49e <__mulsf3+0x60>
     47c:	89 89       	ldd	r24, Y+17	; 0x11
     47e:	82 30       	cpi	r24, 0x02	; 2
     480:	c8 f0       	brcs	.+50     	; 0x4b4 <__mulsf3+0x76>
     482:	94 30       	cpi	r25, 0x04	; 4
     484:	19 f4       	brne	.+6      	; 0x48c <__mulsf3+0x4e>
     486:	82 30       	cpi	r24, 0x02	; 2
     488:	51 f4       	brne	.+20     	; 0x49e <__mulsf3+0x60>
     48a:	04 c0       	rjmp	.+8      	; 0x494 <__mulsf3+0x56>
     48c:	84 30       	cpi	r24, 0x04	; 4
     48e:	29 f4       	brne	.+10     	; 0x49a <__mulsf3+0x5c>
     490:	92 30       	cpi	r25, 0x02	; 2
     492:	81 f4       	brne	.+32     	; 0x4b4 <__mulsf3+0x76>
     494:	80 e7       	ldi	r24, 0x70	; 112
     496:	90 e0       	ldi	r25, 0x00	; 0
     498:	c6 c0       	rjmp	.+396    	; 0x626 <__mulsf3+0x1e8>
     49a:	92 30       	cpi	r25, 0x02	; 2
     49c:	49 f4       	brne	.+18     	; 0x4b0 <__mulsf3+0x72>
     49e:	20 e0       	ldi	r18, 0x00	; 0
     4a0:	9a 85       	ldd	r25, Y+10	; 0x0a
     4a2:	8a 89       	ldd	r24, Y+18	; 0x12
     4a4:	98 13       	cpse	r25, r24
     4a6:	21 e0       	ldi	r18, 0x01	; 1
     4a8:	2a 87       	std	Y+10, r18	; 0x0a
     4aa:	ce 01       	movw	r24, r28
     4ac:	09 96       	adiw	r24, 0x09	; 9
     4ae:	bb c0       	rjmp	.+374    	; 0x626 <__mulsf3+0x1e8>
     4b0:	82 30       	cpi	r24, 0x02	; 2
     4b2:	49 f4       	brne	.+18     	; 0x4c6 <__mulsf3+0x88>
     4b4:	20 e0       	ldi	r18, 0x00	; 0
     4b6:	9a 85       	ldd	r25, Y+10	; 0x0a
     4b8:	8a 89       	ldd	r24, Y+18	; 0x12
     4ba:	98 13       	cpse	r25, r24
     4bc:	21 e0       	ldi	r18, 0x01	; 1
     4be:	2a 8b       	std	Y+18, r18	; 0x12
     4c0:	ce 01       	movw	r24, r28
     4c2:	41 96       	adiw	r24, 0x11	; 17
     4c4:	b0 c0       	rjmp	.+352    	; 0x626 <__mulsf3+0x1e8>
     4c6:	2d 84       	ldd	r2, Y+13	; 0x0d
     4c8:	3e 84       	ldd	r3, Y+14	; 0x0e
     4ca:	4f 84       	ldd	r4, Y+15	; 0x0f
     4cc:	58 88       	ldd	r5, Y+16	; 0x10
     4ce:	6d 88       	ldd	r6, Y+21	; 0x15
     4d0:	7e 88       	ldd	r7, Y+22	; 0x16
     4d2:	8f 88       	ldd	r8, Y+23	; 0x17
     4d4:	98 8c       	ldd	r9, Y+24	; 0x18
     4d6:	ee 24       	eor	r14, r14
     4d8:	ff 24       	eor	r15, r15
     4da:	87 01       	movw	r16, r14
     4dc:	aa 24       	eor	r10, r10
     4de:	bb 24       	eor	r11, r11
     4e0:	65 01       	movw	r12, r10
     4e2:	40 e0       	ldi	r20, 0x00	; 0
     4e4:	50 e0       	ldi	r21, 0x00	; 0
     4e6:	60 e0       	ldi	r22, 0x00	; 0
     4e8:	70 e0       	ldi	r23, 0x00	; 0
     4ea:	e0 e0       	ldi	r30, 0x00	; 0
     4ec:	f0 e0       	ldi	r31, 0x00	; 0
     4ee:	c1 01       	movw	r24, r2
     4f0:	81 70       	andi	r24, 0x01	; 1
     4f2:	90 70       	andi	r25, 0x00	; 0
     4f4:	89 2b       	or	r24, r25
     4f6:	e9 f0       	breq	.+58     	; 0x532 <__mulsf3+0xf4>
     4f8:	e6 0c       	add	r14, r6
     4fa:	f7 1c       	adc	r15, r7
     4fc:	08 1d       	adc	r16, r8
     4fe:	19 1d       	adc	r17, r9
     500:	9a 01       	movw	r18, r20
     502:	ab 01       	movw	r20, r22
     504:	2a 0d       	add	r18, r10
     506:	3b 1d       	adc	r19, r11
     508:	4c 1d       	adc	r20, r12
     50a:	5d 1d       	adc	r21, r13
     50c:	80 e0       	ldi	r24, 0x00	; 0
     50e:	90 e0       	ldi	r25, 0x00	; 0
     510:	a0 e0       	ldi	r26, 0x00	; 0
     512:	b0 e0       	ldi	r27, 0x00	; 0
     514:	e6 14       	cp	r14, r6
     516:	f7 04       	cpc	r15, r7
     518:	08 05       	cpc	r16, r8
     51a:	19 05       	cpc	r17, r9
     51c:	20 f4       	brcc	.+8      	; 0x526 <__mulsf3+0xe8>
     51e:	81 e0       	ldi	r24, 0x01	; 1
     520:	90 e0       	ldi	r25, 0x00	; 0
     522:	a0 e0       	ldi	r26, 0x00	; 0
     524:	b0 e0       	ldi	r27, 0x00	; 0
     526:	ba 01       	movw	r22, r20
     528:	a9 01       	movw	r20, r18
     52a:	48 0f       	add	r20, r24
     52c:	59 1f       	adc	r21, r25
     52e:	6a 1f       	adc	r22, r26
     530:	7b 1f       	adc	r23, r27
     532:	aa 0c       	add	r10, r10
     534:	bb 1c       	adc	r11, r11
     536:	cc 1c       	adc	r12, r12
     538:	dd 1c       	adc	r13, r13
     53a:	97 fe       	sbrs	r9, 7
     53c:	08 c0       	rjmp	.+16     	; 0x54e <__mulsf3+0x110>
     53e:	81 e0       	ldi	r24, 0x01	; 1
     540:	90 e0       	ldi	r25, 0x00	; 0
     542:	a0 e0       	ldi	r26, 0x00	; 0
     544:	b0 e0       	ldi	r27, 0x00	; 0
     546:	a8 2a       	or	r10, r24
     548:	b9 2a       	or	r11, r25
     54a:	ca 2a       	or	r12, r26
     54c:	db 2a       	or	r13, r27
     54e:	31 96       	adiw	r30, 0x01	; 1
     550:	e0 32       	cpi	r30, 0x20	; 32
     552:	f1 05       	cpc	r31, r1
     554:	49 f0       	breq	.+18     	; 0x568 <__mulsf3+0x12a>
     556:	66 0c       	add	r6, r6
     558:	77 1c       	adc	r7, r7
     55a:	88 1c       	adc	r8, r8
     55c:	99 1c       	adc	r9, r9
     55e:	56 94       	lsr	r5
     560:	47 94       	ror	r4
     562:	37 94       	ror	r3
     564:	27 94       	ror	r2
     566:	c3 cf       	rjmp	.-122    	; 0x4ee <__mulsf3+0xb0>
     568:	fa 85       	ldd	r31, Y+10	; 0x0a
     56a:	ea 89       	ldd	r30, Y+18	; 0x12
     56c:	2b 89       	ldd	r18, Y+19	; 0x13
     56e:	3c 89       	ldd	r19, Y+20	; 0x14
     570:	8b 85       	ldd	r24, Y+11	; 0x0b
     572:	9c 85       	ldd	r25, Y+12	; 0x0c
     574:	28 0f       	add	r18, r24
     576:	39 1f       	adc	r19, r25
     578:	2e 5f       	subi	r18, 0xFE	; 254
     57a:	3f 4f       	sbci	r19, 0xFF	; 255
     57c:	17 c0       	rjmp	.+46     	; 0x5ac <__mulsf3+0x16e>
     57e:	ca 01       	movw	r24, r20
     580:	81 70       	andi	r24, 0x01	; 1
     582:	90 70       	andi	r25, 0x00	; 0
     584:	89 2b       	or	r24, r25
     586:	61 f0       	breq	.+24     	; 0x5a0 <__mulsf3+0x162>
     588:	16 95       	lsr	r17
     58a:	07 95       	ror	r16
     58c:	f7 94       	ror	r15
     58e:	e7 94       	ror	r14
     590:	80 e0       	ldi	r24, 0x00	; 0
     592:	90 e0       	ldi	r25, 0x00	; 0
     594:	a0 e0       	ldi	r26, 0x00	; 0
     596:	b0 e8       	ldi	r27, 0x80	; 128
     598:	e8 2a       	or	r14, r24
     59a:	f9 2a       	or	r15, r25
     59c:	0a 2b       	or	r16, r26
     59e:	1b 2b       	or	r17, r27
     5a0:	76 95       	lsr	r23
     5a2:	67 95       	ror	r22
     5a4:	57 95       	ror	r21
     5a6:	47 95       	ror	r20
     5a8:	2f 5f       	subi	r18, 0xFF	; 255
     5aa:	3f 4f       	sbci	r19, 0xFF	; 255
     5ac:	77 fd       	sbrc	r23, 7
     5ae:	e7 cf       	rjmp	.-50     	; 0x57e <__mulsf3+0x140>
     5b0:	0c c0       	rjmp	.+24     	; 0x5ca <__mulsf3+0x18c>
     5b2:	44 0f       	add	r20, r20
     5b4:	55 1f       	adc	r21, r21
     5b6:	66 1f       	adc	r22, r22
     5b8:	77 1f       	adc	r23, r23
     5ba:	17 fd       	sbrc	r17, 7
     5bc:	41 60       	ori	r20, 0x01	; 1
     5be:	ee 0c       	add	r14, r14
     5c0:	ff 1c       	adc	r15, r15
     5c2:	00 1f       	adc	r16, r16
     5c4:	11 1f       	adc	r17, r17
     5c6:	21 50       	subi	r18, 0x01	; 1
     5c8:	30 40       	sbci	r19, 0x00	; 0
     5ca:	40 30       	cpi	r20, 0x00	; 0
     5cc:	90 e0       	ldi	r25, 0x00	; 0
     5ce:	59 07       	cpc	r21, r25
     5d0:	90 e0       	ldi	r25, 0x00	; 0
     5d2:	69 07       	cpc	r22, r25
     5d4:	90 e4       	ldi	r25, 0x40	; 64
     5d6:	79 07       	cpc	r23, r25
     5d8:	60 f3       	brcs	.-40     	; 0x5b2 <__mulsf3+0x174>
     5da:	2b 8f       	std	Y+27, r18	; 0x1b
     5dc:	3c 8f       	std	Y+28, r19	; 0x1c
     5de:	db 01       	movw	r26, r22
     5e0:	ca 01       	movw	r24, r20
     5e2:	8f 77       	andi	r24, 0x7F	; 127
     5e4:	90 70       	andi	r25, 0x00	; 0
     5e6:	a0 70       	andi	r26, 0x00	; 0
     5e8:	b0 70       	andi	r27, 0x00	; 0
     5ea:	80 34       	cpi	r24, 0x40	; 64
     5ec:	91 05       	cpc	r25, r1
     5ee:	a1 05       	cpc	r26, r1
     5f0:	b1 05       	cpc	r27, r1
     5f2:	61 f4       	brne	.+24     	; 0x60c <__mulsf3+0x1ce>
     5f4:	47 fd       	sbrc	r20, 7
     5f6:	0a c0       	rjmp	.+20     	; 0x60c <__mulsf3+0x1ce>
     5f8:	e1 14       	cp	r14, r1
     5fa:	f1 04       	cpc	r15, r1
     5fc:	01 05       	cpc	r16, r1
     5fe:	11 05       	cpc	r17, r1
     600:	29 f0       	breq	.+10     	; 0x60c <__mulsf3+0x1ce>
     602:	40 5c       	subi	r20, 0xC0	; 192
     604:	5f 4f       	sbci	r21, 0xFF	; 255
     606:	6f 4f       	sbci	r22, 0xFF	; 255
     608:	7f 4f       	sbci	r23, 0xFF	; 255
     60a:	40 78       	andi	r20, 0x80	; 128
     60c:	1a 8e       	std	Y+26, r1	; 0x1a
     60e:	fe 17       	cp	r31, r30
     610:	11 f0       	breq	.+4      	; 0x616 <__mulsf3+0x1d8>
     612:	81 e0       	ldi	r24, 0x01	; 1
     614:	8a 8f       	std	Y+26, r24	; 0x1a
     616:	4d 8f       	std	Y+29, r20	; 0x1d
     618:	5e 8f       	std	Y+30, r21	; 0x1e
     61a:	6f 8f       	std	Y+31, r22	; 0x1f
     61c:	78 a3       	std	Y+32, r23	; 0x20
     61e:	83 e0       	ldi	r24, 0x03	; 3
     620:	89 8f       	std	Y+25, r24	; 0x19
     622:	ce 01       	movw	r24, r28
     624:	49 96       	adiw	r24, 0x19	; 25
     626:	0e 94 71 05 	call	0xae2	; 0xae2 <__pack_f>
     62a:	a0 96       	adiw	r28, 0x20	; 32
     62c:	e2 e1       	ldi	r30, 0x12	; 18
     62e:	0c 94 a4 12 	jmp	0x2548	; 0x2548 <__epilogue_restores__>

00000632 <__divsf3>:
     632:	a8 e1       	ldi	r26, 0x18	; 24
     634:	b0 e0       	ldi	r27, 0x00	; 0
     636:	ef e1       	ldi	r30, 0x1F	; 31
     638:	f3 e0       	ldi	r31, 0x03	; 3
     63a:	0c 94 90 12 	jmp	0x2520	; 0x2520 <__prologue_saves__+0x10>
     63e:	69 83       	std	Y+1, r22	; 0x01
     640:	7a 83       	std	Y+2, r23	; 0x02
     642:	8b 83       	std	Y+3, r24	; 0x03
     644:	9c 83       	std	Y+4, r25	; 0x04
     646:	2d 83       	std	Y+5, r18	; 0x05
     648:	3e 83       	std	Y+6, r19	; 0x06
     64a:	4f 83       	std	Y+7, r20	; 0x07
     64c:	58 87       	std	Y+8, r21	; 0x08
     64e:	b9 e0       	ldi	r27, 0x09	; 9
     650:	eb 2e       	mov	r14, r27
     652:	f1 2c       	mov	r15, r1
     654:	ec 0e       	add	r14, r28
     656:	fd 1e       	adc	r15, r29
     658:	ce 01       	movw	r24, r28
     65a:	01 96       	adiw	r24, 0x01	; 1
     65c:	b7 01       	movw	r22, r14
     65e:	0e 94 46 06 	call	0xc8c	; 0xc8c <__unpack_f>
     662:	8e 01       	movw	r16, r28
     664:	0f 5e       	subi	r16, 0xEF	; 239
     666:	1f 4f       	sbci	r17, 0xFF	; 255
     668:	ce 01       	movw	r24, r28
     66a:	05 96       	adiw	r24, 0x05	; 5
     66c:	b8 01       	movw	r22, r16
     66e:	0e 94 46 06 	call	0xc8c	; 0xc8c <__unpack_f>
     672:	29 85       	ldd	r18, Y+9	; 0x09
     674:	22 30       	cpi	r18, 0x02	; 2
     676:	08 f4       	brcc	.+2      	; 0x67a <__divsf3+0x48>
     678:	7e c0       	rjmp	.+252    	; 0x776 <__divsf3+0x144>
     67a:	39 89       	ldd	r19, Y+17	; 0x11
     67c:	32 30       	cpi	r19, 0x02	; 2
     67e:	10 f4       	brcc	.+4      	; 0x684 <__divsf3+0x52>
     680:	b8 01       	movw	r22, r16
     682:	7c c0       	rjmp	.+248    	; 0x77c <__divsf3+0x14a>
     684:	8a 85       	ldd	r24, Y+10	; 0x0a
     686:	9a 89       	ldd	r25, Y+18	; 0x12
     688:	89 27       	eor	r24, r25
     68a:	8a 87       	std	Y+10, r24	; 0x0a
     68c:	24 30       	cpi	r18, 0x04	; 4
     68e:	11 f0       	breq	.+4      	; 0x694 <__divsf3+0x62>
     690:	22 30       	cpi	r18, 0x02	; 2
     692:	31 f4       	brne	.+12     	; 0x6a0 <__divsf3+0x6e>
     694:	23 17       	cp	r18, r19
     696:	09 f0       	breq	.+2      	; 0x69a <__divsf3+0x68>
     698:	6e c0       	rjmp	.+220    	; 0x776 <__divsf3+0x144>
     69a:	60 e7       	ldi	r22, 0x70	; 112
     69c:	70 e0       	ldi	r23, 0x00	; 0
     69e:	6e c0       	rjmp	.+220    	; 0x77c <__divsf3+0x14a>
     6a0:	34 30       	cpi	r19, 0x04	; 4
     6a2:	39 f4       	brne	.+14     	; 0x6b2 <__divsf3+0x80>
     6a4:	1d 86       	std	Y+13, r1	; 0x0d
     6a6:	1e 86       	std	Y+14, r1	; 0x0e
     6a8:	1f 86       	std	Y+15, r1	; 0x0f
     6aa:	18 8a       	std	Y+16, r1	; 0x10
     6ac:	1c 86       	std	Y+12, r1	; 0x0c
     6ae:	1b 86       	std	Y+11, r1	; 0x0b
     6b0:	04 c0       	rjmp	.+8      	; 0x6ba <__divsf3+0x88>
     6b2:	32 30       	cpi	r19, 0x02	; 2
     6b4:	21 f4       	brne	.+8      	; 0x6be <__divsf3+0x8c>
     6b6:	84 e0       	ldi	r24, 0x04	; 4
     6b8:	89 87       	std	Y+9, r24	; 0x09
     6ba:	b7 01       	movw	r22, r14
     6bc:	5f c0       	rjmp	.+190    	; 0x77c <__divsf3+0x14a>
     6be:	2b 85       	ldd	r18, Y+11	; 0x0b
     6c0:	3c 85       	ldd	r19, Y+12	; 0x0c
     6c2:	8b 89       	ldd	r24, Y+19	; 0x13
     6c4:	9c 89       	ldd	r25, Y+20	; 0x14
     6c6:	28 1b       	sub	r18, r24
     6c8:	39 0b       	sbc	r19, r25
     6ca:	3c 87       	std	Y+12, r19	; 0x0c
     6cc:	2b 87       	std	Y+11, r18	; 0x0b
     6ce:	ed 84       	ldd	r14, Y+13	; 0x0d
     6d0:	fe 84       	ldd	r15, Y+14	; 0x0e
     6d2:	0f 85       	ldd	r16, Y+15	; 0x0f
     6d4:	18 89       	ldd	r17, Y+16	; 0x10
     6d6:	ad 88       	ldd	r10, Y+21	; 0x15
     6d8:	be 88       	ldd	r11, Y+22	; 0x16
     6da:	cf 88       	ldd	r12, Y+23	; 0x17
     6dc:	d8 8c       	ldd	r13, Y+24	; 0x18
     6de:	ea 14       	cp	r14, r10
     6e0:	fb 04       	cpc	r15, r11
     6e2:	0c 05       	cpc	r16, r12
     6e4:	1d 05       	cpc	r17, r13
     6e6:	40 f4       	brcc	.+16     	; 0x6f8 <__divsf3+0xc6>
     6e8:	ee 0c       	add	r14, r14
     6ea:	ff 1c       	adc	r15, r15
     6ec:	00 1f       	adc	r16, r16
     6ee:	11 1f       	adc	r17, r17
     6f0:	21 50       	subi	r18, 0x01	; 1
     6f2:	30 40       	sbci	r19, 0x00	; 0
     6f4:	3c 87       	std	Y+12, r19	; 0x0c
     6f6:	2b 87       	std	Y+11, r18	; 0x0b
     6f8:	20 e0       	ldi	r18, 0x00	; 0
     6fa:	30 e0       	ldi	r19, 0x00	; 0
     6fc:	40 e0       	ldi	r20, 0x00	; 0
     6fe:	50 e0       	ldi	r21, 0x00	; 0
     700:	80 e0       	ldi	r24, 0x00	; 0
     702:	90 e0       	ldi	r25, 0x00	; 0
     704:	a0 e0       	ldi	r26, 0x00	; 0
     706:	b0 e4       	ldi	r27, 0x40	; 64
     708:	60 e0       	ldi	r22, 0x00	; 0
     70a:	70 e0       	ldi	r23, 0x00	; 0
     70c:	ea 14       	cp	r14, r10
     70e:	fb 04       	cpc	r15, r11
     710:	0c 05       	cpc	r16, r12
     712:	1d 05       	cpc	r17, r13
     714:	40 f0       	brcs	.+16     	; 0x726 <__divsf3+0xf4>
     716:	28 2b       	or	r18, r24
     718:	39 2b       	or	r19, r25
     71a:	4a 2b       	or	r20, r26
     71c:	5b 2b       	or	r21, r27
     71e:	ea 18       	sub	r14, r10
     720:	fb 08       	sbc	r15, r11
     722:	0c 09       	sbc	r16, r12
     724:	1d 09       	sbc	r17, r13
     726:	b6 95       	lsr	r27
     728:	a7 95       	ror	r26
     72a:	97 95       	ror	r25
     72c:	87 95       	ror	r24
     72e:	ee 0c       	add	r14, r14
     730:	ff 1c       	adc	r15, r15
     732:	00 1f       	adc	r16, r16
     734:	11 1f       	adc	r17, r17
     736:	6f 5f       	subi	r22, 0xFF	; 255
     738:	7f 4f       	sbci	r23, 0xFF	; 255
     73a:	6f 31       	cpi	r22, 0x1F	; 31
     73c:	71 05       	cpc	r23, r1
     73e:	31 f7       	brne	.-52     	; 0x70c <__divsf3+0xda>
     740:	da 01       	movw	r26, r20
     742:	c9 01       	movw	r24, r18
     744:	8f 77       	andi	r24, 0x7F	; 127
     746:	90 70       	andi	r25, 0x00	; 0
     748:	a0 70       	andi	r26, 0x00	; 0
     74a:	b0 70       	andi	r27, 0x00	; 0
     74c:	80 34       	cpi	r24, 0x40	; 64
     74e:	91 05       	cpc	r25, r1
     750:	a1 05       	cpc	r26, r1
     752:	b1 05       	cpc	r27, r1
     754:	61 f4       	brne	.+24     	; 0x76e <__divsf3+0x13c>
     756:	27 fd       	sbrc	r18, 7
     758:	0a c0       	rjmp	.+20     	; 0x76e <__divsf3+0x13c>
     75a:	e1 14       	cp	r14, r1
     75c:	f1 04       	cpc	r15, r1
     75e:	01 05       	cpc	r16, r1
     760:	11 05       	cpc	r17, r1
     762:	29 f0       	breq	.+10     	; 0x76e <__divsf3+0x13c>
     764:	20 5c       	subi	r18, 0xC0	; 192
     766:	3f 4f       	sbci	r19, 0xFF	; 255
     768:	4f 4f       	sbci	r20, 0xFF	; 255
     76a:	5f 4f       	sbci	r21, 0xFF	; 255
     76c:	20 78       	andi	r18, 0x80	; 128
     76e:	2d 87       	std	Y+13, r18	; 0x0d
     770:	3e 87       	std	Y+14, r19	; 0x0e
     772:	4f 87       	std	Y+15, r20	; 0x0f
     774:	58 8b       	std	Y+16, r21	; 0x10
     776:	be 01       	movw	r22, r28
     778:	67 5f       	subi	r22, 0xF7	; 247
     77a:	7f 4f       	sbci	r23, 0xFF	; 255
     77c:	cb 01       	movw	r24, r22
     77e:	0e 94 71 05 	call	0xae2	; 0xae2 <__pack_f>
     782:	68 96       	adiw	r28, 0x18	; 24
     784:	ea e0       	ldi	r30, 0x0A	; 10
     786:	0c 94 ac 12 	jmp	0x2558	; 0x2558 <__epilogue_restores__+0x10>

0000078a <__gtsf2>:
     78a:	a8 e1       	ldi	r26, 0x18	; 24
     78c:	b0 e0       	ldi	r27, 0x00	; 0
     78e:	eb ec       	ldi	r30, 0xCB	; 203
     790:	f3 e0       	ldi	r31, 0x03	; 3
     792:	0c 94 94 12 	jmp	0x2528	; 0x2528 <__prologue_saves__+0x18>
     796:	69 83       	std	Y+1, r22	; 0x01
     798:	7a 83       	std	Y+2, r23	; 0x02
     79a:	8b 83       	std	Y+3, r24	; 0x03
     79c:	9c 83       	std	Y+4, r25	; 0x04
     79e:	2d 83       	std	Y+5, r18	; 0x05
     7a0:	3e 83       	std	Y+6, r19	; 0x06
     7a2:	4f 83       	std	Y+7, r20	; 0x07
     7a4:	58 87       	std	Y+8, r21	; 0x08
     7a6:	89 e0       	ldi	r24, 0x09	; 9
     7a8:	e8 2e       	mov	r14, r24
     7aa:	f1 2c       	mov	r15, r1
     7ac:	ec 0e       	add	r14, r28
     7ae:	fd 1e       	adc	r15, r29
     7b0:	ce 01       	movw	r24, r28
     7b2:	01 96       	adiw	r24, 0x01	; 1
     7b4:	b7 01       	movw	r22, r14
     7b6:	0e 94 46 06 	call	0xc8c	; 0xc8c <__unpack_f>
     7ba:	8e 01       	movw	r16, r28
     7bc:	0f 5e       	subi	r16, 0xEF	; 239
     7be:	1f 4f       	sbci	r17, 0xFF	; 255
     7c0:	ce 01       	movw	r24, r28
     7c2:	05 96       	adiw	r24, 0x05	; 5
     7c4:	b8 01       	movw	r22, r16
     7c6:	0e 94 46 06 	call	0xc8c	; 0xc8c <__unpack_f>
     7ca:	89 85       	ldd	r24, Y+9	; 0x09
     7cc:	82 30       	cpi	r24, 0x02	; 2
     7ce:	40 f0       	brcs	.+16     	; 0x7e0 <__gtsf2+0x56>
     7d0:	89 89       	ldd	r24, Y+17	; 0x11
     7d2:	82 30       	cpi	r24, 0x02	; 2
     7d4:	28 f0       	brcs	.+10     	; 0x7e0 <__gtsf2+0x56>
     7d6:	c7 01       	movw	r24, r14
     7d8:	b8 01       	movw	r22, r16
     7da:	0e 94 be 06 	call	0xd7c	; 0xd7c <__fpcmp_parts_f>
     7de:	01 c0       	rjmp	.+2      	; 0x7e2 <__gtsf2+0x58>
     7e0:	8f ef       	ldi	r24, 0xFF	; 255
     7e2:	68 96       	adiw	r28, 0x18	; 24
     7e4:	e6 e0       	ldi	r30, 0x06	; 6
     7e6:	0c 94 b0 12 	jmp	0x2560	; 0x2560 <__epilogue_restores__+0x18>

000007ea <__gesf2>:
     7ea:	a8 e1       	ldi	r26, 0x18	; 24
     7ec:	b0 e0       	ldi	r27, 0x00	; 0
     7ee:	eb ef       	ldi	r30, 0xFB	; 251
     7f0:	f3 e0       	ldi	r31, 0x03	; 3
     7f2:	0c 94 94 12 	jmp	0x2528	; 0x2528 <__prologue_saves__+0x18>
     7f6:	69 83       	std	Y+1, r22	; 0x01
     7f8:	7a 83       	std	Y+2, r23	; 0x02
     7fa:	8b 83       	std	Y+3, r24	; 0x03
     7fc:	9c 83       	std	Y+4, r25	; 0x04
     7fe:	2d 83       	std	Y+5, r18	; 0x05
     800:	3e 83       	std	Y+6, r19	; 0x06
     802:	4f 83       	std	Y+7, r20	; 0x07
     804:	58 87       	std	Y+8, r21	; 0x08
     806:	89 e0       	ldi	r24, 0x09	; 9
     808:	e8 2e       	mov	r14, r24
     80a:	f1 2c       	mov	r15, r1
     80c:	ec 0e       	add	r14, r28
     80e:	fd 1e       	adc	r15, r29
     810:	ce 01       	movw	r24, r28
     812:	01 96       	adiw	r24, 0x01	; 1
     814:	b7 01       	movw	r22, r14
     816:	0e 94 46 06 	call	0xc8c	; 0xc8c <__unpack_f>
     81a:	8e 01       	movw	r16, r28
     81c:	0f 5e       	subi	r16, 0xEF	; 239
     81e:	1f 4f       	sbci	r17, 0xFF	; 255
     820:	ce 01       	movw	r24, r28
     822:	05 96       	adiw	r24, 0x05	; 5
     824:	b8 01       	movw	r22, r16
     826:	0e 94 46 06 	call	0xc8c	; 0xc8c <__unpack_f>
     82a:	89 85       	ldd	r24, Y+9	; 0x09
     82c:	82 30       	cpi	r24, 0x02	; 2
     82e:	40 f0       	brcs	.+16     	; 0x840 <__gesf2+0x56>
     830:	89 89       	ldd	r24, Y+17	; 0x11
     832:	82 30       	cpi	r24, 0x02	; 2
     834:	28 f0       	brcs	.+10     	; 0x840 <__gesf2+0x56>
     836:	c7 01       	movw	r24, r14
     838:	b8 01       	movw	r22, r16
     83a:	0e 94 be 06 	call	0xd7c	; 0xd7c <__fpcmp_parts_f>
     83e:	01 c0       	rjmp	.+2      	; 0x842 <__gesf2+0x58>
     840:	8f ef       	ldi	r24, 0xFF	; 255
     842:	68 96       	adiw	r28, 0x18	; 24
     844:	e6 e0       	ldi	r30, 0x06	; 6
     846:	0c 94 b0 12 	jmp	0x2560	; 0x2560 <__epilogue_restores__+0x18>

0000084a <__ltsf2>:
     84a:	a8 e1       	ldi	r26, 0x18	; 24
     84c:	b0 e0       	ldi	r27, 0x00	; 0
     84e:	eb e2       	ldi	r30, 0x2B	; 43
     850:	f4 e0       	ldi	r31, 0x04	; 4
     852:	0c 94 94 12 	jmp	0x2528	; 0x2528 <__prologue_saves__+0x18>
     856:	69 83       	std	Y+1, r22	; 0x01
     858:	7a 83       	std	Y+2, r23	; 0x02
     85a:	8b 83       	std	Y+3, r24	; 0x03
     85c:	9c 83       	std	Y+4, r25	; 0x04
     85e:	2d 83       	std	Y+5, r18	; 0x05
     860:	3e 83       	std	Y+6, r19	; 0x06
     862:	4f 83       	std	Y+7, r20	; 0x07
     864:	58 87       	std	Y+8, r21	; 0x08
     866:	89 e0       	ldi	r24, 0x09	; 9
     868:	e8 2e       	mov	r14, r24
     86a:	f1 2c       	mov	r15, r1
     86c:	ec 0e       	add	r14, r28
     86e:	fd 1e       	adc	r15, r29
     870:	ce 01       	movw	r24, r28
     872:	01 96       	adiw	r24, 0x01	; 1
     874:	b7 01       	movw	r22, r14
     876:	0e 94 46 06 	call	0xc8c	; 0xc8c <__unpack_f>
     87a:	8e 01       	movw	r16, r28
     87c:	0f 5e       	subi	r16, 0xEF	; 239
     87e:	1f 4f       	sbci	r17, 0xFF	; 255
     880:	ce 01       	movw	r24, r28
     882:	05 96       	adiw	r24, 0x05	; 5
     884:	b8 01       	movw	r22, r16
     886:	0e 94 46 06 	call	0xc8c	; 0xc8c <__unpack_f>
     88a:	89 85       	ldd	r24, Y+9	; 0x09
     88c:	82 30       	cpi	r24, 0x02	; 2
     88e:	40 f0       	brcs	.+16     	; 0x8a0 <__stack+0x41>
     890:	89 89       	ldd	r24, Y+17	; 0x11
     892:	82 30       	cpi	r24, 0x02	; 2
     894:	28 f0       	brcs	.+10     	; 0x8a0 <__stack+0x41>
     896:	c7 01       	movw	r24, r14
     898:	b8 01       	movw	r22, r16
     89a:	0e 94 be 06 	call	0xd7c	; 0xd7c <__fpcmp_parts_f>
     89e:	01 c0       	rjmp	.+2      	; 0x8a2 <__stack+0x43>
     8a0:	81 e0       	ldi	r24, 0x01	; 1
     8a2:	68 96       	adiw	r28, 0x18	; 24
     8a4:	e6 e0       	ldi	r30, 0x06	; 6
     8a6:	0c 94 b0 12 	jmp	0x2560	; 0x2560 <__epilogue_restores__+0x18>

000008aa <__fixsfsi>:
     8aa:	ac e0       	ldi	r26, 0x0C	; 12
     8ac:	b0 e0       	ldi	r27, 0x00	; 0
     8ae:	eb e5       	ldi	r30, 0x5B	; 91
     8b0:	f4 e0       	ldi	r31, 0x04	; 4
     8b2:	0c 94 98 12 	jmp	0x2530	; 0x2530 <__prologue_saves__+0x20>
     8b6:	69 83       	std	Y+1, r22	; 0x01
     8b8:	7a 83       	std	Y+2, r23	; 0x02
     8ba:	8b 83       	std	Y+3, r24	; 0x03
     8bc:	9c 83       	std	Y+4, r25	; 0x04
     8be:	ce 01       	movw	r24, r28
     8c0:	01 96       	adiw	r24, 0x01	; 1
     8c2:	be 01       	movw	r22, r28
     8c4:	6b 5f       	subi	r22, 0xFB	; 251
     8c6:	7f 4f       	sbci	r23, 0xFF	; 255
     8c8:	0e 94 46 06 	call	0xc8c	; 0xc8c <__unpack_f>
     8cc:	8d 81       	ldd	r24, Y+5	; 0x05
     8ce:	82 30       	cpi	r24, 0x02	; 2
     8d0:	61 f1       	breq	.+88     	; 0x92a <__fixsfsi+0x80>
     8d2:	82 30       	cpi	r24, 0x02	; 2
     8d4:	50 f1       	brcs	.+84     	; 0x92a <__fixsfsi+0x80>
     8d6:	84 30       	cpi	r24, 0x04	; 4
     8d8:	21 f4       	brne	.+8      	; 0x8e2 <__fixsfsi+0x38>
     8da:	8e 81       	ldd	r24, Y+6	; 0x06
     8dc:	88 23       	and	r24, r24
     8de:	51 f1       	breq	.+84     	; 0x934 <__fixsfsi+0x8a>
     8e0:	2e c0       	rjmp	.+92     	; 0x93e <__fixsfsi+0x94>
     8e2:	2f 81       	ldd	r18, Y+7	; 0x07
     8e4:	38 85       	ldd	r19, Y+8	; 0x08
     8e6:	37 fd       	sbrc	r19, 7
     8e8:	20 c0       	rjmp	.+64     	; 0x92a <__fixsfsi+0x80>
     8ea:	6e 81       	ldd	r22, Y+6	; 0x06
     8ec:	2f 31       	cpi	r18, 0x1F	; 31
     8ee:	31 05       	cpc	r19, r1
     8f0:	1c f0       	brlt	.+6      	; 0x8f8 <__fixsfsi+0x4e>
     8f2:	66 23       	and	r22, r22
     8f4:	f9 f0       	breq	.+62     	; 0x934 <__fixsfsi+0x8a>
     8f6:	23 c0       	rjmp	.+70     	; 0x93e <__fixsfsi+0x94>
     8f8:	8e e1       	ldi	r24, 0x1E	; 30
     8fa:	90 e0       	ldi	r25, 0x00	; 0
     8fc:	82 1b       	sub	r24, r18
     8fe:	93 0b       	sbc	r25, r19
     900:	29 85       	ldd	r18, Y+9	; 0x09
     902:	3a 85       	ldd	r19, Y+10	; 0x0a
     904:	4b 85       	ldd	r20, Y+11	; 0x0b
     906:	5c 85       	ldd	r21, Y+12	; 0x0c
     908:	04 c0       	rjmp	.+8      	; 0x912 <__fixsfsi+0x68>
     90a:	56 95       	lsr	r21
     90c:	47 95       	ror	r20
     90e:	37 95       	ror	r19
     910:	27 95       	ror	r18
     912:	8a 95       	dec	r24
     914:	d2 f7       	brpl	.-12     	; 0x90a <__fixsfsi+0x60>
     916:	66 23       	and	r22, r22
     918:	b1 f0       	breq	.+44     	; 0x946 <__fixsfsi+0x9c>
     91a:	50 95       	com	r21
     91c:	40 95       	com	r20
     91e:	30 95       	com	r19
     920:	21 95       	neg	r18
     922:	3f 4f       	sbci	r19, 0xFF	; 255
     924:	4f 4f       	sbci	r20, 0xFF	; 255
     926:	5f 4f       	sbci	r21, 0xFF	; 255
     928:	0e c0       	rjmp	.+28     	; 0x946 <__fixsfsi+0x9c>
     92a:	20 e0       	ldi	r18, 0x00	; 0
     92c:	30 e0       	ldi	r19, 0x00	; 0
     92e:	40 e0       	ldi	r20, 0x00	; 0
     930:	50 e0       	ldi	r21, 0x00	; 0
     932:	09 c0       	rjmp	.+18     	; 0x946 <__fixsfsi+0x9c>
     934:	2f ef       	ldi	r18, 0xFF	; 255
     936:	3f ef       	ldi	r19, 0xFF	; 255
     938:	4f ef       	ldi	r20, 0xFF	; 255
     93a:	5f e7       	ldi	r21, 0x7F	; 127
     93c:	04 c0       	rjmp	.+8      	; 0x946 <__fixsfsi+0x9c>
     93e:	20 e0       	ldi	r18, 0x00	; 0
     940:	30 e0       	ldi	r19, 0x00	; 0
     942:	40 e0       	ldi	r20, 0x00	; 0
     944:	50 e8       	ldi	r21, 0x80	; 128
     946:	b9 01       	movw	r22, r18
     948:	ca 01       	movw	r24, r20
     94a:	2c 96       	adiw	r28, 0x0c	; 12
     94c:	e2 e0       	ldi	r30, 0x02	; 2
     94e:	0c 94 b4 12 	jmp	0x2568	; 0x2568 <__epilogue_restores__+0x20>

00000952 <__floatunsisf>:
     952:	a8 e0       	ldi	r26, 0x08	; 8
     954:	b0 e0       	ldi	r27, 0x00	; 0
     956:	ef ea       	ldi	r30, 0xAF	; 175
     958:	f4 e0       	ldi	r31, 0x04	; 4
     95a:	0c 94 90 12 	jmp	0x2520	; 0x2520 <__prologue_saves__+0x10>
     95e:	7b 01       	movw	r14, r22
     960:	8c 01       	movw	r16, r24
     962:	61 15       	cp	r22, r1
     964:	71 05       	cpc	r23, r1
     966:	81 05       	cpc	r24, r1
     968:	91 05       	cpc	r25, r1
     96a:	19 f4       	brne	.+6      	; 0x972 <__floatunsisf+0x20>
     96c:	82 e0       	ldi	r24, 0x02	; 2
     96e:	89 83       	std	Y+1, r24	; 0x01
     970:	60 c0       	rjmp	.+192    	; 0xa32 <__floatunsisf+0xe0>
     972:	83 e0       	ldi	r24, 0x03	; 3
     974:	89 83       	std	Y+1, r24	; 0x01
     976:	8e e1       	ldi	r24, 0x1E	; 30
     978:	c8 2e       	mov	r12, r24
     97a:	d1 2c       	mov	r13, r1
     97c:	dc 82       	std	Y+4, r13	; 0x04
     97e:	cb 82       	std	Y+3, r12	; 0x03
     980:	ed 82       	std	Y+5, r14	; 0x05
     982:	fe 82       	std	Y+6, r15	; 0x06
     984:	0f 83       	std	Y+7, r16	; 0x07
     986:	18 87       	std	Y+8, r17	; 0x08
     988:	c8 01       	movw	r24, r16
     98a:	b7 01       	movw	r22, r14
     98c:	0e 94 22 05 	call	0xa44	; 0xa44 <__clzsi2>
     990:	fc 01       	movw	r30, r24
     992:	31 97       	sbiw	r30, 0x01	; 1
     994:	f7 ff       	sbrs	r31, 7
     996:	3b c0       	rjmp	.+118    	; 0xa0e <__floatunsisf+0xbc>
     998:	22 27       	eor	r18, r18
     99a:	33 27       	eor	r19, r19
     99c:	2e 1b       	sub	r18, r30
     99e:	3f 0b       	sbc	r19, r31
     9a0:	57 01       	movw	r10, r14
     9a2:	68 01       	movw	r12, r16
     9a4:	02 2e       	mov	r0, r18
     9a6:	04 c0       	rjmp	.+8      	; 0x9b0 <__floatunsisf+0x5e>
     9a8:	d6 94       	lsr	r13
     9aa:	c7 94       	ror	r12
     9ac:	b7 94       	ror	r11
     9ae:	a7 94       	ror	r10
     9b0:	0a 94       	dec	r0
     9b2:	d2 f7       	brpl	.-12     	; 0x9a8 <__floatunsisf+0x56>
     9b4:	40 e0       	ldi	r20, 0x00	; 0
     9b6:	50 e0       	ldi	r21, 0x00	; 0
     9b8:	60 e0       	ldi	r22, 0x00	; 0
     9ba:	70 e0       	ldi	r23, 0x00	; 0
     9bc:	81 e0       	ldi	r24, 0x01	; 1
     9be:	90 e0       	ldi	r25, 0x00	; 0
     9c0:	a0 e0       	ldi	r26, 0x00	; 0
     9c2:	b0 e0       	ldi	r27, 0x00	; 0
     9c4:	04 c0       	rjmp	.+8      	; 0x9ce <__floatunsisf+0x7c>
     9c6:	88 0f       	add	r24, r24
     9c8:	99 1f       	adc	r25, r25
     9ca:	aa 1f       	adc	r26, r26
     9cc:	bb 1f       	adc	r27, r27
     9ce:	2a 95       	dec	r18
     9d0:	d2 f7       	brpl	.-12     	; 0x9c6 <__floatunsisf+0x74>
     9d2:	01 97       	sbiw	r24, 0x01	; 1
     9d4:	a1 09       	sbc	r26, r1
     9d6:	b1 09       	sbc	r27, r1
     9d8:	8e 21       	and	r24, r14
     9da:	9f 21       	and	r25, r15
     9dc:	a0 23       	and	r26, r16
     9de:	b1 23       	and	r27, r17
     9e0:	00 97       	sbiw	r24, 0x00	; 0
     9e2:	a1 05       	cpc	r26, r1
     9e4:	b1 05       	cpc	r27, r1
     9e6:	21 f0       	breq	.+8      	; 0x9f0 <__floatunsisf+0x9e>
     9e8:	41 e0       	ldi	r20, 0x01	; 1
     9ea:	50 e0       	ldi	r21, 0x00	; 0
     9ec:	60 e0       	ldi	r22, 0x00	; 0
     9ee:	70 e0       	ldi	r23, 0x00	; 0
     9f0:	4a 29       	or	r20, r10
     9f2:	5b 29       	or	r21, r11
     9f4:	6c 29       	or	r22, r12
     9f6:	7d 29       	or	r23, r13
     9f8:	4d 83       	std	Y+5, r20	; 0x05
     9fa:	5e 83       	std	Y+6, r21	; 0x06
     9fc:	6f 83       	std	Y+7, r22	; 0x07
     9fe:	78 87       	std	Y+8, r23	; 0x08
     a00:	8e e1       	ldi	r24, 0x1E	; 30
     a02:	90 e0       	ldi	r25, 0x00	; 0
     a04:	8e 1b       	sub	r24, r30
     a06:	9f 0b       	sbc	r25, r31
     a08:	9c 83       	std	Y+4, r25	; 0x04
     a0a:	8b 83       	std	Y+3, r24	; 0x03
     a0c:	12 c0       	rjmp	.+36     	; 0xa32 <__floatunsisf+0xe0>
     a0e:	30 97       	sbiw	r30, 0x00	; 0
     a10:	81 f0       	breq	.+32     	; 0xa32 <__floatunsisf+0xe0>
     a12:	0e 2e       	mov	r0, r30
     a14:	04 c0       	rjmp	.+8      	; 0xa1e <__floatunsisf+0xcc>
     a16:	ee 0c       	add	r14, r14
     a18:	ff 1c       	adc	r15, r15
     a1a:	00 1f       	adc	r16, r16
     a1c:	11 1f       	adc	r17, r17
     a1e:	0a 94       	dec	r0
     a20:	d2 f7       	brpl	.-12     	; 0xa16 <__floatunsisf+0xc4>
     a22:	ed 82       	std	Y+5, r14	; 0x05
     a24:	fe 82       	std	Y+6, r15	; 0x06
     a26:	0f 83       	std	Y+7, r16	; 0x07
     a28:	18 87       	std	Y+8, r17	; 0x08
     a2a:	ce 1a       	sub	r12, r30
     a2c:	df 0a       	sbc	r13, r31
     a2e:	dc 82       	std	Y+4, r13	; 0x04
     a30:	cb 82       	std	Y+3, r12	; 0x03
     a32:	1a 82       	std	Y+2, r1	; 0x02
     a34:	ce 01       	movw	r24, r28
     a36:	01 96       	adiw	r24, 0x01	; 1
     a38:	0e 94 71 05 	call	0xae2	; 0xae2 <__pack_f>
     a3c:	28 96       	adiw	r28, 0x08	; 8
     a3e:	ea e0       	ldi	r30, 0x0A	; 10
     a40:	0c 94 ac 12 	jmp	0x2558	; 0x2558 <__epilogue_restores__+0x10>

00000a44 <__clzsi2>:
     a44:	ef 92       	push	r14
     a46:	ff 92       	push	r15
     a48:	0f 93       	push	r16
     a4a:	1f 93       	push	r17
     a4c:	7b 01       	movw	r14, r22
     a4e:	8c 01       	movw	r16, r24
     a50:	80 e0       	ldi	r24, 0x00	; 0
     a52:	e8 16       	cp	r14, r24
     a54:	80 e0       	ldi	r24, 0x00	; 0
     a56:	f8 06       	cpc	r15, r24
     a58:	81 e0       	ldi	r24, 0x01	; 1
     a5a:	08 07       	cpc	r16, r24
     a5c:	80 e0       	ldi	r24, 0x00	; 0
     a5e:	18 07       	cpc	r17, r24
     a60:	88 f4       	brcc	.+34     	; 0xa84 <__clzsi2+0x40>
     a62:	8f ef       	ldi	r24, 0xFF	; 255
     a64:	e8 16       	cp	r14, r24
     a66:	f1 04       	cpc	r15, r1
     a68:	01 05       	cpc	r16, r1
     a6a:	11 05       	cpc	r17, r1
     a6c:	31 f0       	breq	.+12     	; 0xa7a <__clzsi2+0x36>
     a6e:	28 f0       	brcs	.+10     	; 0xa7a <__clzsi2+0x36>
     a70:	88 e0       	ldi	r24, 0x08	; 8
     a72:	90 e0       	ldi	r25, 0x00	; 0
     a74:	a0 e0       	ldi	r26, 0x00	; 0
     a76:	b0 e0       	ldi	r27, 0x00	; 0
     a78:	17 c0       	rjmp	.+46     	; 0xaa8 <__clzsi2+0x64>
     a7a:	80 e0       	ldi	r24, 0x00	; 0
     a7c:	90 e0       	ldi	r25, 0x00	; 0
     a7e:	a0 e0       	ldi	r26, 0x00	; 0
     a80:	b0 e0       	ldi	r27, 0x00	; 0
     a82:	12 c0       	rjmp	.+36     	; 0xaa8 <__clzsi2+0x64>
     a84:	80 e0       	ldi	r24, 0x00	; 0
     a86:	e8 16       	cp	r14, r24
     a88:	80 e0       	ldi	r24, 0x00	; 0
     a8a:	f8 06       	cpc	r15, r24
     a8c:	80 e0       	ldi	r24, 0x00	; 0
     a8e:	08 07       	cpc	r16, r24
     a90:	81 e0       	ldi	r24, 0x01	; 1
     a92:	18 07       	cpc	r17, r24
     a94:	28 f0       	brcs	.+10     	; 0xaa0 <__clzsi2+0x5c>
     a96:	88 e1       	ldi	r24, 0x18	; 24
     a98:	90 e0       	ldi	r25, 0x00	; 0
     a9a:	a0 e0       	ldi	r26, 0x00	; 0
     a9c:	b0 e0       	ldi	r27, 0x00	; 0
     a9e:	04 c0       	rjmp	.+8      	; 0xaa8 <__clzsi2+0x64>
     aa0:	80 e1       	ldi	r24, 0x10	; 16
     aa2:	90 e0       	ldi	r25, 0x00	; 0
     aa4:	a0 e0       	ldi	r26, 0x00	; 0
     aa6:	b0 e0       	ldi	r27, 0x00	; 0
     aa8:	20 e2       	ldi	r18, 0x20	; 32
     aaa:	30 e0       	ldi	r19, 0x00	; 0
     aac:	40 e0       	ldi	r20, 0x00	; 0
     aae:	50 e0       	ldi	r21, 0x00	; 0
     ab0:	28 1b       	sub	r18, r24
     ab2:	39 0b       	sbc	r19, r25
     ab4:	4a 0b       	sbc	r20, r26
     ab6:	5b 0b       	sbc	r21, r27
     ab8:	04 c0       	rjmp	.+8      	; 0xac2 <__clzsi2+0x7e>
     aba:	16 95       	lsr	r17
     abc:	07 95       	ror	r16
     abe:	f7 94       	ror	r15
     ac0:	e7 94       	ror	r14
     ac2:	8a 95       	dec	r24
     ac4:	d2 f7       	brpl	.-12     	; 0xaba <__clzsi2+0x76>
     ac6:	f7 01       	movw	r30, r14
     ac8:	e8 58       	subi	r30, 0x88	; 136
     aca:	ff 4f       	sbci	r31, 0xFF	; 255
     acc:	80 81       	ld	r24, Z
     ace:	28 1b       	sub	r18, r24
     ad0:	31 09       	sbc	r19, r1
     ad2:	41 09       	sbc	r20, r1
     ad4:	51 09       	sbc	r21, r1
     ad6:	c9 01       	movw	r24, r18
     ad8:	1f 91       	pop	r17
     ada:	0f 91       	pop	r16
     adc:	ff 90       	pop	r15
     ade:	ef 90       	pop	r14
     ae0:	08 95       	ret

00000ae2 <__pack_f>:
     ae2:	df 92       	push	r13
     ae4:	ef 92       	push	r14
     ae6:	ff 92       	push	r15
     ae8:	0f 93       	push	r16
     aea:	1f 93       	push	r17
     aec:	fc 01       	movw	r30, r24
     aee:	e4 80       	ldd	r14, Z+4	; 0x04
     af0:	f5 80       	ldd	r15, Z+5	; 0x05
     af2:	06 81       	ldd	r16, Z+6	; 0x06
     af4:	17 81       	ldd	r17, Z+7	; 0x07
     af6:	d1 80       	ldd	r13, Z+1	; 0x01
     af8:	80 81       	ld	r24, Z
     afa:	82 30       	cpi	r24, 0x02	; 2
     afc:	48 f4       	brcc	.+18     	; 0xb10 <__pack_f+0x2e>
     afe:	80 e0       	ldi	r24, 0x00	; 0
     b00:	90 e0       	ldi	r25, 0x00	; 0
     b02:	a0 e1       	ldi	r26, 0x10	; 16
     b04:	b0 e0       	ldi	r27, 0x00	; 0
     b06:	e8 2a       	or	r14, r24
     b08:	f9 2a       	or	r15, r25
     b0a:	0a 2b       	or	r16, r26
     b0c:	1b 2b       	or	r17, r27
     b0e:	a5 c0       	rjmp	.+330    	; 0xc5a <__pack_f+0x178>
     b10:	84 30       	cpi	r24, 0x04	; 4
     b12:	09 f4       	brne	.+2      	; 0xb16 <__pack_f+0x34>
     b14:	9f c0       	rjmp	.+318    	; 0xc54 <__pack_f+0x172>
     b16:	82 30       	cpi	r24, 0x02	; 2
     b18:	21 f4       	brne	.+8      	; 0xb22 <__pack_f+0x40>
     b1a:	ee 24       	eor	r14, r14
     b1c:	ff 24       	eor	r15, r15
     b1e:	87 01       	movw	r16, r14
     b20:	05 c0       	rjmp	.+10     	; 0xb2c <__pack_f+0x4a>
     b22:	e1 14       	cp	r14, r1
     b24:	f1 04       	cpc	r15, r1
     b26:	01 05       	cpc	r16, r1
     b28:	11 05       	cpc	r17, r1
     b2a:	19 f4       	brne	.+6      	; 0xb32 <__pack_f+0x50>
     b2c:	e0 e0       	ldi	r30, 0x00	; 0
     b2e:	f0 e0       	ldi	r31, 0x00	; 0
     b30:	96 c0       	rjmp	.+300    	; 0xc5e <__pack_f+0x17c>
     b32:	62 81       	ldd	r22, Z+2	; 0x02
     b34:	73 81       	ldd	r23, Z+3	; 0x03
     b36:	9f ef       	ldi	r25, 0xFF	; 255
     b38:	62 38       	cpi	r22, 0x82	; 130
     b3a:	79 07       	cpc	r23, r25
     b3c:	0c f0       	brlt	.+2      	; 0xb40 <__pack_f+0x5e>
     b3e:	5b c0       	rjmp	.+182    	; 0xbf6 <__pack_f+0x114>
     b40:	22 e8       	ldi	r18, 0x82	; 130
     b42:	3f ef       	ldi	r19, 0xFF	; 255
     b44:	26 1b       	sub	r18, r22
     b46:	37 0b       	sbc	r19, r23
     b48:	2a 31       	cpi	r18, 0x1A	; 26
     b4a:	31 05       	cpc	r19, r1
     b4c:	2c f0       	brlt	.+10     	; 0xb58 <__pack_f+0x76>
     b4e:	20 e0       	ldi	r18, 0x00	; 0
     b50:	30 e0       	ldi	r19, 0x00	; 0
     b52:	40 e0       	ldi	r20, 0x00	; 0
     b54:	50 e0       	ldi	r21, 0x00	; 0
     b56:	2a c0       	rjmp	.+84     	; 0xbac <__pack_f+0xca>
     b58:	b8 01       	movw	r22, r16
     b5a:	a7 01       	movw	r20, r14
     b5c:	02 2e       	mov	r0, r18
     b5e:	04 c0       	rjmp	.+8      	; 0xb68 <__pack_f+0x86>
     b60:	76 95       	lsr	r23
     b62:	67 95       	ror	r22
     b64:	57 95       	ror	r21
     b66:	47 95       	ror	r20
     b68:	0a 94       	dec	r0
     b6a:	d2 f7       	brpl	.-12     	; 0xb60 <__pack_f+0x7e>
     b6c:	81 e0       	ldi	r24, 0x01	; 1
     b6e:	90 e0       	ldi	r25, 0x00	; 0
     b70:	a0 e0       	ldi	r26, 0x00	; 0
     b72:	b0 e0       	ldi	r27, 0x00	; 0
     b74:	04 c0       	rjmp	.+8      	; 0xb7e <__pack_f+0x9c>
     b76:	88 0f       	add	r24, r24
     b78:	99 1f       	adc	r25, r25
     b7a:	aa 1f       	adc	r26, r26
     b7c:	bb 1f       	adc	r27, r27
     b7e:	2a 95       	dec	r18
     b80:	d2 f7       	brpl	.-12     	; 0xb76 <__pack_f+0x94>
     b82:	01 97       	sbiw	r24, 0x01	; 1
     b84:	a1 09       	sbc	r26, r1
     b86:	b1 09       	sbc	r27, r1
     b88:	8e 21       	and	r24, r14
     b8a:	9f 21       	and	r25, r15
     b8c:	a0 23       	and	r26, r16
     b8e:	b1 23       	and	r27, r17
     b90:	00 97       	sbiw	r24, 0x00	; 0
     b92:	a1 05       	cpc	r26, r1
     b94:	b1 05       	cpc	r27, r1
     b96:	21 f0       	breq	.+8      	; 0xba0 <__pack_f+0xbe>
     b98:	81 e0       	ldi	r24, 0x01	; 1
     b9a:	90 e0       	ldi	r25, 0x00	; 0
     b9c:	a0 e0       	ldi	r26, 0x00	; 0
     b9e:	b0 e0       	ldi	r27, 0x00	; 0
     ba0:	9a 01       	movw	r18, r20
     ba2:	ab 01       	movw	r20, r22
     ba4:	28 2b       	or	r18, r24
     ba6:	39 2b       	or	r19, r25
     ba8:	4a 2b       	or	r20, r26
     baa:	5b 2b       	or	r21, r27
     bac:	da 01       	movw	r26, r20
     bae:	c9 01       	movw	r24, r18
     bb0:	8f 77       	andi	r24, 0x7F	; 127
     bb2:	90 70       	andi	r25, 0x00	; 0
     bb4:	a0 70       	andi	r26, 0x00	; 0
     bb6:	b0 70       	andi	r27, 0x00	; 0
     bb8:	80 34       	cpi	r24, 0x40	; 64
     bba:	91 05       	cpc	r25, r1
     bbc:	a1 05       	cpc	r26, r1
     bbe:	b1 05       	cpc	r27, r1
     bc0:	39 f4       	brne	.+14     	; 0xbd0 <__pack_f+0xee>
     bc2:	27 ff       	sbrs	r18, 7
     bc4:	09 c0       	rjmp	.+18     	; 0xbd8 <__pack_f+0xf6>
     bc6:	20 5c       	subi	r18, 0xC0	; 192
     bc8:	3f 4f       	sbci	r19, 0xFF	; 255
     bca:	4f 4f       	sbci	r20, 0xFF	; 255
     bcc:	5f 4f       	sbci	r21, 0xFF	; 255
     bce:	04 c0       	rjmp	.+8      	; 0xbd8 <__pack_f+0xf6>
     bd0:	21 5c       	subi	r18, 0xC1	; 193
     bd2:	3f 4f       	sbci	r19, 0xFF	; 255
     bd4:	4f 4f       	sbci	r20, 0xFF	; 255
     bd6:	5f 4f       	sbci	r21, 0xFF	; 255
     bd8:	e0 e0       	ldi	r30, 0x00	; 0
     bda:	f0 e0       	ldi	r31, 0x00	; 0
     bdc:	20 30       	cpi	r18, 0x00	; 0
     bde:	a0 e0       	ldi	r26, 0x00	; 0
     be0:	3a 07       	cpc	r19, r26
     be2:	a0 e0       	ldi	r26, 0x00	; 0
     be4:	4a 07       	cpc	r20, r26
     be6:	a0 e4       	ldi	r26, 0x40	; 64
     be8:	5a 07       	cpc	r21, r26
     bea:	10 f0       	brcs	.+4      	; 0xbf0 <__pack_f+0x10e>
     bec:	e1 e0       	ldi	r30, 0x01	; 1
     bee:	f0 e0       	ldi	r31, 0x00	; 0
     bf0:	79 01       	movw	r14, r18
     bf2:	8a 01       	movw	r16, r20
     bf4:	27 c0       	rjmp	.+78     	; 0xc44 <__pack_f+0x162>
     bf6:	60 38       	cpi	r22, 0x80	; 128
     bf8:	71 05       	cpc	r23, r1
     bfa:	64 f5       	brge	.+88     	; 0xc54 <__pack_f+0x172>
     bfc:	fb 01       	movw	r30, r22
     bfe:	e1 58       	subi	r30, 0x81	; 129
     c00:	ff 4f       	sbci	r31, 0xFF	; 255
     c02:	d8 01       	movw	r26, r16
     c04:	c7 01       	movw	r24, r14
     c06:	8f 77       	andi	r24, 0x7F	; 127
     c08:	90 70       	andi	r25, 0x00	; 0
     c0a:	a0 70       	andi	r26, 0x00	; 0
     c0c:	b0 70       	andi	r27, 0x00	; 0
     c0e:	80 34       	cpi	r24, 0x40	; 64
     c10:	91 05       	cpc	r25, r1
     c12:	a1 05       	cpc	r26, r1
     c14:	b1 05       	cpc	r27, r1
     c16:	39 f4       	brne	.+14     	; 0xc26 <__pack_f+0x144>
     c18:	e7 fe       	sbrs	r14, 7
     c1a:	0d c0       	rjmp	.+26     	; 0xc36 <__pack_f+0x154>
     c1c:	80 e4       	ldi	r24, 0x40	; 64
     c1e:	90 e0       	ldi	r25, 0x00	; 0
     c20:	a0 e0       	ldi	r26, 0x00	; 0
     c22:	b0 e0       	ldi	r27, 0x00	; 0
     c24:	04 c0       	rjmp	.+8      	; 0xc2e <__pack_f+0x14c>
     c26:	8f e3       	ldi	r24, 0x3F	; 63
     c28:	90 e0       	ldi	r25, 0x00	; 0
     c2a:	a0 e0       	ldi	r26, 0x00	; 0
     c2c:	b0 e0       	ldi	r27, 0x00	; 0
     c2e:	e8 0e       	add	r14, r24
     c30:	f9 1e       	adc	r15, r25
     c32:	0a 1f       	adc	r16, r26
     c34:	1b 1f       	adc	r17, r27
     c36:	17 ff       	sbrs	r17, 7
     c38:	05 c0       	rjmp	.+10     	; 0xc44 <__pack_f+0x162>
     c3a:	16 95       	lsr	r17
     c3c:	07 95       	ror	r16
     c3e:	f7 94       	ror	r15
     c40:	e7 94       	ror	r14
     c42:	31 96       	adiw	r30, 0x01	; 1
     c44:	87 e0       	ldi	r24, 0x07	; 7
     c46:	16 95       	lsr	r17
     c48:	07 95       	ror	r16
     c4a:	f7 94       	ror	r15
     c4c:	e7 94       	ror	r14
     c4e:	8a 95       	dec	r24
     c50:	d1 f7       	brne	.-12     	; 0xc46 <__pack_f+0x164>
     c52:	05 c0       	rjmp	.+10     	; 0xc5e <__pack_f+0x17c>
     c54:	ee 24       	eor	r14, r14
     c56:	ff 24       	eor	r15, r15
     c58:	87 01       	movw	r16, r14
     c5a:	ef ef       	ldi	r30, 0xFF	; 255
     c5c:	f0 e0       	ldi	r31, 0x00	; 0
     c5e:	6e 2f       	mov	r22, r30
     c60:	67 95       	ror	r22
     c62:	66 27       	eor	r22, r22
     c64:	67 95       	ror	r22
     c66:	90 2f       	mov	r25, r16
     c68:	9f 77       	andi	r25, 0x7F	; 127
     c6a:	d7 94       	ror	r13
     c6c:	dd 24       	eor	r13, r13
     c6e:	d7 94       	ror	r13
     c70:	8e 2f       	mov	r24, r30
     c72:	86 95       	lsr	r24
     c74:	49 2f       	mov	r20, r25
     c76:	46 2b       	or	r20, r22
     c78:	58 2f       	mov	r21, r24
     c7a:	5d 29       	or	r21, r13
     c7c:	b7 01       	movw	r22, r14
     c7e:	ca 01       	movw	r24, r20
     c80:	1f 91       	pop	r17
     c82:	0f 91       	pop	r16
     c84:	ff 90       	pop	r15
     c86:	ef 90       	pop	r14
     c88:	df 90       	pop	r13
     c8a:	08 95       	ret

00000c8c <__unpack_f>:
     c8c:	fc 01       	movw	r30, r24
     c8e:	db 01       	movw	r26, r22
     c90:	40 81       	ld	r20, Z
     c92:	51 81       	ldd	r21, Z+1	; 0x01
     c94:	22 81       	ldd	r18, Z+2	; 0x02
     c96:	62 2f       	mov	r22, r18
     c98:	6f 77       	andi	r22, 0x7F	; 127
     c9a:	70 e0       	ldi	r23, 0x00	; 0
     c9c:	22 1f       	adc	r18, r18
     c9e:	22 27       	eor	r18, r18
     ca0:	22 1f       	adc	r18, r18
     ca2:	93 81       	ldd	r25, Z+3	; 0x03
     ca4:	89 2f       	mov	r24, r25
     ca6:	88 0f       	add	r24, r24
     ca8:	82 2b       	or	r24, r18
     caa:	28 2f       	mov	r18, r24
     cac:	30 e0       	ldi	r19, 0x00	; 0
     cae:	99 1f       	adc	r25, r25
     cb0:	99 27       	eor	r25, r25
     cb2:	99 1f       	adc	r25, r25
     cb4:	11 96       	adiw	r26, 0x01	; 1
     cb6:	9c 93       	st	X, r25
     cb8:	11 97       	sbiw	r26, 0x01	; 1
     cba:	21 15       	cp	r18, r1
     cbc:	31 05       	cpc	r19, r1
     cbe:	a9 f5       	brne	.+106    	; 0xd2a <__unpack_f+0x9e>
     cc0:	41 15       	cp	r20, r1
     cc2:	51 05       	cpc	r21, r1
     cc4:	61 05       	cpc	r22, r1
     cc6:	71 05       	cpc	r23, r1
     cc8:	11 f4       	brne	.+4      	; 0xcce <__unpack_f+0x42>
     cca:	82 e0       	ldi	r24, 0x02	; 2
     ccc:	37 c0       	rjmp	.+110    	; 0xd3c <__unpack_f+0xb0>
     cce:	82 e8       	ldi	r24, 0x82	; 130
     cd0:	9f ef       	ldi	r25, 0xFF	; 255
     cd2:	13 96       	adiw	r26, 0x03	; 3
     cd4:	9c 93       	st	X, r25
     cd6:	8e 93       	st	-X, r24
     cd8:	12 97       	sbiw	r26, 0x02	; 2
     cda:	9a 01       	movw	r18, r20
     cdc:	ab 01       	movw	r20, r22
     cde:	67 e0       	ldi	r22, 0x07	; 7
     ce0:	22 0f       	add	r18, r18
     ce2:	33 1f       	adc	r19, r19
     ce4:	44 1f       	adc	r20, r20
     ce6:	55 1f       	adc	r21, r21
     ce8:	6a 95       	dec	r22
     cea:	d1 f7       	brne	.-12     	; 0xce0 <__unpack_f+0x54>
     cec:	83 e0       	ldi	r24, 0x03	; 3
     cee:	8c 93       	st	X, r24
     cf0:	0d c0       	rjmp	.+26     	; 0xd0c <__unpack_f+0x80>
     cf2:	22 0f       	add	r18, r18
     cf4:	33 1f       	adc	r19, r19
     cf6:	44 1f       	adc	r20, r20
     cf8:	55 1f       	adc	r21, r21
     cfa:	12 96       	adiw	r26, 0x02	; 2
     cfc:	8d 91       	ld	r24, X+
     cfe:	9c 91       	ld	r25, X
     d00:	13 97       	sbiw	r26, 0x03	; 3
     d02:	01 97       	sbiw	r24, 0x01	; 1
     d04:	13 96       	adiw	r26, 0x03	; 3
     d06:	9c 93       	st	X, r25
     d08:	8e 93       	st	-X, r24
     d0a:	12 97       	sbiw	r26, 0x02	; 2
     d0c:	20 30       	cpi	r18, 0x00	; 0
     d0e:	80 e0       	ldi	r24, 0x00	; 0
     d10:	38 07       	cpc	r19, r24
     d12:	80 e0       	ldi	r24, 0x00	; 0
     d14:	48 07       	cpc	r20, r24
     d16:	80 e4       	ldi	r24, 0x40	; 64
     d18:	58 07       	cpc	r21, r24
     d1a:	58 f3       	brcs	.-42     	; 0xcf2 <__unpack_f+0x66>
     d1c:	14 96       	adiw	r26, 0x04	; 4
     d1e:	2d 93       	st	X+, r18
     d20:	3d 93       	st	X+, r19
     d22:	4d 93       	st	X+, r20
     d24:	5c 93       	st	X, r21
     d26:	17 97       	sbiw	r26, 0x07	; 7
     d28:	08 95       	ret
     d2a:	2f 3f       	cpi	r18, 0xFF	; 255
     d2c:	31 05       	cpc	r19, r1
     d2e:	79 f4       	brne	.+30     	; 0xd4e <__unpack_f+0xc2>
     d30:	41 15       	cp	r20, r1
     d32:	51 05       	cpc	r21, r1
     d34:	61 05       	cpc	r22, r1
     d36:	71 05       	cpc	r23, r1
     d38:	19 f4       	brne	.+6      	; 0xd40 <__unpack_f+0xb4>
     d3a:	84 e0       	ldi	r24, 0x04	; 4
     d3c:	8c 93       	st	X, r24
     d3e:	08 95       	ret
     d40:	64 ff       	sbrs	r22, 4
     d42:	03 c0       	rjmp	.+6      	; 0xd4a <__unpack_f+0xbe>
     d44:	81 e0       	ldi	r24, 0x01	; 1
     d46:	8c 93       	st	X, r24
     d48:	12 c0       	rjmp	.+36     	; 0xd6e <__unpack_f+0xe2>
     d4a:	1c 92       	st	X, r1
     d4c:	10 c0       	rjmp	.+32     	; 0xd6e <__unpack_f+0xe2>
     d4e:	2f 57       	subi	r18, 0x7F	; 127
     d50:	30 40       	sbci	r19, 0x00	; 0
     d52:	13 96       	adiw	r26, 0x03	; 3
     d54:	3c 93       	st	X, r19
     d56:	2e 93       	st	-X, r18
     d58:	12 97       	sbiw	r26, 0x02	; 2
     d5a:	83 e0       	ldi	r24, 0x03	; 3
     d5c:	8c 93       	st	X, r24
     d5e:	87 e0       	ldi	r24, 0x07	; 7
     d60:	44 0f       	add	r20, r20
     d62:	55 1f       	adc	r21, r21
     d64:	66 1f       	adc	r22, r22
     d66:	77 1f       	adc	r23, r23
     d68:	8a 95       	dec	r24
     d6a:	d1 f7       	brne	.-12     	; 0xd60 <__unpack_f+0xd4>
     d6c:	70 64       	ori	r23, 0x40	; 64
     d6e:	14 96       	adiw	r26, 0x04	; 4
     d70:	4d 93       	st	X+, r20
     d72:	5d 93       	st	X+, r21
     d74:	6d 93       	st	X+, r22
     d76:	7c 93       	st	X, r23
     d78:	17 97       	sbiw	r26, 0x07	; 7
     d7a:	08 95       	ret

00000d7c <__fpcmp_parts_f>:
     d7c:	1f 93       	push	r17
     d7e:	dc 01       	movw	r26, r24
     d80:	fb 01       	movw	r30, r22
     d82:	9c 91       	ld	r25, X
     d84:	92 30       	cpi	r25, 0x02	; 2
     d86:	08 f4       	brcc	.+2      	; 0xd8a <__fpcmp_parts_f+0xe>
     d88:	47 c0       	rjmp	.+142    	; 0xe18 <__fpcmp_parts_f+0x9c>
     d8a:	80 81       	ld	r24, Z
     d8c:	82 30       	cpi	r24, 0x02	; 2
     d8e:	08 f4       	brcc	.+2      	; 0xd92 <__fpcmp_parts_f+0x16>
     d90:	43 c0       	rjmp	.+134    	; 0xe18 <__fpcmp_parts_f+0x9c>
     d92:	94 30       	cpi	r25, 0x04	; 4
     d94:	51 f4       	brne	.+20     	; 0xdaa <__fpcmp_parts_f+0x2e>
     d96:	11 96       	adiw	r26, 0x01	; 1
     d98:	1c 91       	ld	r17, X
     d9a:	84 30       	cpi	r24, 0x04	; 4
     d9c:	99 f5       	brne	.+102    	; 0xe04 <__fpcmp_parts_f+0x88>
     d9e:	81 81       	ldd	r24, Z+1	; 0x01
     da0:	68 2f       	mov	r22, r24
     da2:	70 e0       	ldi	r23, 0x00	; 0
     da4:	61 1b       	sub	r22, r17
     da6:	71 09       	sbc	r23, r1
     da8:	3f c0       	rjmp	.+126    	; 0xe28 <__fpcmp_parts_f+0xac>
     daa:	84 30       	cpi	r24, 0x04	; 4
     dac:	21 f0       	breq	.+8      	; 0xdb6 <__fpcmp_parts_f+0x3a>
     dae:	92 30       	cpi	r25, 0x02	; 2
     db0:	31 f4       	brne	.+12     	; 0xdbe <__fpcmp_parts_f+0x42>
     db2:	82 30       	cpi	r24, 0x02	; 2
     db4:	b9 f1       	breq	.+110    	; 0xe24 <__fpcmp_parts_f+0xa8>
     db6:	81 81       	ldd	r24, Z+1	; 0x01
     db8:	88 23       	and	r24, r24
     dba:	89 f1       	breq	.+98     	; 0xe1e <__fpcmp_parts_f+0xa2>
     dbc:	2d c0       	rjmp	.+90     	; 0xe18 <__fpcmp_parts_f+0x9c>
     dbe:	11 96       	adiw	r26, 0x01	; 1
     dc0:	1c 91       	ld	r17, X
     dc2:	11 97       	sbiw	r26, 0x01	; 1
     dc4:	82 30       	cpi	r24, 0x02	; 2
     dc6:	f1 f0       	breq	.+60     	; 0xe04 <__fpcmp_parts_f+0x88>
     dc8:	81 81       	ldd	r24, Z+1	; 0x01
     dca:	18 17       	cp	r17, r24
     dcc:	d9 f4       	brne	.+54     	; 0xe04 <__fpcmp_parts_f+0x88>
     dce:	12 96       	adiw	r26, 0x02	; 2
     dd0:	2d 91       	ld	r18, X+
     dd2:	3c 91       	ld	r19, X
     dd4:	13 97       	sbiw	r26, 0x03	; 3
     dd6:	82 81       	ldd	r24, Z+2	; 0x02
     dd8:	93 81       	ldd	r25, Z+3	; 0x03
     dda:	82 17       	cp	r24, r18
     ddc:	93 07       	cpc	r25, r19
     dde:	94 f0       	brlt	.+36     	; 0xe04 <__fpcmp_parts_f+0x88>
     de0:	28 17       	cp	r18, r24
     de2:	39 07       	cpc	r19, r25
     de4:	bc f0       	brlt	.+46     	; 0xe14 <__fpcmp_parts_f+0x98>
     de6:	14 96       	adiw	r26, 0x04	; 4
     de8:	8d 91       	ld	r24, X+
     dea:	9d 91       	ld	r25, X+
     dec:	0d 90       	ld	r0, X+
     dee:	bc 91       	ld	r27, X
     df0:	a0 2d       	mov	r26, r0
     df2:	24 81       	ldd	r18, Z+4	; 0x04
     df4:	35 81       	ldd	r19, Z+5	; 0x05
     df6:	46 81       	ldd	r20, Z+6	; 0x06
     df8:	57 81       	ldd	r21, Z+7	; 0x07
     dfa:	28 17       	cp	r18, r24
     dfc:	39 07       	cpc	r19, r25
     dfe:	4a 07       	cpc	r20, r26
     e00:	5b 07       	cpc	r21, r27
     e02:	18 f4       	brcc	.+6      	; 0xe0a <__fpcmp_parts_f+0x8e>
     e04:	11 23       	and	r17, r17
     e06:	41 f0       	breq	.+16     	; 0xe18 <__fpcmp_parts_f+0x9c>
     e08:	0a c0       	rjmp	.+20     	; 0xe1e <__fpcmp_parts_f+0xa2>
     e0a:	82 17       	cp	r24, r18
     e0c:	93 07       	cpc	r25, r19
     e0e:	a4 07       	cpc	r26, r20
     e10:	b5 07       	cpc	r27, r21
     e12:	40 f4       	brcc	.+16     	; 0xe24 <__fpcmp_parts_f+0xa8>
     e14:	11 23       	and	r17, r17
     e16:	19 f0       	breq	.+6      	; 0xe1e <__fpcmp_parts_f+0xa2>
     e18:	61 e0       	ldi	r22, 0x01	; 1
     e1a:	70 e0       	ldi	r23, 0x00	; 0
     e1c:	05 c0       	rjmp	.+10     	; 0xe28 <__fpcmp_parts_f+0xac>
     e1e:	6f ef       	ldi	r22, 0xFF	; 255
     e20:	7f ef       	ldi	r23, 0xFF	; 255
     e22:	02 c0       	rjmp	.+4      	; 0xe28 <__fpcmp_parts_f+0xac>
     e24:	60 e0       	ldi	r22, 0x00	; 0
     e26:	70 e0       	ldi	r23, 0x00	; 0
     e28:	cb 01       	movw	r24, r22
     e2a:	1f 91       	pop	r17
     e2c:	08 95       	ret

00000e2e <Ultrasonic_init>:
 * 1. Initialize the ICU driver as required.
 * 2. Setup the ICU call back function.
 * 3. Setup the direction for the trigger pin as output pin through the
 *    GPIO driver.
 */
void Ultrasonic_init(void){
     e2e:	df 93       	push	r29
     e30:	cf 93       	push	r28
     e32:	00 d0       	rcall	.+0      	; 0xe34 <Ultrasonic_init+0x6>
     e34:	cd b7       	in	r28, 0x3d	; 61
     e36:	de b7       	in	r29, 0x3e	; 62

	/* Create configuration structure for ICU driver */
	ICU_ConfigType ICU_Configurations = {F_CPU_8,RAISING};
     e38:	82 e0       	ldi	r24, 0x02	; 2
     e3a:	89 83       	std	Y+1, r24	; 0x01
     e3c:	81 e0       	ldi	r24, 0x01	; 1
     e3e:	8a 83       	std	Y+2, r24	; 0x02

	/* Initialize the ICU driver */
	ICU_init(&ICU_Configurations);
     e40:	ce 01       	movw	r24, r28
     e42:	01 96       	adiw	r24, 0x01	; 1
     e44:	0e 94 37 0c 	call	0x186e	; 0x186e <ICU_init>

	/* Set the Call back function pointer in the ICU driver */
	ICU_setCallBack(Ultrasonic_edgeProcessing);
     e48:	81 e8       	ldi	r24, 0x81	; 129
     e4a:	98 e0       	ldi	r25, 0x08	; 8
     e4c:	0e 94 80 0c 	call	0x1900	; 0x1900 <ICU_setCallBack>


	/*Setup the direction for the trigger pin as output pin*/
	GPIO_setupPinDirection(TR_PORT, TR_PIN, PIN_OUTPUT);
     e50:	81 e0       	ldi	r24, 0x01	; 1
     e52:	65 e0       	ldi	r22, 0x05	; 5
     e54:	41 e0       	ldi	r20, 0x01	; 1
     e56:	0e 94 c6 08 	call	0x118c	; 0x118c <GPIO_setupPinDirection>
	/*Setup the direction for the ECHO pin as input pin*/
	GPIO_setupPinDirection(ECHO_PORT, ECHO_PIN, PIN_INPUT);
     e5a:	83 e0       	ldi	r24, 0x03	; 3
     e5c:	66 e0       	ldi	r22, 0x06	; 6
     e5e:	40 e0       	ldi	r20, 0x00	; 0
     e60:	0e 94 c6 08 	call	0x118c	; 0x118c <GPIO_setupPinDirection>
}
     e64:	0f 90       	pop	r0
     e66:	0f 90       	pop	r0
     e68:	cf 91       	pop	r28
     e6a:	df 91       	pop	r29
     e6c:	08 95       	ret

00000e6e <Ultrasonic_Trigger>:

/*
 * Description :
 * Send the Trigger pulse to the ultrasonic
 */
void Ultrasonic_Trigger(void){
     e6e:	df 93       	push	r29
     e70:	cf 93       	push	r28
     e72:	cd b7       	in	r28, 0x3d	; 61
     e74:	de b7       	in	r29, 0x3e	; 62
     e76:	68 97       	sbiw	r28, 0x18	; 24
     e78:	0f b6       	in	r0, 0x3f	; 63
     e7a:	f8 94       	cli
     e7c:	de bf       	out	0x3e, r29	; 62
     e7e:	0f be       	out	0x3f, r0	; 63
     e80:	cd bf       	out	0x3d, r28	; 61

	GPIO_writePin(TR_PORT, TR_PIN, LOGIC_HIGH ); /*TR  -> PB5*/
     e82:	81 e0       	ldi	r24, 0x01	; 1
     e84:	65 e0       	ldi	r22, 0x05	; 5
     e86:	41 e0       	ldi	r20, 0x01	; 1
     e88:	0e 94 b1 09 	call	0x1362	; 0x1362 <GPIO_writePin>
     e8c:	80 e0       	ldi	r24, 0x00	; 0
     e8e:	90 e0       	ldi	r25, 0x00	; 0
     e90:	a0 e2       	ldi	r26, 0x20	; 32
     e92:	b1 e4       	ldi	r27, 0x41	; 65
     e94:	8d 8b       	std	Y+21, r24	; 0x15
     e96:	9e 8b       	std	Y+22, r25	; 0x16
     e98:	af 8b       	std	Y+23, r26	; 0x17
     e9a:	b8 8f       	std	Y+24, r27	; 0x18
 */
void
_delay_us(double __us)
{
	uint8_t __ticks;
	double __tmp = ((F_CPU) / 3e6) * __us;
     e9c:	6d 89       	ldd	r22, Y+21	; 0x15
     e9e:	7e 89       	ldd	r23, Y+22	; 0x16
     ea0:	8f 89       	ldd	r24, Y+23	; 0x17
     ea2:	98 8d       	ldd	r25, Y+24	; 0x18
     ea4:	2b ea       	ldi	r18, 0xAB	; 171
     ea6:	3a ea       	ldi	r19, 0xAA	; 170
     ea8:	4a e2       	ldi	r20, 0x2A	; 42
     eaa:	50 e4       	ldi	r21, 0x40	; 64
     eac:	0e 94 1f 02 	call	0x43e	; 0x43e <__mulsf3>
     eb0:	dc 01       	movw	r26, r24
     eb2:	cb 01       	movw	r24, r22
     eb4:	89 8b       	std	Y+17, r24	; 0x11
     eb6:	9a 8b       	std	Y+18, r25	; 0x12
     eb8:	ab 8b       	std	Y+19, r26	; 0x13
     eba:	bc 8b       	std	Y+20, r27	; 0x14
	if (__tmp < 1.0)
     ebc:	69 89       	ldd	r22, Y+17	; 0x11
     ebe:	7a 89       	ldd	r23, Y+18	; 0x12
     ec0:	8b 89       	ldd	r24, Y+19	; 0x13
     ec2:	9c 89       	ldd	r25, Y+20	; 0x14
     ec4:	20 e0       	ldi	r18, 0x00	; 0
     ec6:	30 e0       	ldi	r19, 0x00	; 0
     ec8:	40 e8       	ldi	r20, 0x80	; 128
     eca:	5f e3       	ldi	r21, 0x3F	; 63
     ecc:	0e 94 25 04 	call	0x84a	; 0x84a <__ltsf2>
     ed0:	88 23       	and	r24, r24
     ed2:	1c f4       	brge	.+6      	; 0xeda <Ultrasonic_Trigger+0x6c>
		__ticks = 1;
     ed4:	81 e0       	ldi	r24, 0x01	; 1
     ed6:	88 8b       	std	Y+16, r24	; 0x10
     ed8:	91 c0       	rjmp	.+290    	; 0xffc <Ultrasonic_Trigger+0x18e>
	else if (__tmp > 255)
     eda:	69 89       	ldd	r22, Y+17	; 0x11
     edc:	7a 89       	ldd	r23, Y+18	; 0x12
     ede:	8b 89       	ldd	r24, Y+19	; 0x13
     ee0:	9c 89       	ldd	r25, Y+20	; 0x14
     ee2:	20 e0       	ldi	r18, 0x00	; 0
     ee4:	30 e0       	ldi	r19, 0x00	; 0
     ee6:	4f e7       	ldi	r20, 0x7F	; 127
     ee8:	53 e4       	ldi	r21, 0x43	; 67
     eea:	0e 94 c5 03 	call	0x78a	; 0x78a <__gtsf2>
     eee:	18 16       	cp	r1, r24
     ef0:	0c f0       	brlt	.+2      	; 0xef4 <Ultrasonic_Trigger+0x86>
     ef2:	7b c0       	rjmp	.+246    	; 0xfea <Ultrasonic_Trigger+0x17c>
	{
		_delay_ms(__us / 1000.0);
     ef4:	6d 89       	ldd	r22, Y+21	; 0x15
     ef6:	7e 89       	ldd	r23, Y+22	; 0x16
     ef8:	8f 89       	ldd	r24, Y+23	; 0x17
     efa:	98 8d       	ldd	r25, Y+24	; 0x18
     efc:	20 e0       	ldi	r18, 0x00	; 0
     efe:	30 e0       	ldi	r19, 0x00	; 0
     f00:	4a e7       	ldi	r20, 0x7A	; 122
     f02:	54 e4       	ldi	r21, 0x44	; 68
     f04:	0e 94 19 03 	call	0x632	; 0x632 <__divsf3>
     f08:	dc 01       	movw	r26, r24
     f0a:	cb 01       	movw	r24, r22
     f0c:	8c 87       	std	Y+12, r24	; 0x0c
     f0e:	9d 87       	std	Y+13, r25	; 0x0d
     f10:	ae 87       	std	Y+14, r26	; 0x0e
     f12:	bf 87       	std	Y+15, r27	; 0x0f
 */
void
_delay_ms(double __ms)
{
	uint16_t __ticks;
	double __tmp = ((F_CPU) / 4e3) * __ms;
     f14:	6c 85       	ldd	r22, Y+12	; 0x0c
     f16:	7d 85       	ldd	r23, Y+13	; 0x0d
     f18:	8e 85       	ldd	r24, Y+14	; 0x0e
     f1a:	9f 85       	ldd	r25, Y+15	; 0x0f
     f1c:	20 e0       	ldi	r18, 0x00	; 0
     f1e:	30 e0       	ldi	r19, 0x00	; 0
     f20:	4a ef       	ldi	r20, 0xFA	; 250
     f22:	54 e4       	ldi	r21, 0x44	; 68
     f24:	0e 94 1f 02 	call	0x43e	; 0x43e <__mulsf3>
     f28:	dc 01       	movw	r26, r24
     f2a:	cb 01       	movw	r24, r22
     f2c:	88 87       	std	Y+8, r24	; 0x08
     f2e:	99 87       	std	Y+9, r25	; 0x09
     f30:	aa 87       	std	Y+10, r26	; 0x0a
     f32:	bb 87       	std	Y+11, r27	; 0x0b
	if (__tmp < 1.0)
     f34:	68 85       	ldd	r22, Y+8	; 0x08
     f36:	79 85       	ldd	r23, Y+9	; 0x09
     f38:	8a 85       	ldd	r24, Y+10	; 0x0a
     f3a:	9b 85       	ldd	r25, Y+11	; 0x0b
     f3c:	20 e0       	ldi	r18, 0x00	; 0
     f3e:	30 e0       	ldi	r19, 0x00	; 0
     f40:	40 e8       	ldi	r20, 0x80	; 128
     f42:	5f e3       	ldi	r21, 0x3F	; 63
     f44:	0e 94 25 04 	call	0x84a	; 0x84a <__ltsf2>
     f48:	88 23       	and	r24, r24
     f4a:	2c f4       	brge	.+10     	; 0xf56 <Ultrasonic_Trigger+0xe8>
		__ticks = 1;
     f4c:	81 e0       	ldi	r24, 0x01	; 1
     f4e:	90 e0       	ldi	r25, 0x00	; 0
     f50:	9f 83       	std	Y+7, r25	; 0x07
     f52:	8e 83       	std	Y+6, r24	; 0x06
     f54:	3f c0       	rjmp	.+126    	; 0xfd4 <Ultrasonic_Trigger+0x166>
	else if (__tmp > 65535)
     f56:	68 85       	ldd	r22, Y+8	; 0x08
     f58:	79 85       	ldd	r23, Y+9	; 0x09
     f5a:	8a 85       	ldd	r24, Y+10	; 0x0a
     f5c:	9b 85       	ldd	r25, Y+11	; 0x0b
     f5e:	20 e0       	ldi	r18, 0x00	; 0
     f60:	3f ef       	ldi	r19, 0xFF	; 255
     f62:	4f e7       	ldi	r20, 0x7F	; 127
     f64:	57 e4       	ldi	r21, 0x47	; 71
     f66:	0e 94 c5 03 	call	0x78a	; 0x78a <__gtsf2>
     f6a:	18 16       	cp	r1, r24
     f6c:	4c f5       	brge	.+82     	; 0xfc0 <Ultrasonic_Trigger+0x152>
	{
		//	__ticks = requested delay in 1/10 ms
		__ticks = (uint16_t) (__ms * 10.0);
     f6e:	6c 85       	ldd	r22, Y+12	; 0x0c
     f70:	7d 85       	ldd	r23, Y+13	; 0x0d
     f72:	8e 85       	ldd	r24, Y+14	; 0x0e
     f74:	9f 85       	ldd	r25, Y+15	; 0x0f
     f76:	20 e0       	ldi	r18, 0x00	; 0
     f78:	30 e0       	ldi	r19, 0x00	; 0
     f7a:	40 e2       	ldi	r20, 0x20	; 32
     f7c:	51 e4       	ldi	r21, 0x41	; 65
     f7e:	0e 94 1f 02 	call	0x43e	; 0x43e <__mulsf3>
     f82:	dc 01       	movw	r26, r24
     f84:	cb 01       	movw	r24, r22
     f86:	bc 01       	movw	r22, r24
     f88:	cd 01       	movw	r24, r26
     f8a:	0e 94 49 00 	call	0x92	; 0x92 <__fixunssfsi>
     f8e:	dc 01       	movw	r26, r24
     f90:	cb 01       	movw	r24, r22
     f92:	9f 83       	std	Y+7, r25	; 0x07
     f94:	8e 83       	std	Y+6, r24	; 0x06
     f96:	0f c0       	rjmp	.+30     	; 0xfb6 <Ultrasonic_Trigger+0x148>
     f98:	88 ec       	ldi	r24, 0xC8	; 200
     f9a:	90 e0       	ldi	r25, 0x00	; 0
     f9c:	9d 83       	std	Y+5, r25	; 0x05
     f9e:	8c 83       	std	Y+4, r24	; 0x04
    milliseconds can be achieved.
 */
void
_delay_loop_2(uint16_t __count)
{
	__asm__ volatile (
     fa0:	8c 81       	ldd	r24, Y+4	; 0x04
     fa2:	9d 81       	ldd	r25, Y+5	; 0x05
     fa4:	01 97       	sbiw	r24, 0x01	; 1
     fa6:	f1 f7       	brne	.-4      	; 0xfa4 <Ultrasonic_Trigger+0x136>
     fa8:	9d 83       	std	Y+5, r25	; 0x05
     faa:	8c 83       	std	Y+4, r24	; 0x04
		while(__ticks)
		{
			// wait 1/10 ms
			_delay_loop_2(((F_CPU) / 4e3) / 10);
			__ticks --;
     fac:	8e 81       	ldd	r24, Y+6	; 0x06
     fae:	9f 81       	ldd	r25, Y+7	; 0x07
     fb0:	01 97       	sbiw	r24, 0x01	; 1
     fb2:	9f 83       	std	Y+7, r25	; 0x07
     fb4:	8e 83       	std	Y+6, r24	; 0x06
		__ticks = 1;
	else if (__tmp > 65535)
	{
		//	__ticks = requested delay in 1/10 ms
		__ticks = (uint16_t) (__ms * 10.0);
		while(__ticks)
     fb6:	8e 81       	ldd	r24, Y+6	; 0x06
     fb8:	9f 81       	ldd	r25, Y+7	; 0x07
     fba:	00 97       	sbiw	r24, 0x00	; 0
     fbc:	69 f7       	brne	.-38     	; 0xf98 <Ultrasonic_Trigger+0x12a>
     fbe:	24 c0       	rjmp	.+72     	; 0x1008 <Ultrasonic_Trigger+0x19a>
			__ticks --;
		}
		return;
	}
	else
		__ticks = (uint16_t)__tmp;
     fc0:	68 85       	ldd	r22, Y+8	; 0x08
     fc2:	79 85       	ldd	r23, Y+9	; 0x09
     fc4:	8a 85       	ldd	r24, Y+10	; 0x0a
     fc6:	9b 85       	ldd	r25, Y+11	; 0x0b
     fc8:	0e 94 49 00 	call	0x92	; 0x92 <__fixunssfsi>
     fcc:	dc 01       	movw	r26, r24
     fce:	cb 01       	movw	r24, r22
     fd0:	9f 83       	std	Y+7, r25	; 0x07
     fd2:	8e 83       	std	Y+6, r24	; 0x06
     fd4:	8e 81       	ldd	r24, Y+6	; 0x06
     fd6:	9f 81       	ldd	r25, Y+7	; 0x07
     fd8:	9b 83       	std	Y+3, r25	; 0x03
     fda:	8a 83       	std	Y+2, r24	; 0x02
     fdc:	8a 81       	ldd	r24, Y+2	; 0x02
     fde:	9b 81       	ldd	r25, Y+3	; 0x03
     fe0:	01 97       	sbiw	r24, 0x01	; 1
     fe2:	f1 f7       	brne	.-4      	; 0xfe0 <Ultrasonic_Trigger+0x172>
     fe4:	9b 83       	std	Y+3, r25	; 0x03
     fe6:	8a 83       	std	Y+2, r24	; 0x02
     fe8:	0f c0       	rjmp	.+30     	; 0x1008 <Ultrasonic_Trigger+0x19a>
	{
		_delay_ms(__us / 1000.0);
		return;
	}
	else
		__ticks = (uint8_t)__tmp;
     fea:	69 89       	ldd	r22, Y+17	; 0x11
     fec:	7a 89       	ldd	r23, Y+18	; 0x12
     fee:	8b 89       	ldd	r24, Y+19	; 0x13
     ff0:	9c 89       	ldd	r25, Y+20	; 0x14
     ff2:	0e 94 49 00 	call	0x92	; 0x92 <__fixunssfsi>
     ff6:	dc 01       	movw	r26, r24
     ff8:	cb 01       	movw	r24, r22
     ffa:	88 8b       	std	Y+16, r24	; 0x10
     ffc:	88 89       	ldd	r24, Y+16	; 0x10
     ffe:	89 83       	std	Y+1, r24	; 0x01
    can be achieved.
*/
void
_delay_loop_1(uint8_t __count)
{
	__asm__ volatile (
    1000:	89 81       	ldd	r24, Y+1	; 0x01
    1002:	8a 95       	dec	r24
    1004:	f1 f7       	brne	.-4      	; 0x1002 <Ultrasonic_Trigger+0x194>
    1006:	89 83       	std	Y+1, r24	; 0x01
	_delay_us(10); /* delay for not less than 10 micro second */
	GPIO_writePin(TR_PORT, TR_PIN, LOGIC_LOW ); /*TR  -> PB5*/
    1008:	81 e0       	ldi	r24, 0x01	; 1
    100a:	65 e0       	ldi	r22, 0x05	; 5
    100c:	40 e0       	ldi	r20, 0x00	; 0
    100e:	0e 94 b1 09 	call	0x1362	; 0x1362 <GPIO_writePin>
}
    1012:	68 96       	adiw	r28, 0x18	; 24
    1014:	0f b6       	in	r0, 0x3f	; 63
    1016:	f8 94       	cli
    1018:	de bf       	out	0x3e, r29	; 62
    101a:	0f be       	out	0x3f, r0	; 63
    101c:	cd bf       	out	0x3d, r28	; 61
    101e:	cf 91       	pop	r28
    1020:	df 91       	pop	r29
    1022:	08 95       	ret

00001024 <Ultrasonic_readDistance>:
/*
 * Description :
 * Send the trigger pulse by using Ultrasonic_Trigger function.
 * Start the measurements by the ICU from this moment.
 */
uint16 Ultrasonic_readDistance(void){
    1024:	ef 92       	push	r14
    1026:	ff 92       	push	r15
    1028:	0f 93       	push	r16
    102a:	1f 93       	push	r17
    102c:	df 93       	push	r29
    102e:	cf 93       	push	r28
    1030:	00 d0       	rcall	.+0      	; 0x1032 <Ultrasonic_readDistance+0xe>
    1032:	cd b7       	in	r28, 0x3d	; 61
    1034:	de b7       	in	r29, 0x3e	; 62
	uint16 distance;
	Ultrasonic_Trigger();
    1036:	0e 94 37 07 	call	0xe6e	; 0xe6e <Ultrasonic_Trigger>

	if(g_edgeCount == 4)
    103a:	80 91 78 01 	lds	r24, 0x0178
    103e:	84 30       	cpi	r24, 0x04	; 4
    1040:	09 f0       	breq	.+2      	; 0x1044 <Ultrasonic_readDistance+0x20>
    1042:	40 c0       	rjmp	.+128    	; 0x10c4 <Ultrasonic_readDistance+0xa0>
	{
		g_edgeCount = 0;
    1044:	10 92 78 01 	sts	0x0178, r1
		g_dutyCycle = ((float)(g_timePeriodPlusHigh-g_timePeriod) / (g_timePeriodPlusHigh - g_timeHigh));
    1048:	20 91 7d 01 	lds	r18, 0x017D
    104c:	30 91 7e 01 	lds	r19, 0x017E
    1050:	80 91 7b 01 	lds	r24, 0x017B
    1054:	90 91 7c 01 	lds	r25, 0x017C
    1058:	a9 01       	movw	r20, r18
    105a:	48 1b       	sub	r20, r24
    105c:	59 0b       	sbc	r21, r25
    105e:	ca 01       	movw	r24, r20
    1060:	cc 01       	movw	r24, r24
    1062:	a0 e0       	ldi	r26, 0x00	; 0
    1064:	b0 e0       	ldi	r27, 0x00	; 0
    1066:	bc 01       	movw	r22, r24
    1068:	cd 01       	movw	r24, r26
    106a:	0e 94 a9 04 	call	0x952	; 0x952 <__floatunsisf>
    106e:	7b 01       	movw	r14, r22
    1070:	8c 01       	movw	r16, r24
    1072:	20 91 7d 01 	lds	r18, 0x017D
    1076:	30 91 7e 01 	lds	r19, 0x017E
    107a:	80 91 79 01 	lds	r24, 0x0179
    107e:	90 91 7a 01 	lds	r25, 0x017A
    1082:	a9 01       	movw	r20, r18
    1084:	48 1b       	sub	r20, r24
    1086:	59 0b       	sbc	r21, r25
    1088:	ca 01       	movw	r24, r20
    108a:	cc 01       	movw	r24, r24
    108c:	a0 e0       	ldi	r26, 0x00	; 0
    108e:	b0 e0       	ldi	r27, 0x00	; 0
    1090:	bc 01       	movw	r22, r24
    1092:	cd 01       	movw	r24, r26
    1094:	0e 94 a9 04 	call	0x952	; 0x952 <__floatunsisf>
    1098:	9b 01       	movw	r18, r22
    109a:	ac 01       	movw	r20, r24
    109c:	c8 01       	movw	r24, r16
    109e:	b7 01       	movw	r22, r14
    10a0:	0e 94 19 03 	call	0x632	; 0x632 <__divsf3>
    10a4:	dc 01       	movw	r26, r24
    10a6:	cb 01       	movw	r24, r22
    10a8:	bc 01       	movw	r22, r24
    10aa:	cd 01       	movw	r24, r26
    10ac:	0e 94 49 00 	call	0x92	; 0x92 <__fixunssfsi>
    10b0:	dc 01       	movw	r26, r24
    10b2:	cb 01       	movw	r24, r22
    10b4:	80 93 7f 01 	sts	0x017F, r24
    10b8:	90 93 80 01 	sts	0x0180, r25
    10bc:	a0 93 81 01 	sts	0x0181, r26
    10c0:	b0 93 82 01 	sts	0x0182, r27

	}
	distance = (g_dutyCycle *1700); /*Sound velocity = 340.00 m/s = 34000 cm/s
    10c4:	80 91 7f 01 	lds	r24, 0x017F
    10c8:	90 91 80 01 	lds	r25, 0x0180
    10cc:	a0 91 81 01 	lds	r26, 0x0181
    10d0:	b0 91 82 01 	lds	r27, 0x0182
    10d4:	24 ea       	ldi	r18, 0xA4	; 164
    10d6:	36 e0       	ldi	r19, 0x06	; 6
    10d8:	40 e0       	ldi	r20, 0x00	; 0
    10da:	50 e0       	ldi	r21, 0x00	; 0
    10dc:	bc 01       	movw	r22, r24
    10de:	cd 01       	movw	r24, r26
    10e0:	0e 94 69 12 	call	0x24d2	; 0x24d2 <__mulsi3>
    10e4:	dc 01       	movw	r26, r24
    10e6:	cb 01       	movw	r24, r22
    10e8:	9a 83       	std	Y+2, r25	; 0x02
    10ea:	89 83       	std	Y+1, r24	; 0x01
	                                The distance of Object (in cm) = (34000∗Time)/2 = 17000 * Time*/
	return distance;
    10ec:	89 81       	ldd	r24, Y+1	; 0x01
    10ee:	9a 81       	ldd	r25, Y+2	; 0x02
}
    10f0:	0f 90       	pop	r0
    10f2:	0f 90       	pop	r0
    10f4:	cf 91       	pop	r28
    10f6:	df 91       	pop	r29
    10f8:	1f 91       	pop	r17
    10fa:	0f 91       	pop	r16
    10fc:	ff 90       	pop	r15
    10fe:	ef 90       	pop	r14
    1100:	08 95       	ret

00001102 <Ultrasonic_edgeProcessing>:
 * Description :
 * This is the call back function called by the ICU driver.
 * This is used to calculate the high time (pulse time) generated by
 * the ultrasonic sensor.
 */
void Ultrasonic_edgeProcessing(void){
    1102:	df 93       	push	r29
    1104:	cf 93       	push	r28
    1106:	cd b7       	in	r28, 0x3d	; 61
    1108:	de b7       	in	r29, 0x3e	; 62

	g_edgeCount++;
    110a:	80 91 78 01 	lds	r24, 0x0178
    110e:	8f 5f       	subi	r24, 0xFF	; 255
    1110:	80 93 78 01 	sts	0x0178, r24
	if(g_edgeCount == 1)
    1114:	80 91 78 01 	lds	r24, 0x0178
    1118:	81 30       	cpi	r24, 0x01	; 1
    111a:	31 f4       	brne	.+12     	; 0x1128 <Ultrasonic_edgeProcessing+0x26>
	{
		/*
		 * Clear the timer counter register to start measurements from the
		 * first detected rising edge
		 */
		ICU_clearTimerValue();
    111c:	0e 94 bc 0c 	call	0x1978	; 0x1978 <ICU_clearTimerValue>
		/* Detect falling edge */
		ICU_setEdgeDetectionType(FALLING);
    1120:	80 e0       	ldi	r24, 0x00	; 0
    1122:	0e 94 92 0c 	call	0x1924	; 0x1924 <ICU_setEdgeDetectionType>
    1126:	2f c0       	rjmp	.+94     	; 0x1186 <Ultrasonic_edgeProcessing+0x84>
	}
	else if(g_edgeCount == 2)
    1128:	80 91 78 01 	lds	r24, 0x0178
    112c:	82 30       	cpi	r24, 0x02	; 2
    112e:	51 f4       	brne	.+20     	; 0x1144 <Ultrasonic_edgeProcessing+0x42>
	{
		/* Store the High time value */
		g_timeHigh = ICU_getInputCaptureValue();
    1130:	0e 94 b1 0c 	call	0x1962	; 0x1962 <ICU_getInputCaptureValue>
    1134:	90 93 7a 01 	sts	0x017A, r25
    1138:	80 93 79 01 	sts	0x0179, r24
		/* Detect rising edge */
		ICU_setEdgeDetectionType(RAISING);
    113c:	81 e0       	ldi	r24, 0x01	; 1
    113e:	0e 94 92 0c 	call	0x1924	; 0x1924 <ICU_setEdgeDetectionType>
    1142:	21 c0       	rjmp	.+66     	; 0x1186 <Ultrasonic_edgeProcessing+0x84>
	}
	else if(g_edgeCount == 3)
    1144:	80 91 78 01 	lds	r24, 0x0178
    1148:	83 30       	cpi	r24, 0x03	; 3
    114a:	51 f4       	brne	.+20     	; 0x1160 <Ultrasonic_edgeProcessing+0x5e>
	{
		/* Store the Period time value */
		g_timePeriod = ICU_getInputCaptureValue();
    114c:	0e 94 b1 0c 	call	0x1962	; 0x1962 <ICU_getInputCaptureValue>
    1150:	90 93 7c 01 	sts	0x017C, r25
    1154:	80 93 7b 01 	sts	0x017B, r24
		/* Detect falling edge */
		ICU_setEdgeDetectionType(FALLING);
    1158:	80 e0       	ldi	r24, 0x00	; 0
    115a:	0e 94 92 0c 	call	0x1924	; 0x1924 <ICU_setEdgeDetectionType>
    115e:	13 c0       	rjmp	.+38     	; 0x1186 <Ultrasonic_edgeProcessing+0x84>
	}
	else if(g_edgeCount == 4)
    1160:	80 91 78 01 	lds	r24, 0x0178
    1164:	84 30       	cpi	r24, 0x04	; 4
    1166:	79 f4       	brne	.+30     	; 0x1186 <Ultrasonic_edgeProcessing+0x84>
	{
		/* Store the Period time value + High time value */
		g_timePeriodPlusHigh = ICU_getInputCaptureValue();
    1168:	0e 94 b1 0c 	call	0x1962	; 0x1962 <ICU_getInputCaptureValue>
    116c:	90 93 7e 01 	sts	0x017E, r25
    1170:	80 93 7d 01 	sts	0x017D, r24
		/* Clear the timer counter register to start measurements again */
		ICU_clearTimerValue();
    1174:	0e 94 bc 0c 	call	0x1978	; 0x1978 <ICU_clearTimerValue>
		/* Detect rising edge */
		ICU_setEdgeDetectionType(RAISING);
    1178:	81 e0       	ldi	r24, 0x01	; 1
    117a:	0e 94 92 0c 	call	0x1924	; 0x1924 <ICU_setEdgeDetectionType>


		g_edgeCount=0;
    117e:	10 92 78 01 	sts	0x0178, r1
		ICU_deInit();
    1182:	0e 94 c7 0c 	call	0x198e	; 0x198e <ICU_deInit>
	}

}
    1186:	cf 91       	pop	r28
    1188:	df 91       	pop	r29
    118a:	08 95       	ret

0000118c <GPIO_setupPinDirection>:
 * Description :
 * Setup the direction of the required pin input/output.
 * If the input port number or pin number are not correct, The function will not handle the request.
 */
void GPIO_setupPinDirection(uint8 port_num, uint8 pin_num, GPIO_PinDirectionType direction)
{
    118c:	df 93       	push	r29
    118e:	cf 93       	push	r28
    1190:	00 d0       	rcall	.+0      	; 0x1192 <GPIO_setupPinDirection+0x6>
    1192:	00 d0       	rcall	.+0      	; 0x1194 <GPIO_setupPinDirection+0x8>
    1194:	0f 92       	push	r0
    1196:	cd b7       	in	r28, 0x3d	; 61
    1198:	de b7       	in	r29, 0x3e	; 62
    119a:	89 83       	std	Y+1, r24	; 0x01
    119c:	6a 83       	std	Y+2, r22	; 0x02
    119e:	4b 83       	std	Y+3, r20	; 0x03
	/*
	 * Check if the input port number is greater than NUM_OF_PINS_PER_PORT value.
	 * Or if the input pin number is greater than NUM_OF_PINS_PER_PORT value.
	 * In this case the input is not valid port/pin number
	 */
	if((pin_num >= NUM_OF_PINS_PER_PORT) || (port_num >= NUM_OF_PORTS))
    11a0:	8a 81       	ldd	r24, Y+2	; 0x02
    11a2:	88 30       	cpi	r24, 0x08	; 8
    11a4:	08 f0       	brcs	.+2      	; 0x11a8 <GPIO_setupPinDirection+0x1c>
    11a6:	d5 c0       	rjmp	.+426    	; 0x1352 <GPIO_setupPinDirection+0x1c6>
    11a8:	89 81       	ldd	r24, Y+1	; 0x01
    11aa:	84 30       	cpi	r24, 0x04	; 4
    11ac:	08 f0       	brcs	.+2      	; 0x11b0 <GPIO_setupPinDirection+0x24>
    11ae:	d1 c0       	rjmp	.+418    	; 0x1352 <GPIO_setupPinDirection+0x1c6>
		/* Do Nothing */
	}
	else
	{
		/* Setup the pin direction as required */
		switch(port_num)
    11b0:	89 81       	ldd	r24, Y+1	; 0x01
    11b2:	28 2f       	mov	r18, r24
    11b4:	30 e0       	ldi	r19, 0x00	; 0
    11b6:	3d 83       	std	Y+5, r19	; 0x05
    11b8:	2c 83       	std	Y+4, r18	; 0x04
    11ba:	8c 81       	ldd	r24, Y+4	; 0x04
    11bc:	9d 81       	ldd	r25, Y+5	; 0x05
    11be:	81 30       	cpi	r24, 0x01	; 1
    11c0:	91 05       	cpc	r25, r1
    11c2:	09 f4       	brne	.+2      	; 0x11c6 <GPIO_setupPinDirection+0x3a>
    11c4:	43 c0       	rjmp	.+134    	; 0x124c <GPIO_setupPinDirection+0xc0>
    11c6:	2c 81       	ldd	r18, Y+4	; 0x04
    11c8:	3d 81       	ldd	r19, Y+5	; 0x05
    11ca:	22 30       	cpi	r18, 0x02	; 2
    11cc:	31 05       	cpc	r19, r1
    11ce:	2c f4       	brge	.+10     	; 0x11da <GPIO_setupPinDirection+0x4e>
    11d0:	8c 81       	ldd	r24, Y+4	; 0x04
    11d2:	9d 81       	ldd	r25, Y+5	; 0x05
    11d4:	00 97       	sbiw	r24, 0x00	; 0
    11d6:	71 f0       	breq	.+28     	; 0x11f4 <GPIO_setupPinDirection+0x68>
    11d8:	bc c0       	rjmp	.+376    	; 0x1352 <GPIO_setupPinDirection+0x1c6>
    11da:	2c 81       	ldd	r18, Y+4	; 0x04
    11dc:	3d 81       	ldd	r19, Y+5	; 0x05
    11de:	22 30       	cpi	r18, 0x02	; 2
    11e0:	31 05       	cpc	r19, r1
    11e2:	09 f4       	brne	.+2      	; 0x11e6 <GPIO_setupPinDirection+0x5a>
    11e4:	5f c0       	rjmp	.+190    	; 0x12a4 <GPIO_setupPinDirection+0x118>
    11e6:	8c 81       	ldd	r24, Y+4	; 0x04
    11e8:	9d 81       	ldd	r25, Y+5	; 0x05
    11ea:	83 30       	cpi	r24, 0x03	; 3
    11ec:	91 05       	cpc	r25, r1
    11ee:	09 f4       	brne	.+2      	; 0x11f2 <GPIO_setupPinDirection+0x66>
    11f0:	85 c0       	rjmp	.+266    	; 0x12fc <GPIO_setupPinDirection+0x170>
    11f2:	af c0       	rjmp	.+350    	; 0x1352 <GPIO_setupPinDirection+0x1c6>
		{
		case PORTA_ID:
			if(direction == PIN_OUTPUT)
    11f4:	8b 81       	ldd	r24, Y+3	; 0x03
    11f6:	81 30       	cpi	r24, 0x01	; 1
    11f8:	a1 f4       	brne	.+40     	; 0x1222 <GPIO_setupPinDirection+0x96>
			{
				SET_BIT(DDRA,pin_num);
    11fa:	aa e3       	ldi	r26, 0x3A	; 58
    11fc:	b0 e0       	ldi	r27, 0x00	; 0
    11fe:	ea e3       	ldi	r30, 0x3A	; 58
    1200:	f0 e0       	ldi	r31, 0x00	; 0
    1202:	80 81       	ld	r24, Z
    1204:	48 2f       	mov	r20, r24
    1206:	8a 81       	ldd	r24, Y+2	; 0x02
    1208:	28 2f       	mov	r18, r24
    120a:	30 e0       	ldi	r19, 0x00	; 0
    120c:	81 e0       	ldi	r24, 0x01	; 1
    120e:	90 e0       	ldi	r25, 0x00	; 0
    1210:	02 2e       	mov	r0, r18
    1212:	02 c0       	rjmp	.+4      	; 0x1218 <GPIO_setupPinDirection+0x8c>
    1214:	88 0f       	add	r24, r24
    1216:	99 1f       	adc	r25, r25
    1218:	0a 94       	dec	r0
    121a:	e2 f7       	brpl	.-8      	; 0x1214 <GPIO_setupPinDirection+0x88>
    121c:	84 2b       	or	r24, r20
    121e:	8c 93       	st	X, r24
    1220:	98 c0       	rjmp	.+304    	; 0x1352 <GPIO_setupPinDirection+0x1c6>
			}
			else
			{
				CLEAR_BIT(DDRA,pin_num);
    1222:	aa e3       	ldi	r26, 0x3A	; 58
    1224:	b0 e0       	ldi	r27, 0x00	; 0
    1226:	ea e3       	ldi	r30, 0x3A	; 58
    1228:	f0 e0       	ldi	r31, 0x00	; 0
    122a:	80 81       	ld	r24, Z
    122c:	48 2f       	mov	r20, r24
    122e:	8a 81       	ldd	r24, Y+2	; 0x02
    1230:	28 2f       	mov	r18, r24
    1232:	30 e0       	ldi	r19, 0x00	; 0
    1234:	81 e0       	ldi	r24, 0x01	; 1
    1236:	90 e0       	ldi	r25, 0x00	; 0
    1238:	02 2e       	mov	r0, r18
    123a:	02 c0       	rjmp	.+4      	; 0x1240 <GPIO_setupPinDirection+0xb4>
    123c:	88 0f       	add	r24, r24
    123e:	99 1f       	adc	r25, r25
    1240:	0a 94       	dec	r0
    1242:	e2 f7       	brpl	.-8      	; 0x123c <GPIO_setupPinDirection+0xb0>
    1244:	80 95       	com	r24
    1246:	84 23       	and	r24, r20
    1248:	8c 93       	st	X, r24
    124a:	83 c0       	rjmp	.+262    	; 0x1352 <GPIO_setupPinDirection+0x1c6>
			}
			break;
		case PORTB_ID:
			if(direction == PIN_OUTPUT)
    124c:	8b 81       	ldd	r24, Y+3	; 0x03
    124e:	81 30       	cpi	r24, 0x01	; 1
    1250:	a1 f4       	brne	.+40     	; 0x127a <GPIO_setupPinDirection+0xee>
			{
				SET_BIT(DDRB,pin_num);
    1252:	a7 e3       	ldi	r26, 0x37	; 55
    1254:	b0 e0       	ldi	r27, 0x00	; 0
    1256:	e7 e3       	ldi	r30, 0x37	; 55
    1258:	f0 e0       	ldi	r31, 0x00	; 0
    125a:	80 81       	ld	r24, Z
    125c:	48 2f       	mov	r20, r24
    125e:	8a 81       	ldd	r24, Y+2	; 0x02
    1260:	28 2f       	mov	r18, r24
    1262:	30 e0       	ldi	r19, 0x00	; 0
    1264:	81 e0       	ldi	r24, 0x01	; 1
    1266:	90 e0       	ldi	r25, 0x00	; 0
    1268:	02 2e       	mov	r0, r18
    126a:	02 c0       	rjmp	.+4      	; 0x1270 <GPIO_setupPinDirection+0xe4>
    126c:	88 0f       	add	r24, r24
    126e:	99 1f       	adc	r25, r25
    1270:	0a 94       	dec	r0
    1272:	e2 f7       	brpl	.-8      	; 0x126c <GPIO_setupPinDirection+0xe0>
    1274:	84 2b       	or	r24, r20
    1276:	8c 93       	st	X, r24
    1278:	6c c0       	rjmp	.+216    	; 0x1352 <GPIO_setupPinDirection+0x1c6>
			}
			else
			{
				CLEAR_BIT(DDRB,pin_num);
    127a:	a7 e3       	ldi	r26, 0x37	; 55
    127c:	b0 e0       	ldi	r27, 0x00	; 0
    127e:	e7 e3       	ldi	r30, 0x37	; 55
    1280:	f0 e0       	ldi	r31, 0x00	; 0
    1282:	80 81       	ld	r24, Z
    1284:	48 2f       	mov	r20, r24
    1286:	8a 81       	ldd	r24, Y+2	; 0x02
    1288:	28 2f       	mov	r18, r24
    128a:	30 e0       	ldi	r19, 0x00	; 0
    128c:	81 e0       	ldi	r24, 0x01	; 1
    128e:	90 e0       	ldi	r25, 0x00	; 0
    1290:	02 2e       	mov	r0, r18
    1292:	02 c0       	rjmp	.+4      	; 0x1298 <GPIO_setupPinDirection+0x10c>
    1294:	88 0f       	add	r24, r24
    1296:	99 1f       	adc	r25, r25
    1298:	0a 94       	dec	r0
    129a:	e2 f7       	brpl	.-8      	; 0x1294 <GPIO_setupPinDirection+0x108>
    129c:	80 95       	com	r24
    129e:	84 23       	and	r24, r20
    12a0:	8c 93       	st	X, r24
    12a2:	57 c0       	rjmp	.+174    	; 0x1352 <GPIO_setupPinDirection+0x1c6>
			}
			break;
		case PORTC_ID:
			if(direction == PIN_OUTPUT)
    12a4:	8b 81       	ldd	r24, Y+3	; 0x03
    12a6:	81 30       	cpi	r24, 0x01	; 1
    12a8:	a1 f4       	brne	.+40     	; 0x12d2 <GPIO_setupPinDirection+0x146>
			{
				SET_BIT(DDRC,pin_num);
    12aa:	a4 e3       	ldi	r26, 0x34	; 52
    12ac:	b0 e0       	ldi	r27, 0x00	; 0
    12ae:	e4 e3       	ldi	r30, 0x34	; 52
    12b0:	f0 e0       	ldi	r31, 0x00	; 0
    12b2:	80 81       	ld	r24, Z
    12b4:	48 2f       	mov	r20, r24
    12b6:	8a 81       	ldd	r24, Y+2	; 0x02
    12b8:	28 2f       	mov	r18, r24
    12ba:	30 e0       	ldi	r19, 0x00	; 0
    12bc:	81 e0       	ldi	r24, 0x01	; 1
    12be:	90 e0       	ldi	r25, 0x00	; 0
    12c0:	02 2e       	mov	r0, r18
    12c2:	02 c0       	rjmp	.+4      	; 0x12c8 <GPIO_setupPinDirection+0x13c>
    12c4:	88 0f       	add	r24, r24
    12c6:	99 1f       	adc	r25, r25
    12c8:	0a 94       	dec	r0
    12ca:	e2 f7       	brpl	.-8      	; 0x12c4 <GPIO_setupPinDirection+0x138>
    12cc:	84 2b       	or	r24, r20
    12ce:	8c 93       	st	X, r24
    12d0:	40 c0       	rjmp	.+128    	; 0x1352 <GPIO_setupPinDirection+0x1c6>
			}
			else
			{
				CLEAR_BIT(DDRC,pin_num);
    12d2:	a4 e3       	ldi	r26, 0x34	; 52
    12d4:	b0 e0       	ldi	r27, 0x00	; 0
    12d6:	e4 e3       	ldi	r30, 0x34	; 52
    12d8:	f0 e0       	ldi	r31, 0x00	; 0
    12da:	80 81       	ld	r24, Z
    12dc:	48 2f       	mov	r20, r24
    12de:	8a 81       	ldd	r24, Y+2	; 0x02
    12e0:	28 2f       	mov	r18, r24
    12e2:	30 e0       	ldi	r19, 0x00	; 0
    12e4:	81 e0       	ldi	r24, 0x01	; 1
    12e6:	90 e0       	ldi	r25, 0x00	; 0
    12e8:	02 2e       	mov	r0, r18
    12ea:	02 c0       	rjmp	.+4      	; 0x12f0 <GPIO_setupPinDirection+0x164>
    12ec:	88 0f       	add	r24, r24
    12ee:	99 1f       	adc	r25, r25
    12f0:	0a 94       	dec	r0
    12f2:	e2 f7       	brpl	.-8      	; 0x12ec <GPIO_setupPinDirection+0x160>
    12f4:	80 95       	com	r24
    12f6:	84 23       	and	r24, r20
    12f8:	8c 93       	st	X, r24
    12fa:	2b c0       	rjmp	.+86     	; 0x1352 <GPIO_setupPinDirection+0x1c6>
			}
			break;
		case PORTD_ID:
			if(direction == PIN_OUTPUT)
    12fc:	8b 81       	ldd	r24, Y+3	; 0x03
    12fe:	81 30       	cpi	r24, 0x01	; 1
    1300:	a1 f4       	brne	.+40     	; 0x132a <GPIO_setupPinDirection+0x19e>
			{
				SET_BIT(DDRD,pin_num);
    1302:	a1 e3       	ldi	r26, 0x31	; 49
    1304:	b0 e0       	ldi	r27, 0x00	; 0
    1306:	e1 e3       	ldi	r30, 0x31	; 49
    1308:	f0 e0       	ldi	r31, 0x00	; 0
    130a:	80 81       	ld	r24, Z
    130c:	48 2f       	mov	r20, r24
    130e:	8a 81       	ldd	r24, Y+2	; 0x02
    1310:	28 2f       	mov	r18, r24
    1312:	30 e0       	ldi	r19, 0x00	; 0
    1314:	81 e0       	ldi	r24, 0x01	; 1
    1316:	90 e0       	ldi	r25, 0x00	; 0
    1318:	02 2e       	mov	r0, r18
    131a:	02 c0       	rjmp	.+4      	; 0x1320 <GPIO_setupPinDirection+0x194>
    131c:	88 0f       	add	r24, r24
    131e:	99 1f       	adc	r25, r25
    1320:	0a 94       	dec	r0
    1322:	e2 f7       	brpl	.-8      	; 0x131c <GPIO_setupPinDirection+0x190>
    1324:	84 2b       	or	r24, r20
    1326:	8c 93       	st	X, r24
    1328:	14 c0       	rjmp	.+40     	; 0x1352 <GPIO_setupPinDirection+0x1c6>
			}
			else
			{
				CLEAR_BIT(DDRD,pin_num);
    132a:	a1 e3       	ldi	r26, 0x31	; 49
    132c:	b0 e0       	ldi	r27, 0x00	; 0
    132e:	e1 e3       	ldi	r30, 0x31	; 49
    1330:	f0 e0       	ldi	r31, 0x00	; 0
    1332:	80 81       	ld	r24, Z
    1334:	48 2f       	mov	r20, r24
    1336:	8a 81       	ldd	r24, Y+2	; 0x02
    1338:	28 2f       	mov	r18, r24
    133a:	30 e0       	ldi	r19, 0x00	; 0
    133c:	81 e0       	ldi	r24, 0x01	; 1
    133e:	90 e0       	ldi	r25, 0x00	; 0
    1340:	02 2e       	mov	r0, r18
    1342:	02 c0       	rjmp	.+4      	; 0x1348 <GPIO_setupPinDirection+0x1bc>
    1344:	88 0f       	add	r24, r24
    1346:	99 1f       	adc	r25, r25
    1348:	0a 94       	dec	r0
    134a:	e2 f7       	brpl	.-8      	; 0x1344 <GPIO_setupPinDirection+0x1b8>
    134c:	80 95       	com	r24
    134e:	84 23       	and	r24, r20
    1350:	8c 93       	st	X, r24
			}
			break;
		}
	}
}
    1352:	0f 90       	pop	r0
    1354:	0f 90       	pop	r0
    1356:	0f 90       	pop	r0
    1358:	0f 90       	pop	r0
    135a:	0f 90       	pop	r0
    135c:	cf 91       	pop	r28
    135e:	df 91       	pop	r29
    1360:	08 95       	ret

00001362 <GPIO_writePin>:
 * Write the value Logic High or Logic Low on the required pin.
 * If the input port number or pin number are not correct, The function will not handle the request.
 * If the pin is input, this function will enable/disable the internal pull-up resistor.
 */
void GPIO_writePin(uint8 port_num, uint8 pin_num, uint8 value)
{
    1362:	df 93       	push	r29
    1364:	cf 93       	push	r28
    1366:	00 d0       	rcall	.+0      	; 0x1368 <GPIO_writePin+0x6>
    1368:	00 d0       	rcall	.+0      	; 0x136a <GPIO_writePin+0x8>
    136a:	0f 92       	push	r0
    136c:	cd b7       	in	r28, 0x3d	; 61
    136e:	de b7       	in	r29, 0x3e	; 62
    1370:	89 83       	std	Y+1, r24	; 0x01
    1372:	6a 83       	std	Y+2, r22	; 0x02
    1374:	4b 83       	std	Y+3, r20	; 0x03
	/*
	 * Check if the input port number is greater than NUM_OF_PINS_PER_PORT value.
	 * Or if the input pin number is greater than NUM_OF_PINS_PER_PORT value.
	 * In this case the input is not valid port/pin number
	 */
	if((pin_num >= NUM_OF_PINS_PER_PORT) || (port_num >= NUM_OF_PORTS))
    1376:	8a 81       	ldd	r24, Y+2	; 0x02
    1378:	88 30       	cpi	r24, 0x08	; 8
    137a:	08 f0       	brcs	.+2      	; 0x137e <GPIO_writePin+0x1c>
    137c:	d5 c0       	rjmp	.+426    	; 0x1528 <GPIO_writePin+0x1c6>
    137e:	89 81       	ldd	r24, Y+1	; 0x01
    1380:	84 30       	cpi	r24, 0x04	; 4
    1382:	08 f0       	brcs	.+2      	; 0x1386 <GPIO_writePin+0x24>
    1384:	d1 c0       	rjmp	.+418    	; 0x1528 <GPIO_writePin+0x1c6>
		/* Do Nothing */
	}
	else
	{
		/* Write the pin value as required */
		switch(port_num)
    1386:	89 81       	ldd	r24, Y+1	; 0x01
    1388:	28 2f       	mov	r18, r24
    138a:	30 e0       	ldi	r19, 0x00	; 0
    138c:	3d 83       	std	Y+5, r19	; 0x05
    138e:	2c 83       	std	Y+4, r18	; 0x04
    1390:	8c 81       	ldd	r24, Y+4	; 0x04
    1392:	9d 81       	ldd	r25, Y+5	; 0x05
    1394:	81 30       	cpi	r24, 0x01	; 1
    1396:	91 05       	cpc	r25, r1
    1398:	09 f4       	brne	.+2      	; 0x139c <GPIO_writePin+0x3a>
    139a:	43 c0       	rjmp	.+134    	; 0x1422 <GPIO_writePin+0xc0>
    139c:	2c 81       	ldd	r18, Y+4	; 0x04
    139e:	3d 81       	ldd	r19, Y+5	; 0x05
    13a0:	22 30       	cpi	r18, 0x02	; 2
    13a2:	31 05       	cpc	r19, r1
    13a4:	2c f4       	brge	.+10     	; 0x13b0 <GPIO_writePin+0x4e>
    13a6:	8c 81       	ldd	r24, Y+4	; 0x04
    13a8:	9d 81       	ldd	r25, Y+5	; 0x05
    13aa:	00 97       	sbiw	r24, 0x00	; 0
    13ac:	71 f0       	breq	.+28     	; 0x13ca <GPIO_writePin+0x68>
    13ae:	bc c0       	rjmp	.+376    	; 0x1528 <GPIO_writePin+0x1c6>
    13b0:	2c 81       	ldd	r18, Y+4	; 0x04
    13b2:	3d 81       	ldd	r19, Y+5	; 0x05
    13b4:	22 30       	cpi	r18, 0x02	; 2
    13b6:	31 05       	cpc	r19, r1
    13b8:	09 f4       	brne	.+2      	; 0x13bc <GPIO_writePin+0x5a>
    13ba:	5f c0       	rjmp	.+190    	; 0x147a <GPIO_writePin+0x118>
    13bc:	8c 81       	ldd	r24, Y+4	; 0x04
    13be:	9d 81       	ldd	r25, Y+5	; 0x05
    13c0:	83 30       	cpi	r24, 0x03	; 3
    13c2:	91 05       	cpc	r25, r1
    13c4:	09 f4       	brne	.+2      	; 0x13c8 <GPIO_writePin+0x66>
    13c6:	85 c0       	rjmp	.+266    	; 0x14d2 <GPIO_writePin+0x170>
    13c8:	af c0       	rjmp	.+350    	; 0x1528 <GPIO_writePin+0x1c6>
		{
		case PORTA_ID:
			if(value == LOGIC_HIGH)
    13ca:	8b 81       	ldd	r24, Y+3	; 0x03
    13cc:	81 30       	cpi	r24, 0x01	; 1
    13ce:	a1 f4       	brne	.+40     	; 0x13f8 <GPIO_writePin+0x96>
			{
				SET_BIT(PORTA,pin_num);
    13d0:	ab e3       	ldi	r26, 0x3B	; 59
    13d2:	b0 e0       	ldi	r27, 0x00	; 0
    13d4:	eb e3       	ldi	r30, 0x3B	; 59
    13d6:	f0 e0       	ldi	r31, 0x00	; 0
    13d8:	80 81       	ld	r24, Z
    13da:	48 2f       	mov	r20, r24
    13dc:	8a 81       	ldd	r24, Y+2	; 0x02
    13de:	28 2f       	mov	r18, r24
    13e0:	30 e0       	ldi	r19, 0x00	; 0
    13e2:	81 e0       	ldi	r24, 0x01	; 1
    13e4:	90 e0       	ldi	r25, 0x00	; 0
    13e6:	02 2e       	mov	r0, r18
    13e8:	02 c0       	rjmp	.+4      	; 0x13ee <GPIO_writePin+0x8c>
    13ea:	88 0f       	add	r24, r24
    13ec:	99 1f       	adc	r25, r25
    13ee:	0a 94       	dec	r0
    13f0:	e2 f7       	brpl	.-8      	; 0x13ea <GPIO_writePin+0x88>
    13f2:	84 2b       	or	r24, r20
    13f4:	8c 93       	st	X, r24
    13f6:	98 c0       	rjmp	.+304    	; 0x1528 <GPIO_writePin+0x1c6>
			}
			else
			{
				CLEAR_BIT(PORTA,pin_num);
    13f8:	ab e3       	ldi	r26, 0x3B	; 59
    13fa:	b0 e0       	ldi	r27, 0x00	; 0
    13fc:	eb e3       	ldi	r30, 0x3B	; 59
    13fe:	f0 e0       	ldi	r31, 0x00	; 0
    1400:	80 81       	ld	r24, Z
    1402:	48 2f       	mov	r20, r24
    1404:	8a 81       	ldd	r24, Y+2	; 0x02
    1406:	28 2f       	mov	r18, r24
    1408:	30 e0       	ldi	r19, 0x00	; 0
    140a:	81 e0       	ldi	r24, 0x01	; 1
    140c:	90 e0       	ldi	r25, 0x00	; 0
    140e:	02 2e       	mov	r0, r18
    1410:	02 c0       	rjmp	.+4      	; 0x1416 <GPIO_writePin+0xb4>
    1412:	88 0f       	add	r24, r24
    1414:	99 1f       	adc	r25, r25
    1416:	0a 94       	dec	r0
    1418:	e2 f7       	brpl	.-8      	; 0x1412 <GPIO_writePin+0xb0>
    141a:	80 95       	com	r24
    141c:	84 23       	and	r24, r20
    141e:	8c 93       	st	X, r24
    1420:	83 c0       	rjmp	.+262    	; 0x1528 <GPIO_writePin+0x1c6>
			}
			break;
		case PORTB_ID:
			if(value == LOGIC_HIGH)
    1422:	8b 81       	ldd	r24, Y+3	; 0x03
    1424:	81 30       	cpi	r24, 0x01	; 1
    1426:	a1 f4       	brne	.+40     	; 0x1450 <GPIO_writePin+0xee>
			{
				SET_BIT(PORTB,pin_num);
    1428:	a8 e3       	ldi	r26, 0x38	; 56
    142a:	b0 e0       	ldi	r27, 0x00	; 0
    142c:	e8 e3       	ldi	r30, 0x38	; 56
    142e:	f0 e0       	ldi	r31, 0x00	; 0
    1430:	80 81       	ld	r24, Z
    1432:	48 2f       	mov	r20, r24
    1434:	8a 81       	ldd	r24, Y+2	; 0x02
    1436:	28 2f       	mov	r18, r24
    1438:	30 e0       	ldi	r19, 0x00	; 0
    143a:	81 e0       	ldi	r24, 0x01	; 1
    143c:	90 e0       	ldi	r25, 0x00	; 0
    143e:	02 2e       	mov	r0, r18
    1440:	02 c0       	rjmp	.+4      	; 0x1446 <GPIO_writePin+0xe4>
    1442:	88 0f       	add	r24, r24
    1444:	99 1f       	adc	r25, r25
    1446:	0a 94       	dec	r0
    1448:	e2 f7       	brpl	.-8      	; 0x1442 <GPIO_writePin+0xe0>
    144a:	84 2b       	or	r24, r20
    144c:	8c 93       	st	X, r24
    144e:	6c c0       	rjmp	.+216    	; 0x1528 <GPIO_writePin+0x1c6>
			}
			else
			{
				CLEAR_BIT(PORTB,pin_num);
    1450:	a8 e3       	ldi	r26, 0x38	; 56
    1452:	b0 e0       	ldi	r27, 0x00	; 0
    1454:	e8 e3       	ldi	r30, 0x38	; 56
    1456:	f0 e0       	ldi	r31, 0x00	; 0
    1458:	80 81       	ld	r24, Z
    145a:	48 2f       	mov	r20, r24
    145c:	8a 81       	ldd	r24, Y+2	; 0x02
    145e:	28 2f       	mov	r18, r24
    1460:	30 e0       	ldi	r19, 0x00	; 0
    1462:	81 e0       	ldi	r24, 0x01	; 1
    1464:	90 e0       	ldi	r25, 0x00	; 0
    1466:	02 2e       	mov	r0, r18
    1468:	02 c0       	rjmp	.+4      	; 0x146e <GPIO_writePin+0x10c>
    146a:	88 0f       	add	r24, r24
    146c:	99 1f       	adc	r25, r25
    146e:	0a 94       	dec	r0
    1470:	e2 f7       	brpl	.-8      	; 0x146a <GPIO_writePin+0x108>
    1472:	80 95       	com	r24
    1474:	84 23       	and	r24, r20
    1476:	8c 93       	st	X, r24
    1478:	57 c0       	rjmp	.+174    	; 0x1528 <GPIO_writePin+0x1c6>
			}
			break;
		case PORTC_ID:
			if(value == LOGIC_HIGH)
    147a:	8b 81       	ldd	r24, Y+3	; 0x03
    147c:	81 30       	cpi	r24, 0x01	; 1
    147e:	a1 f4       	brne	.+40     	; 0x14a8 <GPIO_writePin+0x146>
			{
				SET_BIT(PORTC,pin_num);
    1480:	a5 e3       	ldi	r26, 0x35	; 53
    1482:	b0 e0       	ldi	r27, 0x00	; 0
    1484:	e5 e3       	ldi	r30, 0x35	; 53
    1486:	f0 e0       	ldi	r31, 0x00	; 0
    1488:	80 81       	ld	r24, Z
    148a:	48 2f       	mov	r20, r24
    148c:	8a 81       	ldd	r24, Y+2	; 0x02
    148e:	28 2f       	mov	r18, r24
    1490:	30 e0       	ldi	r19, 0x00	; 0
    1492:	81 e0       	ldi	r24, 0x01	; 1
    1494:	90 e0       	ldi	r25, 0x00	; 0
    1496:	02 2e       	mov	r0, r18
    1498:	02 c0       	rjmp	.+4      	; 0x149e <GPIO_writePin+0x13c>
    149a:	88 0f       	add	r24, r24
    149c:	99 1f       	adc	r25, r25
    149e:	0a 94       	dec	r0
    14a0:	e2 f7       	brpl	.-8      	; 0x149a <GPIO_writePin+0x138>
    14a2:	84 2b       	or	r24, r20
    14a4:	8c 93       	st	X, r24
    14a6:	40 c0       	rjmp	.+128    	; 0x1528 <GPIO_writePin+0x1c6>
			}
			else
			{
				CLEAR_BIT(PORTC,pin_num);
    14a8:	a5 e3       	ldi	r26, 0x35	; 53
    14aa:	b0 e0       	ldi	r27, 0x00	; 0
    14ac:	e5 e3       	ldi	r30, 0x35	; 53
    14ae:	f0 e0       	ldi	r31, 0x00	; 0
    14b0:	80 81       	ld	r24, Z
    14b2:	48 2f       	mov	r20, r24
    14b4:	8a 81       	ldd	r24, Y+2	; 0x02
    14b6:	28 2f       	mov	r18, r24
    14b8:	30 e0       	ldi	r19, 0x00	; 0
    14ba:	81 e0       	ldi	r24, 0x01	; 1
    14bc:	90 e0       	ldi	r25, 0x00	; 0
    14be:	02 2e       	mov	r0, r18
    14c0:	02 c0       	rjmp	.+4      	; 0x14c6 <GPIO_writePin+0x164>
    14c2:	88 0f       	add	r24, r24
    14c4:	99 1f       	adc	r25, r25
    14c6:	0a 94       	dec	r0
    14c8:	e2 f7       	brpl	.-8      	; 0x14c2 <GPIO_writePin+0x160>
    14ca:	80 95       	com	r24
    14cc:	84 23       	and	r24, r20
    14ce:	8c 93       	st	X, r24
    14d0:	2b c0       	rjmp	.+86     	; 0x1528 <GPIO_writePin+0x1c6>
			}
			break;
		case PORTD_ID:
			if(value == LOGIC_HIGH)
    14d2:	8b 81       	ldd	r24, Y+3	; 0x03
    14d4:	81 30       	cpi	r24, 0x01	; 1
    14d6:	a1 f4       	brne	.+40     	; 0x1500 <GPIO_writePin+0x19e>
			{
				SET_BIT(PORTD,pin_num);
    14d8:	a2 e3       	ldi	r26, 0x32	; 50
    14da:	b0 e0       	ldi	r27, 0x00	; 0
    14dc:	e2 e3       	ldi	r30, 0x32	; 50
    14de:	f0 e0       	ldi	r31, 0x00	; 0
    14e0:	80 81       	ld	r24, Z
    14e2:	48 2f       	mov	r20, r24
    14e4:	8a 81       	ldd	r24, Y+2	; 0x02
    14e6:	28 2f       	mov	r18, r24
    14e8:	30 e0       	ldi	r19, 0x00	; 0
    14ea:	81 e0       	ldi	r24, 0x01	; 1
    14ec:	90 e0       	ldi	r25, 0x00	; 0
    14ee:	02 2e       	mov	r0, r18
    14f0:	02 c0       	rjmp	.+4      	; 0x14f6 <GPIO_writePin+0x194>
    14f2:	88 0f       	add	r24, r24
    14f4:	99 1f       	adc	r25, r25
    14f6:	0a 94       	dec	r0
    14f8:	e2 f7       	brpl	.-8      	; 0x14f2 <GPIO_writePin+0x190>
    14fa:	84 2b       	or	r24, r20
    14fc:	8c 93       	st	X, r24
    14fe:	14 c0       	rjmp	.+40     	; 0x1528 <GPIO_writePin+0x1c6>
			}
			else
			{
				CLEAR_BIT(PORTD,pin_num);
    1500:	a2 e3       	ldi	r26, 0x32	; 50
    1502:	b0 e0       	ldi	r27, 0x00	; 0
    1504:	e2 e3       	ldi	r30, 0x32	; 50
    1506:	f0 e0       	ldi	r31, 0x00	; 0
    1508:	80 81       	ld	r24, Z
    150a:	48 2f       	mov	r20, r24
    150c:	8a 81       	ldd	r24, Y+2	; 0x02
    150e:	28 2f       	mov	r18, r24
    1510:	30 e0       	ldi	r19, 0x00	; 0
    1512:	81 e0       	ldi	r24, 0x01	; 1
    1514:	90 e0       	ldi	r25, 0x00	; 0
    1516:	02 2e       	mov	r0, r18
    1518:	02 c0       	rjmp	.+4      	; 0x151e <GPIO_writePin+0x1bc>
    151a:	88 0f       	add	r24, r24
    151c:	99 1f       	adc	r25, r25
    151e:	0a 94       	dec	r0
    1520:	e2 f7       	brpl	.-8      	; 0x151a <GPIO_writePin+0x1b8>
    1522:	80 95       	com	r24
    1524:	84 23       	and	r24, r20
    1526:	8c 93       	st	X, r24
			}
			break;
		}
	}
}
    1528:	0f 90       	pop	r0
    152a:	0f 90       	pop	r0
    152c:	0f 90       	pop	r0
    152e:	0f 90       	pop	r0
    1530:	0f 90       	pop	r0
    1532:	cf 91       	pop	r28
    1534:	df 91       	pop	r29
    1536:	08 95       	ret

00001538 <GPIO_readPin>:
 * Description :
 * Read and return the value for the required pin, it should be Logic High or Logic Low.
 * If the input port number or pin number are not correct, The function will return Logic Low.
 */
uint8 GPIO_readPin(uint8 port_num, uint8 pin_num)
{
    1538:	df 93       	push	r29
    153a:	cf 93       	push	r28
    153c:	00 d0       	rcall	.+0      	; 0x153e <GPIO_readPin+0x6>
    153e:	00 d0       	rcall	.+0      	; 0x1540 <GPIO_readPin+0x8>
    1540:	0f 92       	push	r0
    1542:	cd b7       	in	r28, 0x3d	; 61
    1544:	de b7       	in	r29, 0x3e	; 62
    1546:	8a 83       	std	Y+2, r24	; 0x02
    1548:	6b 83       	std	Y+3, r22	; 0x03
	uint8 pin_value = LOGIC_LOW;
    154a:	19 82       	std	Y+1, r1	; 0x01
	/*
	 * Check if the input port number is greater than NUM_OF_PINS_PER_PORT value.
	 * Or if the input pin number is greater than NUM_OF_PINS_PER_PORT value.
	 * In this case the input is not valid port/pin number
	 */
	if((pin_num >= NUM_OF_PINS_PER_PORT) || (port_num >= NUM_OF_PORTS))
    154c:	8b 81       	ldd	r24, Y+3	; 0x03
    154e:	88 30       	cpi	r24, 0x08	; 8
    1550:	08 f0       	brcs	.+2      	; 0x1554 <GPIO_readPin+0x1c>
    1552:	84 c0       	rjmp	.+264    	; 0x165c <GPIO_readPin+0x124>
    1554:	8a 81       	ldd	r24, Y+2	; 0x02
    1556:	84 30       	cpi	r24, 0x04	; 4
    1558:	08 f0       	brcs	.+2      	; 0x155c <GPIO_readPin+0x24>
    155a:	80 c0       	rjmp	.+256    	; 0x165c <GPIO_readPin+0x124>
		/* Do Nothing */
	}
	else
	{
		/* Read the pin value as required */
		switch(port_num)
    155c:	8a 81       	ldd	r24, Y+2	; 0x02
    155e:	28 2f       	mov	r18, r24
    1560:	30 e0       	ldi	r19, 0x00	; 0
    1562:	3d 83       	std	Y+5, r19	; 0x05
    1564:	2c 83       	std	Y+4, r18	; 0x04
    1566:	4c 81       	ldd	r20, Y+4	; 0x04
    1568:	5d 81       	ldd	r21, Y+5	; 0x05
    156a:	41 30       	cpi	r20, 0x01	; 1
    156c:	51 05       	cpc	r21, r1
    156e:	79 f1       	breq	.+94     	; 0x15ce <GPIO_readPin+0x96>
    1570:	8c 81       	ldd	r24, Y+4	; 0x04
    1572:	9d 81       	ldd	r25, Y+5	; 0x05
    1574:	82 30       	cpi	r24, 0x02	; 2
    1576:	91 05       	cpc	r25, r1
    1578:	34 f4       	brge	.+12     	; 0x1586 <GPIO_readPin+0x4e>
    157a:	2c 81       	ldd	r18, Y+4	; 0x04
    157c:	3d 81       	ldd	r19, Y+5	; 0x05
    157e:	21 15       	cp	r18, r1
    1580:	31 05       	cpc	r19, r1
    1582:	69 f0       	breq	.+26     	; 0x159e <GPIO_readPin+0x66>
    1584:	6b c0       	rjmp	.+214    	; 0x165c <GPIO_readPin+0x124>
    1586:	4c 81       	ldd	r20, Y+4	; 0x04
    1588:	5d 81       	ldd	r21, Y+5	; 0x05
    158a:	42 30       	cpi	r20, 0x02	; 2
    158c:	51 05       	cpc	r21, r1
    158e:	b9 f1       	breq	.+110    	; 0x15fe <GPIO_readPin+0xc6>
    1590:	8c 81       	ldd	r24, Y+4	; 0x04
    1592:	9d 81       	ldd	r25, Y+5	; 0x05
    1594:	83 30       	cpi	r24, 0x03	; 3
    1596:	91 05       	cpc	r25, r1
    1598:	09 f4       	brne	.+2      	; 0x159c <GPIO_readPin+0x64>
    159a:	49 c0       	rjmp	.+146    	; 0x162e <GPIO_readPin+0xf6>
    159c:	5f c0       	rjmp	.+190    	; 0x165c <GPIO_readPin+0x124>
		{
		case PORTA_ID:
			if(BIT_IS_SET(PINA,pin_num))
    159e:	e9 e3       	ldi	r30, 0x39	; 57
    15a0:	f0 e0       	ldi	r31, 0x00	; 0
    15a2:	80 81       	ld	r24, Z
    15a4:	28 2f       	mov	r18, r24
    15a6:	30 e0       	ldi	r19, 0x00	; 0
    15a8:	8b 81       	ldd	r24, Y+3	; 0x03
    15aa:	88 2f       	mov	r24, r24
    15ac:	90 e0       	ldi	r25, 0x00	; 0
    15ae:	a9 01       	movw	r20, r18
    15b0:	02 c0       	rjmp	.+4      	; 0x15b6 <GPIO_readPin+0x7e>
    15b2:	55 95       	asr	r21
    15b4:	47 95       	ror	r20
    15b6:	8a 95       	dec	r24
    15b8:	e2 f7       	brpl	.-8      	; 0x15b2 <GPIO_readPin+0x7a>
    15ba:	ca 01       	movw	r24, r20
    15bc:	81 70       	andi	r24, 0x01	; 1
    15be:	90 70       	andi	r25, 0x00	; 0
    15c0:	88 23       	and	r24, r24
    15c2:	19 f0       	breq	.+6      	; 0x15ca <GPIO_readPin+0x92>
			{
				pin_value = LOGIC_HIGH;
    15c4:	81 e0       	ldi	r24, 0x01	; 1
    15c6:	89 83       	std	Y+1, r24	; 0x01
    15c8:	49 c0       	rjmp	.+146    	; 0x165c <GPIO_readPin+0x124>
			}
			else
			{
				pin_value = LOGIC_LOW;
    15ca:	19 82       	std	Y+1, r1	; 0x01
    15cc:	47 c0       	rjmp	.+142    	; 0x165c <GPIO_readPin+0x124>
			}
			break;
		case PORTB_ID:
			if(BIT_IS_SET(PINB,pin_num))
    15ce:	e6 e3       	ldi	r30, 0x36	; 54
    15d0:	f0 e0       	ldi	r31, 0x00	; 0
    15d2:	80 81       	ld	r24, Z
    15d4:	28 2f       	mov	r18, r24
    15d6:	30 e0       	ldi	r19, 0x00	; 0
    15d8:	8b 81       	ldd	r24, Y+3	; 0x03
    15da:	88 2f       	mov	r24, r24
    15dc:	90 e0       	ldi	r25, 0x00	; 0
    15de:	a9 01       	movw	r20, r18
    15e0:	02 c0       	rjmp	.+4      	; 0x15e6 <GPIO_readPin+0xae>
    15e2:	55 95       	asr	r21
    15e4:	47 95       	ror	r20
    15e6:	8a 95       	dec	r24
    15e8:	e2 f7       	brpl	.-8      	; 0x15e2 <GPIO_readPin+0xaa>
    15ea:	ca 01       	movw	r24, r20
    15ec:	81 70       	andi	r24, 0x01	; 1
    15ee:	90 70       	andi	r25, 0x00	; 0
    15f0:	88 23       	and	r24, r24
    15f2:	19 f0       	breq	.+6      	; 0x15fa <GPIO_readPin+0xc2>
			{
				pin_value = LOGIC_HIGH;
    15f4:	81 e0       	ldi	r24, 0x01	; 1
    15f6:	89 83       	std	Y+1, r24	; 0x01
    15f8:	31 c0       	rjmp	.+98     	; 0x165c <GPIO_readPin+0x124>
			}
			else
			{
				pin_value = LOGIC_LOW;
    15fa:	19 82       	std	Y+1, r1	; 0x01
    15fc:	2f c0       	rjmp	.+94     	; 0x165c <GPIO_readPin+0x124>
			}
			break;
		case PORTC_ID:
			if(BIT_IS_SET(PINC,pin_num))
    15fe:	e3 e3       	ldi	r30, 0x33	; 51
    1600:	f0 e0       	ldi	r31, 0x00	; 0
    1602:	80 81       	ld	r24, Z
    1604:	28 2f       	mov	r18, r24
    1606:	30 e0       	ldi	r19, 0x00	; 0
    1608:	8b 81       	ldd	r24, Y+3	; 0x03
    160a:	88 2f       	mov	r24, r24
    160c:	90 e0       	ldi	r25, 0x00	; 0
    160e:	a9 01       	movw	r20, r18
    1610:	02 c0       	rjmp	.+4      	; 0x1616 <GPIO_readPin+0xde>
    1612:	55 95       	asr	r21
    1614:	47 95       	ror	r20
    1616:	8a 95       	dec	r24
    1618:	e2 f7       	brpl	.-8      	; 0x1612 <GPIO_readPin+0xda>
    161a:	ca 01       	movw	r24, r20
    161c:	81 70       	andi	r24, 0x01	; 1
    161e:	90 70       	andi	r25, 0x00	; 0
    1620:	88 23       	and	r24, r24
    1622:	19 f0       	breq	.+6      	; 0x162a <GPIO_readPin+0xf2>
			{
				pin_value = LOGIC_HIGH;
    1624:	81 e0       	ldi	r24, 0x01	; 1
    1626:	89 83       	std	Y+1, r24	; 0x01
    1628:	19 c0       	rjmp	.+50     	; 0x165c <GPIO_readPin+0x124>
			}
			else
			{
				pin_value = LOGIC_LOW;
    162a:	19 82       	std	Y+1, r1	; 0x01
    162c:	17 c0       	rjmp	.+46     	; 0x165c <GPIO_readPin+0x124>
			}
			break;
		case PORTD_ID:
			if(BIT_IS_SET(PIND,pin_num))
    162e:	e0 e3       	ldi	r30, 0x30	; 48
    1630:	f0 e0       	ldi	r31, 0x00	; 0
    1632:	80 81       	ld	r24, Z
    1634:	28 2f       	mov	r18, r24
    1636:	30 e0       	ldi	r19, 0x00	; 0
    1638:	8b 81       	ldd	r24, Y+3	; 0x03
    163a:	88 2f       	mov	r24, r24
    163c:	90 e0       	ldi	r25, 0x00	; 0
    163e:	a9 01       	movw	r20, r18
    1640:	02 c0       	rjmp	.+4      	; 0x1646 <GPIO_readPin+0x10e>
    1642:	55 95       	asr	r21
    1644:	47 95       	ror	r20
    1646:	8a 95       	dec	r24
    1648:	e2 f7       	brpl	.-8      	; 0x1642 <GPIO_readPin+0x10a>
    164a:	ca 01       	movw	r24, r20
    164c:	81 70       	andi	r24, 0x01	; 1
    164e:	90 70       	andi	r25, 0x00	; 0
    1650:	88 23       	and	r24, r24
    1652:	19 f0       	breq	.+6      	; 0x165a <GPIO_readPin+0x122>
			{
				pin_value = LOGIC_HIGH;
    1654:	81 e0       	ldi	r24, 0x01	; 1
    1656:	89 83       	std	Y+1, r24	; 0x01
    1658:	01 c0       	rjmp	.+2      	; 0x165c <GPIO_readPin+0x124>
			}
			else
			{
				pin_value = LOGIC_LOW;
    165a:	19 82       	std	Y+1, r1	; 0x01
			}
			break;
		}
	}

	return pin_value;
    165c:	89 81       	ldd	r24, Y+1	; 0x01
}
    165e:	0f 90       	pop	r0
    1660:	0f 90       	pop	r0
    1662:	0f 90       	pop	r0
    1664:	0f 90       	pop	r0
    1666:	0f 90       	pop	r0
    1668:	cf 91       	pop	r28
    166a:	df 91       	pop	r29
    166c:	08 95       	ret

0000166e <GPIO_setupPortDirection>:
 * If the direction value is PORT_INPUT all pins in this port should be input pins.
 * If the direction value is PORT_OUTPUT all pins in this port should be output pins.
 * If the input port number is not correct, The function will not handle the request.
 */
void GPIO_setupPortDirection(uint8 port_num, GPIO_PortDirectionType direction)
{
    166e:	df 93       	push	r29
    1670:	cf 93       	push	r28
    1672:	00 d0       	rcall	.+0      	; 0x1674 <GPIO_setupPortDirection+0x6>
    1674:	00 d0       	rcall	.+0      	; 0x1676 <GPIO_setupPortDirection+0x8>
    1676:	cd b7       	in	r28, 0x3d	; 61
    1678:	de b7       	in	r29, 0x3e	; 62
    167a:	89 83       	std	Y+1, r24	; 0x01
    167c:	6a 83       	std	Y+2, r22	; 0x02
	/*
	 * Check if the input number is greater than NUM_OF_PORTS value.
	 * In this case the input is not valid port number
	 */
	if(port_num >= NUM_OF_PORTS)
    167e:	89 81       	ldd	r24, Y+1	; 0x01
    1680:	84 30       	cpi	r24, 0x04	; 4
    1682:	90 f5       	brcc	.+100    	; 0x16e8 <GPIO_setupPortDirection+0x7a>
		/* Do Nothing */
	}
	else
	{
		/* Setup the port direction as required */
		switch(port_num)
    1684:	89 81       	ldd	r24, Y+1	; 0x01
    1686:	28 2f       	mov	r18, r24
    1688:	30 e0       	ldi	r19, 0x00	; 0
    168a:	3c 83       	std	Y+4, r19	; 0x04
    168c:	2b 83       	std	Y+3, r18	; 0x03
    168e:	8b 81       	ldd	r24, Y+3	; 0x03
    1690:	9c 81       	ldd	r25, Y+4	; 0x04
    1692:	81 30       	cpi	r24, 0x01	; 1
    1694:	91 05       	cpc	r25, r1
    1696:	d1 f0       	breq	.+52     	; 0x16cc <GPIO_setupPortDirection+0x5e>
    1698:	2b 81       	ldd	r18, Y+3	; 0x03
    169a:	3c 81       	ldd	r19, Y+4	; 0x04
    169c:	22 30       	cpi	r18, 0x02	; 2
    169e:	31 05       	cpc	r19, r1
    16a0:	2c f4       	brge	.+10     	; 0x16ac <GPIO_setupPortDirection+0x3e>
    16a2:	8b 81       	ldd	r24, Y+3	; 0x03
    16a4:	9c 81       	ldd	r25, Y+4	; 0x04
    16a6:	00 97       	sbiw	r24, 0x00	; 0
    16a8:	61 f0       	breq	.+24     	; 0x16c2 <GPIO_setupPortDirection+0x54>
    16aa:	1e c0       	rjmp	.+60     	; 0x16e8 <GPIO_setupPortDirection+0x7a>
    16ac:	2b 81       	ldd	r18, Y+3	; 0x03
    16ae:	3c 81       	ldd	r19, Y+4	; 0x04
    16b0:	22 30       	cpi	r18, 0x02	; 2
    16b2:	31 05       	cpc	r19, r1
    16b4:	81 f0       	breq	.+32     	; 0x16d6 <GPIO_setupPortDirection+0x68>
    16b6:	8b 81       	ldd	r24, Y+3	; 0x03
    16b8:	9c 81       	ldd	r25, Y+4	; 0x04
    16ba:	83 30       	cpi	r24, 0x03	; 3
    16bc:	91 05       	cpc	r25, r1
    16be:	81 f0       	breq	.+32     	; 0x16e0 <GPIO_setupPortDirection+0x72>
    16c0:	13 c0       	rjmp	.+38     	; 0x16e8 <GPIO_setupPortDirection+0x7a>
		{
		case PORTA_ID:
			DDRA = direction;
    16c2:	ea e3       	ldi	r30, 0x3A	; 58
    16c4:	f0 e0       	ldi	r31, 0x00	; 0
    16c6:	8a 81       	ldd	r24, Y+2	; 0x02
    16c8:	80 83       	st	Z, r24
    16ca:	0e c0       	rjmp	.+28     	; 0x16e8 <GPIO_setupPortDirection+0x7a>
			break;
		case PORTB_ID:
			DDRB = direction;
    16cc:	e7 e3       	ldi	r30, 0x37	; 55
    16ce:	f0 e0       	ldi	r31, 0x00	; 0
    16d0:	8a 81       	ldd	r24, Y+2	; 0x02
    16d2:	80 83       	st	Z, r24
    16d4:	09 c0       	rjmp	.+18     	; 0x16e8 <GPIO_setupPortDirection+0x7a>
			break;
		case PORTC_ID:
			DDRC = direction;
    16d6:	e4 e3       	ldi	r30, 0x34	; 52
    16d8:	f0 e0       	ldi	r31, 0x00	; 0
    16da:	8a 81       	ldd	r24, Y+2	; 0x02
    16dc:	80 83       	st	Z, r24
    16de:	04 c0       	rjmp	.+8      	; 0x16e8 <GPIO_setupPortDirection+0x7a>
			break;
		case PORTD_ID:
			DDRD = direction;
    16e0:	e1 e3       	ldi	r30, 0x31	; 49
    16e2:	f0 e0       	ldi	r31, 0x00	; 0
    16e4:	8a 81       	ldd	r24, Y+2	; 0x02
    16e6:	80 83       	st	Z, r24
			break;
		}
	}
}
    16e8:	0f 90       	pop	r0
    16ea:	0f 90       	pop	r0
    16ec:	0f 90       	pop	r0
    16ee:	0f 90       	pop	r0
    16f0:	cf 91       	pop	r28
    16f2:	df 91       	pop	r29
    16f4:	08 95       	ret

000016f6 <GPIO_writePort>:
 * If any pin in the port is output pin the value will be written.
 * If any pin in the port is input pin this will activate/deactivate the internal pull-up resistor.
 * If the input port number is not correct, The function will not handle the request.
 */
void GPIO_writePort(uint8 port_num, uint8 value)
{
    16f6:	df 93       	push	r29
    16f8:	cf 93       	push	r28
    16fa:	00 d0       	rcall	.+0      	; 0x16fc <GPIO_writePort+0x6>
    16fc:	00 d0       	rcall	.+0      	; 0x16fe <GPIO_writePort+0x8>
    16fe:	cd b7       	in	r28, 0x3d	; 61
    1700:	de b7       	in	r29, 0x3e	; 62
    1702:	89 83       	std	Y+1, r24	; 0x01
    1704:	6a 83       	std	Y+2, r22	; 0x02
	/*
	 * Check if the input number is greater than NUM_OF_PORTS value.
	 * In this case the input is not valid port number
	 */
	if(port_num >= NUM_OF_PORTS)
    1706:	89 81       	ldd	r24, Y+1	; 0x01
    1708:	84 30       	cpi	r24, 0x04	; 4
    170a:	90 f5       	brcc	.+100    	; 0x1770 <GPIO_writePort+0x7a>
		/* Do Nothing */
	}
	else
	{
		/* Write the port value as required */
		switch(port_num)
    170c:	89 81       	ldd	r24, Y+1	; 0x01
    170e:	28 2f       	mov	r18, r24
    1710:	30 e0       	ldi	r19, 0x00	; 0
    1712:	3c 83       	std	Y+4, r19	; 0x04
    1714:	2b 83       	std	Y+3, r18	; 0x03
    1716:	8b 81       	ldd	r24, Y+3	; 0x03
    1718:	9c 81       	ldd	r25, Y+4	; 0x04
    171a:	81 30       	cpi	r24, 0x01	; 1
    171c:	91 05       	cpc	r25, r1
    171e:	d1 f0       	breq	.+52     	; 0x1754 <GPIO_writePort+0x5e>
    1720:	2b 81       	ldd	r18, Y+3	; 0x03
    1722:	3c 81       	ldd	r19, Y+4	; 0x04
    1724:	22 30       	cpi	r18, 0x02	; 2
    1726:	31 05       	cpc	r19, r1
    1728:	2c f4       	brge	.+10     	; 0x1734 <GPIO_writePort+0x3e>
    172a:	8b 81       	ldd	r24, Y+3	; 0x03
    172c:	9c 81       	ldd	r25, Y+4	; 0x04
    172e:	00 97       	sbiw	r24, 0x00	; 0
    1730:	61 f0       	breq	.+24     	; 0x174a <GPIO_writePort+0x54>
    1732:	1e c0       	rjmp	.+60     	; 0x1770 <GPIO_writePort+0x7a>
    1734:	2b 81       	ldd	r18, Y+3	; 0x03
    1736:	3c 81       	ldd	r19, Y+4	; 0x04
    1738:	22 30       	cpi	r18, 0x02	; 2
    173a:	31 05       	cpc	r19, r1
    173c:	81 f0       	breq	.+32     	; 0x175e <GPIO_writePort+0x68>
    173e:	8b 81       	ldd	r24, Y+3	; 0x03
    1740:	9c 81       	ldd	r25, Y+4	; 0x04
    1742:	83 30       	cpi	r24, 0x03	; 3
    1744:	91 05       	cpc	r25, r1
    1746:	81 f0       	breq	.+32     	; 0x1768 <GPIO_writePort+0x72>
    1748:	13 c0       	rjmp	.+38     	; 0x1770 <GPIO_writePort+0x7a>
		{
		case PORTA_ID:
			PORTA = value;
    174a:	eb e3       	ldi	r30, 0x3B	; 59
    174c:	f0 e0       	ldi	r31, 0x00	; 0
    174e:	8a 81       	ldd	r24, Y+2	; 0x02
    1750:	80 83       	st	Z, r24
    1752:	0e c0       	rjmp	.+28     	; 0x1770 <GPIO_writePort+0x7a>
			break;
		case PORTB_ID:
			PORTB = value;
    1754:	e8 e3       	ldi	r30, 0x38	; 56
    1756:	f0 e0       	ldi	r31, 0x00	; 0
    1758:	8a 81       	ldd	r24, Y+2	; 0x02
    175a:	80 83       	st	Z, r24
    175c:	09 c0       	rjmp	.+18     	; 0x1770 <GPIO_writePort+0x7a>
			break;
		case PORTC_ID:
			PORTC = value;
    175e:	e5 e3       	ldi	r30, 0x35	; 53
    1760:	f0 e0       	ldi	r31, 0x00	; 0
    1762:	8a 81       	ldd	r24, Y+2	; 0x02
    1764:	80 83       	st	Z, r24
    1766:	04 c0       	rjmp	.+8      	; 0x1770 <GPIO_writePort+0x7a>
			break;
		case PORTD_ID:
			PORTD = value;
    1768:	e2 e3       	ldi	r30, 0x32	; 50
    176a:	f0 e0       	ldi	r31, 0x00	; 0
    176c:	8a 81       	ldd	r24, Y+2	; 0x02
    176e:	80 83       	st	Z, r24
			break;
		}
	}
}
    1770:	0f 90       	pop	r0
    1772:	0f 90       	pop	r0
    1774:	0f 90       	pop	r0
    1776:	0f 90       	pop	r0
    1778:	cf 91       	pop	r28
    177a:	df 91       	pop	r29
    177c:	08 95       	ret

0000177e <GPIO_readPort>:
 * Description :
 * Read and return the value of the required port.
 * If the input port number is not correct, The function will return ZERO value.
 */
uint8 GPIO_readPort(uint8 port_num)
{
    177e:	df 93       	push	r29
    1780:	cf 93       	push	r28
    1782:	00 d0       	rcall	.+0      	; 0x1784 <GPIO_readPort+0x6>
    1784:	00 d0       	rcall	.+0      	; 0x1786 <GPIO_readPort+0x8>
    1786:	cd b7       	in	r28, 0x3d	; 61
    1788:	de b7       	in	r29, 0x3e	; 62
    178a:	8a 83       	std	Y+2, r24	; 0x02
	uint8 value = LOGIC_LOW;
    178c:	19 82       	std	Y+1, r1	; 0x01

	/*
	 * Check if the input number is greater than NUM_OF_PORTS value.
	 * In this case the input is not valid port number
	 */
	if(port_num >= NUM_OF_PORTS)
    178e:	8a 81       	ldd	r24, Y+2	; 0x02
    1790:	84 30       	cpi	r24, 0x04	; 4
    1792:	90 f5       	brcc	.+100    	; 0x17f8 <GPIO_readPort+0x7a>
		/* Do Nothing */
	}
	else
	{
		/* Read the port value as required */
		switch(port_num)
    1794:	8a 81       	ldd	r24, Y+2	; 0x02
    1796:	28 2f       	mov	r18, r24
    1798:	30 e0       	ldi	r19, 0x00	; 0
    179a:	3c 83       	std	Y+4, r19	; 0x04
    179c:	2b 83       	std	Y+3, r18	; 0x03
    179e:	8b 81       	ldd	r24, Y+3	; 0x03
    17a0:	9c 81       	ldd	r25, Y+4	; 0x04
    17a2:	81 30       	cpi	r24, 0x01	; 1
    17a4:	91 05       	cpc	r25, r1
    17a6:	d1 f0       	breq	.+52     	; 0x17dc <GPIO_readPort+0x5e>
    17a8:	2b 81       	ldd	r18, Y+3	; 0x03
    17aa:	3c 81       	ldd	r19, Y+4	; 0x04
    17ac:	22 30       	cpi	r18, 0x02	; 2
    17ae:	31 05       	cpc	r19, r1
    17b0:	2c f4       	brge	.+10     	; 0x17bc <GPIO_readPort+0x3e>
    17b2:	8b 81       	ldd	r24, Y+3	; 0x03
    17b4:	9c 81       	ldd	r25, Y+4	; 0x04
    17b6:	00 97       	sbiw	r24, 0x00	; 0
    17b8:	61 f0       	breq	.+24     	; 0x17d2 <GPIO_readPort+0x54>
    17ba:	1e c0       	rjmp	.+60     	; 0x17f8 <GPIO_readPort+0x7a>
    17bc:	2b 81       	ldd	r18, Y+3	; 0x03
    17be:	3c 81       	ldd	r19, Y+4	; 0x04
    17c0:	22 30       	cpi	r18, 0x02	; 2
    17c2:	31 05       	cpc	r19, r1
    17c4:	81 f0       	breq	.+32     	; 0x17e6 <GPIO_readPort+0x68>
    17c6:	8b 81       	ldd	r24, Y+3	; 0x03
    17c8:	9c 81       	ldd	r25, Y+4	; 0x04
    17ca:	83 30       	cpi	r24, 0x03	; 3
    17cc:	91 05       	cpc	r25, r1
    17ce:	81 f0       	breq	.+32     	; 0x17f0 <GPIO_readPort+0x72>
    17d0:	13 c0       	rjmp	.+38     	; 0x17f8 <GPIO_readPort+0x7a>
		{
		case PORTA_ID:
			value = PINA;
    17d2:	e9 e3       	ldi	r30, 0x39	; 57
    17d4:	f0 e0       	ldi	r31, 0x00	; 0
    17d6:	80 81       	ld	r24, Z
    17d8:	89 83       	std	Y+1, r24	; 0x01
    17da:	0e c0       	rjmp	.+28     	; 0x17f8 <GPIO_readPort+0x7a>
			break;
		case PORTB_ID:
			value = PINB;
    17dc:	e6 e3       	ldi	r30, 0x36	; 54
    17de:	f0 e0       	ldi	r31, 0x00	; 0
    17e0:	80 81       	ld	r24, Z
    17e2:	89 83       	std	Y+1, r24	; 0x01
    17e4:	09 c0       	rjmp	.+18     	; 0x17f8 <GPIO_readPort+0x7a>
			break;
		case PORTC_ID:
			value = PINC;
    17e6:	e3 e3       	ldi	r30, 0x33	; 51
    17e8:	f0 e0       	ldi	r31, 0x00	; 0
    17ea:	80 81       	ld	r24, Z
    17ec:	89 83       	std	Y+1, r24	; 0x01
    17ee:	04 c0       	rjmp	.+8      	; 0x17f8 <GPIO_readPort+0x7a>
			break;
		case PORTD_ID:
			value = PIND;
    17f0:	e0 e3       	ldi	r30, 0x30	; 48
    17f2:	f0 e0       	ldi	r31, 0x00	; 0
    17f4:	80 81       	ld	r24, Z
    17f6:	89 83       	std	Y+1, r24	; 0x01
			break;
		}
	}

	return value;
    17f8:	89 81       	ldd	r24, Y+1	; 0x01
}
    17fa:	0f 90       	pop	r0
    17fc:	0f 90       	pop	r0
    17fe:	0f 90       	pop	r0
    1800:	0f 90       	pop	r0
    1802:	cf 91       	pop	r28
    1804:	df 91       	pop	r29
    1806:	08 95       	ret

00001808 <__vector_6>:
/*******************************************************************************
 *                       Interrupt Service Routines                            *
 *******************************************************************************/

ISR(TIMER1_CAPT_vect)
{
    1808:	1f 92       	push	r1
    180a:	0f 92       	push	r0
    180c:	0f b6       	in	r0, 0x3f	; 63
    180e:	0f 92       	push	r0
    1810:	11 24       	eor	r1, r1
    1812:	2f 93       	push	r18
    1814:	3f 93       	push	r19
    1816:	4f 93       	push	r20
    1818:	5f 93       	push	r21
    181a:	6f 93       	push	r22
    181c:	7f 93       	push	r23
    181e:	8f 93       	push	r24
    1820:	9f 93       	push	r25
    1822:	af 93       	push	r26
    1824:	bf 93       	push	r27
    1826:	ef 93       	push	r30
    1828:	ff 93       	push	r31
    182a:	df 93       	push	r29
    182c:	cf 93       	push	r28
    182e:	cd b7       	in	r28, 0x3d	; 61
    1830:	de b7       	in	r29, 0x3e	; 62
	if(g_callBackPtr != NULL_PTR)
    1832:	80 91 83 01 	lds	r24, 0x0183
    1836:	90 91 84 01 	lds	r25, 0x0184
    183a:	00 97       	sbiw	r24, 0x00	; 0
    183c:	29 f0       	breq	.+10     	; 0x1848 <__vector_6+0x40>
	{
		/* Call the Call Back function in the application after the edge is detected */
		(*g_callBackPtr)(); /* another method to call the function using pointer to function g_callBackPtr(); */
    183e:	e0 91 83 01 	lds	r30, 0x0183
    1842:	f0 91 84 01 	lds	r31, 0x0184
    1846:	09 95       	icall
	}
}
    1848:	cf 91       	pop	r28
    184a:	df 91       	pop	r29
    184c:	ff 91       	pop	r31
    184e:	ef 91       	pop	r30
    1850:	bf 91       	pop	r27
    1852:	af 91       	pop	r26
    1854:	9f 91       	pop	r25
    1856:	8f 91       	pop	r24
    1858:	7f 91       	pop	r23
    185a:	6f 91       	pop	r22
    185c:	5f 91       	pop	r21
    185e:	4f 91       	pop	r20
    1860:	3f 91       	pop	r19
    1862:	2f 91       	pop	r18
    1864:	0f 90       	pop	r0
    1866:	0f be       	out	0x3f, r0	; 63
    1868:	0f 90       	pop	r0
    186a:	1f 90       	pop	r1
    186c:	18 95       	reti

0000186e <ICU_init>:
 * 	2. Set the required edge detection.
 * 	3. Enable the Input Capture Interrupt.
 * 	4. Initialize Timer1 Registers
 */
void ICU_init(const ICU_ConfigType * Config_Ptr)
{
    186e:	df 93       	push	r29
    1870:	cf 93       	push	r28
    1872:	00 d0       	rcall	.+0      	; 0x1874 <ICU_init+0x6>
    1874:	cd b7       	in	r28, 0x3d	; 61
    1876:	de b7       	in	r29, 0x3e	; 62
    1878:	9a 83       	std	Y+2, r25	; 0x02
    187a:	89 83       	std	Y+1, r24	; 0x01
	/* Configure ICP1/PD6 as i/p pin */
	DDRD &= ~(1<<PD6);
    187c:	a1 e3       	ldi	r26, 0x31	; 49
    187e:	b0 e0       	ldi	r27, 0x00	; 0
    1880:	e1 e3       	ldi	r30, 0x31	; 49
    1882:	f0 e0       	ldi	r31, 0x00	; 0
    1884:	80 81       	ld	r24, Z
    1886:	8f 7b       	andi	r24, 0xBF	; 191
    1888:	8c 93       	st	X, r24

	/* Timer1 always operates in Normal Mode */
	TCCR1A = (1<<FOC1A) | (1<<FOC1B);
    188a:	ef e4       	ldi	r30, 0x4F	; 79
    188c:	f0 e0       	ldi	r31, 0x00	; 0
    188e:	8c e0       	ldi	r24, 0x0C	; 12
    1890:	80 83       	st	Z, r24

	/*
	 * insert the required clock value in the first three bits (CS10, CS11 and CS12)
	 * of TCCR1B Register
	 */
	TCCR1B = (TCCR1B & 0xF8) | (Config_Ptr->clock);
    1892:	ae e4       	ldi	r26, 0x4E	; 78
    1894:	b0 e0       	ldi	r27, 0x00	; 0
    1896:	ee e4       	ldi	r30, 0x4E	; 78
    1898:	f0 e0       	ldi	r31, 0x00	; 0
    189a:	80 81       	ld	r24, Z
    189c:	98 2f       	mov	r25, r24
    189e:	98 7f       	andi	r25, 0xF8	; 248
    18a0:	e9 81       	ldd	r30, Y+1	; 0x01
    18a2:	fa 81       	ldd	r31, Y+2	; 0x02
    18a4:	80 81       	ld	r24, Z
    18a6:	89 2b       	or	r24, r25
    18a8:	8c 93       	st	X, r24
	/*
     * insert the required edge type in ICES1 bit in TCCR1B Register
	 */
	TCCR1B = (TCCR1B & 0xBF) | ((Config_Ptr->edge)<<6);
    18aa:	ae e4       	ldi	r26, 0x4E	; 78
    18ac:	b0 e0       	ldi	r27, 0x00	; 0
    18ae:	ee e4       	ldi	r30, 0x4E	; 78
    18b0:	f0 e0       	ldi	r31, 0x00	; 0
    18b2:	80 81       	ld	r24, Z
    18b4:	28 2f       	mov	r18, r24
    18b6:	2f 7b       	andi	r18, 0xBF	; 191
    18b8:	e9 81       	ldd	r30, Y+1	; 0x01
    18ba:	fa 81       	ldd	r31, Y+2	; 0x02
    18bc:	81 81       	ldd	r24, Z+1	; 0x01
    18be:	88 2f       	mov	r24, r24
    18c0:	90 e0       	ldi	r25, 0x00	; 0
    18c2:	00 24       	eor	r0, r0
    18c4:	96 95       	lsr	r25
    18c6:	87 95       	ror	r24
    18c8:	07 94       	ror	r0
    18ca:	96 95       	lsr	r25
    18cc:	87 95       	ror	r24
    18ce:	07 94       	ror	r0
    18d0:	98 2f       	mov	r25, r24
    18d2:	80 2d       	mov	r24, r0
    18d4:	82 2b       	or	r24, r18
    18d6:	8c 93       	st	X, r24

	/* Initial Value for Timer1 */
	TCNT1 = 0;
    18d8:	ec e4       	ldi	r30, 0x4C	; 76
    18da:	f0 e0       	ldi	r31, 0x00	; 0
    18dc:	11 82       	std	Z+1, r1	; 0x01
    18de:	10 82       	st	Z, r1

	/* Initial Value for the input capture register */
	ICR1 = 0;
    18e0:	e6 e4       	ldi	r30, 0x46	; 70
    18e2:	f0 e0       	ldi	r31, 0x00	; 0
    18e4:	11 82       	std	Z+1, r1	; 0x01
    18e6:	10 82       	st	Z, r1

	/* Enable the Input Capture interrupt to generate an interrupt when edge is detected on ICP1/PD6 pin */
	TIMSK |= (1<<TICIE1);
    18e8:	a9 e5       	ldi	r26, 0x59	; 89
    18ea:	b0 e0       	ldi	r27, 0x00	; 0
    18ec:	e9 e5       	ldi	r30, 0x59	; 89
    18ee:	f0 e0       	ldi	r31, 0x00	; 0
    18f0:	80 81       	ld	r24, Z
    18f2:	80 62       	ori	r24, 0x20	; 32
    18f4:	8c 93       	st	X, r24
}
    18f6:	0f 90       	pop	r0
    18f8:	0f 90       	pop	r0
    18fa:	cf 91       	pop	r28
    18fc:	df 91       	pop	r29
    18fe:	08 95       	ret

00001900 <ICU_setCallBack>:

/*
 * Description: Function to set the Call Back function address.
 */
void ICU_setCallBack(void(*a_ptr)(void))
{
    1900:	df 93       	push	r29
    1902:	cf 93       	push	r28
    1904:	00 d0       	rcall	.+0      	; 0x1906 <ICU_setCallBack+0x6>
    1906:	cd b7       	in	r28, 0x3d	; 61
    1908:	de b7       	in	r29, 0x3e	; 62
    190a:	9a 83       	std	Y+2, r25	; 0x02
    190c:	89 83       	std	Y+1, r24	; 0x01
	/* Save the address of the Call back function in a global variable */
	g_callBackPtr = a_ptr;
    190e:	89 81       	ldd	r24, Y+1	; 0x01
    1910:	9a 81       	ldd	r25, Y+2	; 0x02
    1912:	90 93 84 01 	sts	0x0184, r25
    1916:	80 93 83 01 	sts	0x0183, r24
}
    191a:	0f 90       	pop	r0
    191c:	0f 90       	pop	r0
    191e:	cf 91       	pop	r28
    1920:	df 91       	pop	r29
    1922:	08 95       	ret

00001924 <ICU_setEdgeDetectionType>:

/*
 * Description: Function to set the required edge detection.
 */
void ICU_setEdgeDetectionType(const ICU_EdgeType a_edgeType)
{
    1924:	df 93       	push	r29
    1926:	cf 93       	push	r28
    1928:	0f 92       	push	r0
    192a:	cd b7       	in	r28, 0x3d	; 61
    192c:	de b7       	in	r29, 0x3e	; 62
    192e:	89 83       	std	Y+1, r24	; 0x01
	/*
	 * insert the required edge type in ICES1 bit in TCCR1B Register
	 */
	TCCR1B = (TCCR1B & 0xBF) | (a_edgeType<<6);
    1930:	ae e4       	ldi	r26, 0x4E	; 78
    1932:	b0 e0       	ldi	r27, 0x00	; 0
    1934:	ee e4       	ldi	r30, 0x4E	; 78
    1936:	f0 e0       	ldi	r31, 0x00	; 0
    1938:	80 81       	ld	r24, Z
    193a:	28 2f       	mov	r18, r24
    193c:	2f 7b       	andi	r18, 0xBF	; 191
    193e:	89 81       	ldd	r24, Y+1	; 0x01
    1940:	88 2f       	mov	r24, r24
    1942:	90 e0       	ldi	r25, 0x00	; 0
    1944:	00 24       	eor	r0, r0
    1946:	96 95       	lsr	r25
    1948:	87 95       	ror	r24
    194a:	07 94       	ror	r0
    194c:	96 95       	lsr	r25
    194e:	87 95       	ror	r24
    1950:	07 94       	ror	r0
    1952:	98 2f       	mov	r25, r24
    1954:	80 2d       	mov	r24, r0
    1956:	82 2b       	or	r24, r18
    1958:	8c 93       	st	X, r24
}
    195a:	0f 90       	pop	r0
    195c:	cf 91       	pop	r28
    195e:	df 91       	pop	r29
    1960:	08 95       	ret

00001962 <ICU_getInputCaptureValue>:
/*
 * Description: Function to get the Timer1 Value when the input is captured
 *              The value stored at Input Capture Register ICR1
 */
uint16 ICU_getInputCaptureValue(void)
{
    1962:	df 93       	push	r29
    1964:	cf 93       	push	r28
    1966:	cd b7       	in	r28, 0x3d	; 61
    1968:	de b7       	in	r29, 0x3e	; 62
	return ICR1;
    196a:	e6 e4       	ldi	r30, 0x46	; 70
    196c:	f0 e0       	ldi	r31, 0x00	; 0
    196e:	80 81       	ld	r24, Z
    1970:	91 81       	ldd	r25, Z+1	; 0x01
}
    1972:	cf 91       	pop	r28
    1974:	df 91       	pop	r29
    1976:	08 95       	ret

00001978 <ICU_clearTimerValue>:

/*
 * Description: Function to clear the Timer1 Value to start count from ZERO
 */
void ICU_clearTimerValue(void)
{
    1978:	df 93       	push	r29
    197a:	cf 93       	push	r28
    197c:	cd b7       	in	r28, 0x3d	; 61
    197e:	de b7       	in	r29, 0x3e	; 62
	TCNT1 = 0;
    1980:	ec e4       	ldi	r30, 0x4C	; 76
    1982:	f0 e0       	ldi	r31, 0x00	; 0
    1984:	11 82       	std	Z+1, r1	; 0x01
    1986:	10 82       	st	Z, r1
}
    1988:	cf 91       	pop	r28
    198a:	df 91       	pop	r29
    198c:	08 95       	ret

0000198e <ICU_deInit>:

/*
 * Description: Function to disable the Timer1 to stop the ICU Driver
 */
void ICU_deInit(void)
{
    198e:	df 93       	push	r29
    1990:	cf 93       	push	r28
    1992:	cd b7       	in	r28, 0x3d	; 61
    1994:	de b7       	in	r29, 0x3e	; 62
	/* Clear All Timer1/ICU Registers */
	TCCR1A = 0;
    1996:	ef e4       	ldi	r30, 0x4F	; 79
    1998:	f0 e0       	ldi	r31, 0x00	; 0
    199a:	10 82       	st	Z, r1
	TCCR1B = 0;
    199c:	ee e4       	ldi	r30, 0x4E	; 78
    199e:	f0 e0       	ldi	r31, 0x00	; 0
    19a0:	10 82       	st	Z, r1
	TCNT1 = 0;
    19a2:	ec e4       	ldi	r30, 0x4C	; 76
    19a4:	f0 e0       	ldi	r31, 0x00	; 0
    19a6:	11 82       	std	Z+1, r1	; 0x01
    19a8:	10 82       	st	Z, r1
	ICR1 = 0;
    19aa:	e6 e4       	ldi	r30, 0x46	; 70
    19ac:	f0 e0       	ldi	r31, 0x00	; 0
    19ae:	11 82       	std	Z+1, r1	; 0x01
    19b0:	10 82       	st	Z, r1

	/* Disable the Input Capture interrupt */
	TIMSK &= ~(1<<TICIE1);
    19b2:	a9 e5       	ldi	r26, 0x59	; 89
    19b4:	b0 e0       	ldi	r27, 0x00	; 0
    19b6:	e9 e5       	ldi	r30, 0x59	; 89
    19b8:	f0 e0       	ldi	r31, 0x00	; 0
    19ba:	80 81       	ld	r24, Z
    19bc:	8f 7d       	andi	r24, 0xDF	; 223
    19be:	8c 93       	st	X, r24

	/* Reset the global pointer value */
	g_callBackPtr = NULL_PTR;
    19c0:	10 92 84 01 	sts	0x0184, r1
    19c4:	10 92 83 01 	sts	0x0183, r1
}
    19c8:	cf 91       	pop	r28
    19ca:	df 91       	pop	r29
    19cc:	08 95       	ret

000019ce <LCD_init>:
 * Initialize the LCD:
 * 1. Setup the LCD pins directions by use the GPIO driver.
 * 2. Setup the LCD Data Mode 4-bits or 8-bits.
 */
void LCD_init(void)
{
    19ce:	df 93       	push	r29
    19d0:	cf 93       	push	r28
    19d2:	cd b7       	in	r28, 0x3d	; 61
    19d4:	de b7       	in	r29, 0x3e	; 62
    19d6:	2e 97       	sbiw	r28, 0x0e	; 14
    19d8:	0f b6       	in	r0, 0x3f	; 63
    19da:	f8 94       	cli
    19dc:	de bf       	out	0x3e, r29	; 62
    19de:	0f be       	out	0x3f, r0	; 63
    19e0:	cd bf       	out	0x3d, r28	; 61
	/* Configure the direction for RS, RW, and E pins as output pins */
	GPIO_setupPinDirection(LCD_RS_PORT_ID,LCD_RS_PIN_ID,PIN_OUTPUT);
    19e2:	81 e0       	ldi	r24, 0x01	; 1
    19e4:	60 e0       	ldi	r22, 0x00	; 0
    19e6:	41 e0       	ldi	r20, 0x01	; 1
    19e8:	0e 94 c6 08 	call	0x118c	; 0x118c <GPIO_setupPinDirection>
	/*GPIO_setupPinDirection(LCD_RW_PORT_ID,LCD_RW_PIN_ID,PIN_OUTPUT);*/
	GPIO_setupPinDirection(LCD_E_PORT_ID,LCD_E_PIN_ID,PIN_OUTPUT);
    19ec:	81 e0       	ldi	r24, 0x01	; 1
    19ee:	61 e0       	ldi	r22, 0x01	; 1
    19f0:	41 e0       	ldi	r20, 0x01	; 1
    19f2:	0e 94 c6 08 	call	0x118c	; 0x118c <GPIO_setupPinDirection>
    19f6:	80 e0       	ldi	r24, 0x00	; 0
    19f8:	90 e0       	ldi	r25, 0x00	; 0
    19fa:	a0 ea       	ldi	r26, 0xA0	; 160
    19fc:	b1 e4       	ldi	r27, 0x41	; 65
    19fe:	8b 87       	std	Y+11, r24	; 0x0b
    1a00:	9c 87       	std	Y+12, r25	; 0x0c
    1a02:	ad 87       	std	Y+13, r26	; 0x0d
    1a04:	be 87       	std	Y+14, r27	; 0x0e
 */
void
_delay_ms(double __ms)
{
	uint16_t __ticks;
	double __tmp = ((F_CPU) / 4e3) * __ms;
    1a06:	6b 85       	ldd	r22, Y+11	; 0x0b
    1a08:	7c 85       	ldd	r23, Y+12	; 0x0c
    1a0a:	8d 85       	ldd	r24, Y+13	; 0x0d
    1a0c:	9e 85       	ldd	r25, Y+14	; 0x0e
    1a0e:	20 e0       	ldi	r18, 0x00	; 0
    1a10:	30 e0       	ldi	r19, 0x00	; 0
    1a12:	4a ef       	ldi	r20, 0xFA	; 250
    1a14:	54 e4       	ldi	r21, 0x44	; 68
    1a16:	0e 94 1f 02 	call	0x43e	; 0x43e <__mulsf3>
    1a1a:	dc 01       	movw	r26, r24
    1a1c:	cb 01       	movw	r24, r22
    1a1e:	8f 83       	std	Y+7, r24	; 0x07
    1a20:	98 87       	std	Y+8, r25	; 0x08
    1a22:	a9 87       	std	Y+9, r26	; 0x09
    1a24:	ba 87       	std	Y+10, r27	; 0x0a
	if (__tmp < 1.0)
    1a26:	6f 81       	ldd	r22, Y+7	; 0x07
    1a28:	78 85       	ldd	r23, Y+8	; 0x08
    1a2a:	89 85       	ldd	r24, Y+9	; 0x09
    1a2c:	9a 85       	ldd	r25, Y+10	; 0x0a
    1a2e:	20 e0       	ldi	r18, 0x00	; 0
    1a30:	30 e0       	ldi	r19, 0x00	; 0
    1a32:	40 e8       	ldi	r20, 0x80	; 128
    1a34:	5f e3       	ldi	r21, 0x3F	; 63
    1a36:	0e 94 25 04 	call	0x84a	; 0x84a <__ltsf2>
    1a3a:	88 23       	and	r24, r24
    1a3c:	2c f4       	brge	.+10     	; 0x1a48 <LCD_init+0x7a>
		__ticks = 1;
    1a3e:	81 e0       	ldi	r24, 0x01	; 1
    1a40:	90 e0       	ldi	r25, 0x00	; 0
    1a42:	9e 83       	std	Y+6, r25	; 0x06
    1a44:	8d 83       	std	Y+5, r24	; 0x05
    1a46:	3f c0       	rjmp	.+126    	; 0x1ac6 <LCD_init+0xf8>
	else if (__tmp > 65535)
    1a48:	6f 81       	ldd	r22, Y+7	; 0x07
    1a4a:	78 85       	ldd	r23, Y+8	; 0x08
    1a4c:	89 85       	ldd	r24, Y+9	; 0x09
    1a4e:	9a 85       	ldd	r25, Y+10	; 0x0a
    1a50:	20 e0       	ldi	r18, 0x00	; 0
    1a52:	3f ef       	ldi	r19, 0xFF	; 255
    1a54:	4f e7       	ldi	r20, 0x7F	; 127
    1a56:	57 e4       	ldi	r21, 0x47	; 71
    1a58:	0e 94 c5 03 	call	0x78a	; 0x78a <__gtsf2>
    1a5c:	18 16       	cp	r1, r24
    1a5e:	4c f5       	brge	.+82     	; 0x1ab2 <LCD_init+0xe4>
	{
		//	__ticks = requested delay in 1/10 ms
		__ticks = (uint16_t) (__ms * 10.0);
    1a60:	6b 85       	ldd	r22, Y+11	; 0x0b
    1a62:	7c 85       	ldd	r23, Y+12	; 0x0c
    1a64:	8d 85       	ldd	r24, Y+13	; 0x0d
    1a66:	9e 85       	ldd	r25, Y+14	; 0x0e
    1a68:	20 e0       	ldi	r18, 0x00	; 0
    1a6a:	30 e0       	ldi	r19, 0x00	; 0
    1a6c:	40 e2       	ldi	r20, 0x20	; 32
    1a6e:	51 e4       	ldi	r21, 0x41	; 65
    1a70:	0e 94 1f 02 	call	0x43e	; 0x43e <__mulsf3>
    1a74:	dc 01       	movw	r26, r24
    1a76:	cb 01       	movw	r24, r22
    1a78:	bc 01       	movw	r22, r24
    1a7a:	cd 01       	movw	r24, r26
    1a7c:	0e 94 49 00 	call	0x92	; 0x92 <__fixunssfsi>
    1a80:	dc 01       	movw	r26, r24
    1a82:	cb 01       	movw	r24, r22
    1a84:	9e 83       	std	Y+6, r25	; 0x06
    1a86:	8d 83       	std	Y+5, r24	; 0x05
    1a88:	0f c0       	rjmp	.+30     	; 0x1aa8 <LCD_init+0xda>
    1a8a:	88 ec       	ldi	r24, 0xC8	; 200
    1a8c:	90 e0       	ldi	r25, 0x00	; 0
    1a8e:	9c 83       	std	Y+4, r25	; 0x04
    1a90:	8b 83       	std	Y+3, r24	; 0x03
    milliseconds can be achieved.
 */
void
_delay_loop_2(uint16_t __count)
{
	__asm__ volatile (
    1a92:	8b 81       	ldd	r24, Y+3	; 0x03
    1a94:	9c 81       	ldd	r25, Y+4	; 0x04
    1a96:	01 97       	sbiw	r24, 0x01	; 1
    1a98:	f1 f7       	brne	.-4      	; 0x1a96 <LCD_init+0xc8>
    1a9a:	9c 83       	std	Y+4, r25	; 0x04
    1a9c:	8b 83       	std	Y+3, r24	; 0x03
		while(__ticks)
		{
			// wait 1/10 ms
			_delay_loop_2(((F_CPU) / 4e3) / 10);
			__ticks --;
    1a9e:	8d 81       	ldd	r24, Y+5	; 0x05
    1aa0:	9e 81       	ldd	r25, Y+6	; 0x06
    1aa2:	01 97       	sbiw	r24, 0x01	; 1
    1aa4:	9e 83       	std	Y+6, r25	; 0x06
    1aa6:	8d 83       	std	Y+5, r24	; 0x05
		__ticks = 1;
	else if (__tmp > 65535)
	{
		//	__ticks = requested delay in 1/10 ms
		__ticks = (uint16_t) (__ms * 10.0);
		while(__ticks)
    1aa8:	8d 81       	ldd	r24, Y+5	; 0x05
    1aaa:	9e 81       	ldd	r25, Y+6	; 0x06
    1aac:	00 97       	sbiw	r24, 0x00	; 0
    1aae:	69 f7       	brne	.-38     	; 0x1a8a <LCD_init+0xbc>
    1ab0:	14 c0       	rjmp	.+40     	; 0x1ada <LCD_init+0x10c>
			__ticks --;
		}
		return;
	}
	else
		__ticks = (uint16_t)__tmp;
    1ab2:	6f 81       	ldd	r22, Y+7	; 0x07
    1ab4:	78 85       	ldd	r23, Y+8	; 0x08
    1ab6:	89 85       	ldd	r24, Y+9	; 0x09
    1ab8:	9a 85       	ldd	r25, Y+10	; 0x0a
    1aba:	0e 94 49 00 	call	0x92	; 0x92 <__fixunssfsi>
    1abe:	dc 01       	movw	r26, r24
    1ac0:	cb 01       	movw	r24, r22
    1ac2:	9e 83       	std	Y+6, r25	; 0x06
    1ac4:	8d 83       	std	Y+5, r24	; 0x05
    1ac6:	8d 81       	ldd	r24, Y+5	; 0x05
    1ac8:	9e 81       	ldd	r25, Y+6	; 0x06
    1aca:	9a 83       	std	Y+2, r25	; 0x02
    1acc:	89 83       	std	Y+1, r24	; 0x01
    1ace:	89 81       	ldd	r24, Y+1	; 0x01
    1ad0:	9a 81       	ldd	r25, Y+2	; 0x02
    1ad2:	01 97       	sbiw	r24, 0x01	; 1
    1ad4:	f1 f7       	brne	.-4      	; 0x1ad2 <LCD_init+0x104>
    1ad6:	9a 83       	std	Y+2, r25	; 0x02
    1ad8:	89 83       	std	Y+1, r24	; 0x01
	/* use 2-lines LCD + 4-bits Data Mode + 5*7 dot display Mode */
	LCD_sendCommand(LCD_TWO_LINES_FOUR_BITS_MODE);

#elif(LCD_DATA_BITS_MODE == 8)
	/* Configure the data port as output port */
	GPIO_setupPortDirection(LCD_DATA_PORT_ID,PORT_OUTPUT);
    1ada:	80 e0       	ldi	r24, 0x00	; 0
    1adc:	6f ef       	ldi	r22, 0xFF	; 255
    1ade:	0e 94 37 0b 	call	0x166e	; 0x166e <GPIO_setupPortDirection>

	/* use 2-lines LCD + 8-bits Data Mode + 5*7 dot display Mode */
	LCD_sendCommand(LCD_TWO_LINES_EIGHT_BITS_MODE);
    1ae2:	88 e3       	ldi	r24, 0x38	; 56
    1ae4:	0e 94 83 0d 	call	0x1b06	; 0x1b06 <LCD_sendCommand>
#endif

	/* Configure the read/write pin as Write */
	/*GPIO_writePin(LCD_RW_PORT_ID, LCD_RW_PIN_ID, LOGIC_LOW);*/

	LCD_sendCommand(LCD_CURSOR_OFF); /* cursor off */
    1ae8:	8c e0       	ldi	r24, 0x0C	; 12
    1aea:	0e 94 83 0d 	call	0x1b06	; 0x1b06 <LCD_sendCommand>
	LCD_sendCommand(LCD_CLEAR_COMMAND); /* clear LCD at the beginning */
    1aee:	81 e0       	ldi	r24, 0x01	; 1
    1af0:	0e 94 83 0d 	call	0x1b06	; 0x1b06 <LCD_sendCommand>
}
    1af4:	2e 96       	adiw	r28, 0x0e	; 14
    1af6:	0f b6       	in	r0, 0x3f	; 63
    1af8:	f8 94       	cli
    1afa:	de bf       	out	0x3e, r29	; 62
    1afc:	0f be       	out	0x3f, r0	; 63
    1afe:	cd bf       	out	0x3d, r28	; 61
    1b00:	cf 91       	pop	r28
    1b02:	df 91       	pop	r29
    1b04:	08 95       	ret

00001b06 <LCD_sendCommand>:
/*
 * Description :
 * Send the required command to the screen
 */
void LCD_sendCommand(uint8 command)
{
    1b06:	df 93       	push	r29
    1b08:	cf 93       	push	r28
    1b0a:	cd b7       	in	r28, 0x3d	; 61
    1b0c:	de b7       	in	r29, 0x3e	; 62
    1b0e:	e9 97       	sbiw	r28, 0x39	; 57
    1b10:	0f b6       	in	r0, 0x3f	; 63
    1b12:	f8 94       	cli
    1b14:	de bf       	out	0x3e, r29	; 62
    1b16:	0f be       	out	0x3f, r0	; 63
    1b18:	cd bf       	out	0x3d, r28	; 61
    1b1a:	89 af       	std	Y+57, r24	; 0x39
	GPIO_writePin(LCD_RS_PORT_ID,LCD_RS_PIN_ID,LOGIC_LOW); /* Instruction Mode RS=0 */
    1b1c:	81 e0       	ldi	r24, 0x01	; 1
    1b1e:	60 e0       	ldi	r22, 0x00	; 0
    1b20:	40 e0       	ldi	r20, 0x00	; 0
    1b22:	0e 94 b1 09 	call	0x1362	; 0x1362 <GPIO_writePin>
    1b26:	80 e0       	ldi	r24, 0x00	; 0
    1b28:	90 e0       	ldi	r25, 0x00	; 0
    1b2a:	a0 e8       	ldi	r26, 0x80	; 128
    1b2c:	bf e3       	ldi	r27, 0x3F	; 63
    1b2e:	8d ab       	std	Y+53, r24	; 0x35
    1b30:	9e ab       	std	Y+54, r25	; 0x36
    1b32:	af ab       	std	Y+55, r26	; 0x37
    1b34:	b8 af       	std	Y+56, r27	; 0x38
 */
void
_delay_ms(double __ms)
{
	uint16_t __ticks;
	double __tmp = ((F_CPU) / 4e3) * __ms;
    1b36:	6d a9       	ldd	r22, Y+53	; 0x35
    1b38:	7e a9       	ldd	r23, Y+54	; 0x36
    1b3a:	8f a9       	ldd	r24, Y+55	; 0x37
    1b3c:	98 ad       	ldd	r25, Y+56	; 0x38
    1b3e:	20 e0       	ldi	r18, 0x00	; 0
    1b40:	30 e0       	ldi	r19, 0x00	; 0
    1b42:	4a ef       	ldi	r20, 0xFA	; 250
    1b44:	54 e4       	ldi	r21, 0x44	; 68
    1b46:	0e 94 1f 02 	call	0x43e	; 0x43e <__mulsf3>
    1b4a:	dc 01       	movw	r26, r24
    1b4c:	cb 01       	movw	r24, r22
    1b4e:	89 ab       	std	Y+49, r24	; 0x31
    1b50:	9a ab       	std	Y+50, r25	; 0x32
    1b52:	ab ab       	std	Y+51, r26	; 0x33
    1b54:	bc ab       	std	Y+52, r27	; 0x34
	if (__tmp < 1.0)
    1b56:	69 a9       	ldd	r22, Y+49	; 0x31
    1b58:	7a a9       	ldd	r23, Y+50	; 0x32
    1b5a:	8b a9       	ldd	r24, Y+51	; 0x33
    1b5c:	9c a9       	ldd	r25, Y+52	; 0x34
    1b5e:	20 e0       	ldi	r18, 0x00	; 0
    1b60:	30 e0       	ldi	r19, 0x00	; 0
    1b62:	40 e8       	ldi	r20, 0x80	; 128
    1b64:	5f e3       	ldi	r21, 0x3F	; 63
    1b66:	0e 94 25 04 	call	0x84a	; 0x84a <__ltsf2>
    1b6a:	88 23       	and	r24, r24
    1b6c:	2c f4       	brge	.+10     	; 0x1b78 <LCD_sendCommand+0x72>
		__ticks = 1;
    1b6e:	81 e0       	ldi	r24, 0x01	; 1
    1b70:	90 e0       	ldi	r25, 0x00	; 0
    1b72:	98 ab       	std	Y+48, r25	; 0x30
    1b74:	8f a7       	std	Y+47, r24	; 0x2f
    1b76:	3f c0       	rjmp	.+126    	; 0x1bf6 <LCD_sendCommand+0xf0>
	else if (__tmp > 65535)
    1b78:	69 a9       	ldd	r22, Y+49	; 0x31
    1b7a:	7a a9       	ldd	r23, Y+50	; 0x32
    1b7c:	8b a9       	ldd	r24, Y+51	; 0x33
    1b7e:	9c a9       	ldd	r25, Y+52	; 0x34
    1b80:	20 e0       	ldi	r18, 0x00	; 0
    1b82:	3f ef       	ldi	r19, 0xFF	; 255
    1b84:	4f e7       	ldi	r20, 0x7F	; 127
    1b86:	57 e4       	ldi	r21, 0x47	; 71
    1b88:	0e 94 c5 03 	call	0x78a	; 0x78a <__gtsf2>
    1b8c:	18 16       	cp	r1, r24
    1b8e:	4c f5       	brge	.+82     	; 0x1be2 <LCD_sendCommand+0xdc>
	{
		//	__ticks = requested delay in 1/10 ms
		__ticks = (uint16_t) (__ms * 10.0);
    1b90:	6d a9       	ldd	r22, Y+53	; 0x35
    1b92:	7e a9       	ldd	r23, Y+54	; 0x36
    1b94:	8f a9       	ldd	r24, Y+55	; 0x37
    1b96:	98 ad       	ldd	r25, Y+56	; 0x38
    1b98:	20 e0       	ldi	r18, 0x00	; 0
    1b9a:	30 e0       	ldi	r19, 0x00	; 0
    1b9c:	40 e2       	ldi	r20, 0x20	; 32
    1b9e:	51 e4       	ldi	r21, 0x41	; 65
    1ba0:	0e 94 1f 02 	call	0x43e	; 0x43e <__mulsf3>
    1ba4:	dc 01       	movw	r26, r24
    1ba6:	cb 01       	movw	r24, r22
    1ba8:	bc 01       	movw	r22, r24
    1baa:	cd 01       	movw	r24, r26
    1bac:	0e 94 49 00 	call	0x92	; 0x92 <__fixunssfsi>
    1bb0:	dc 01       	movw	r26, r24
    1bb2:	cb 01       	movw	r24, r22
    1bb4:	98 ab       	std	Y+48, r25	; 0x30
    1bb6:	8f a7       	std	Y+47, r24	; 0x2f
    1bb8:	0f c0       	rjmp	.+30     	; 0x1bd8 <LCD_sendCommand+0xd2>
    1bba:	88 ec       	ldi	r24, 0xC8	; 200
    1bbc:	90 e0       	ldi	r25, 0x00	; 0
    1bbe:	9e a7       	std	Y+46, r25	; 0x2e
    1bc0:	8d a7       	std	Y+45, r24	; 0x2d
    1bc2:	8d a5       	ldd	r24, Y+45	; 0x2d
    1bc4:	9e a5       	ldd	r25, Y+46	; 0x2e
    1bc6:	01 97       	sbiw	r24, 0x01	; 1
    1bc8:	f1 f7       	brne	.-4      	; 0x1bc6 <LCD_sendCommand+0xc0>
    1bca:	9e a7       	std	Y+46, r25	; 0x2e
    1bcc:	8d a7       	std	Y+45, r24	; 0x2d
		while(__ticks)
		{
			// wait 1/10 ms
			_delay_loop_2(((F_CPU) / 4e3) / 10);
			__ticks --;
    1bce:	8f a5       	ldd	r24, Y+47	; 0x2f
    1bd0:	98 a9       	ldd	r25, Y+48	; 0x30
    1bd2:	01 97       	sbiw	r24, 0x01	; 1
    1bd4:	98 ab       	std	Y+48, r25	; 0x30
    1bd6:	8f a7       	std	Y+47, r24	; 0x2f
		__ticks = 1;
	else if (__tmp > 65535)
	{
		//	__ticks = requested delay in 1/10 ms
		__ticks = (uint16_t) (__ms * 10.0);
		while(__ticks)
    1bd8:	8f a5       	ldd	r24, Y+47	; 0x2f
    1bda:	98 a9       	ldd	r25, Y+48	; 0x30
    1bdc:	00 97       	sbiw	r24, 0x00	; 0
    1bde:	69 f7       	brne	.-38     	; 0x1bba <LCD_sendCommand+0xb4>
    1be0:	14 c0       	rjmp	.+40     	; 0x1c0a <LCD_sendCommand+0x104>
			__ticks --;
		}
		return;
	}
	else
		__ticks = (uint16_t)__tmp;
    1be2:	69 a9       	ldd	r22, Y+49	; 0x31
    1be4:	7a a9       	ldd	r23, Y+50	; 0x32
    1be6:	8b a9       	ldd	r24, Y+51	; 0x33
    1be8:	9c a9       	ldd	r25, Y+52	; 0x34
    1bea:	0e 94 49 00 	call	0x92	; 0x92 <__fixunssfsi>
    1bee:	dc 01       	movw	r26, r24
    1bf0:	cb 01       	movw	r24, r22
    1bf2:	98 ab       	std	Y+48, r25	; 0x30
    1bf4:	8f a7       	std	Y+47, r24	; 0x2f
    1bf6:	8f a5       	ldd	r24, Y+47	; 0x2f
    1bf8:	98 a9       	ldd	r25, Y+48	; 0x30
    1bfa:	9c a7       	std	Y+44, r25	; 0x2c
    1bfc:	8b a7       	std	Y+43, r24	; 0x2b
    1bfe:	8b a5       	ldd	r24, Y+43	; 0x2b
    1c00:	9c a5       	ldd	r25, Y+44	; 0x2c
    1c02:	01 97       	sbiw	r24, 0x01	; 1
    1c04:	f1 f7       	brne	.-4      	; 0x1c02 <LCD_sendCommand+0xfc>
    1c06:	9c a7       	std	Y+44, r25	; 0x2c
    1c08:	8b a7       	std	Y+43, r24	; 0x2b
	_delay_ms(1); /* delay for processing Tas = 50ns */
	GPIO_writePin(LCD_E_PORT_ID,LCD_E_PIN_ID,LOGIC_HIGH); /* Enable LCD E=1 */
    1c0a:	81 e0       	ldi	r24, 0x01	; 1
    1c0c:	61 e0       	ldi	r22, 0x01	; 1
    1c0e:	41 e0       	ldi	r20, 0x01	; 1
    1c10:	0e 94 b1 09 	call	0x1362	; 0x1362 <GPIO_writePin>
    1c14:	80 e0       	ldi	r24, 0x00	; 0
    1c16:	90 e0       	ldi	r25, 0x00	; 0
    1c18:	a0 e8       	ldi	r26, 0x80	; 128
    1c1a:	bf e3       	ldi	r27, 0x3F	; 63
    1c1c:	8f a3       	std	Y+39, r24	; 0x27
    1c1e:	98 a7       	std	Y+40, r25	; 0x28
    1c20:	a9 a7       	std	Y+41, r26	; 0x29
    1c22:	ba a7       	std	Y+42, r27	; 0x2a
 */
void
_delay_ms(double __ms)
{
	uint16_t __ticks;
	double __tmp = ((F_CPU) / 4e3) * __ms;
    1c24:	6f a1       	ldd	r22, Y+39	; 0x27
    1c26:	78 a5       	ldd	r23, Y+40	; 0x28
    1c28:	89 a5       	ldd	r24, Y+41	; 0x29
    1c2a:	9a a5       	ldd	r25, Y+42	; 0x2a
    1c2c:	20 e0       	ldi	r18, 0x00	; 0
    1c2e:	30 e0       	ldi	r19, 0x00	; 0
    1c30:	4a ef       	ldi	r20, 0xFA	; 250
    1c32:	54 e4       	ldi	r21, 0x44	; 68
    1c34:	0e 94 1f 02 	call	0x43e	; 0x43e <__mulsf3>
    1c38:	dc 01       	movw	r26, r24
    1c3a:	cb 01       	movw	r24, r22
    1c3c:	8b a3       	std	Y+35, r24	; 0x23
    1c3e:	9c a3       	std	Y+36, r25	; 0x24
    1c40:	ad a3       	std	Y+37, r26	; 0x25
    1c42:	be a3       	std	Y+38, r27	; 0x26
	if (__tmp < 1.0)
    1c44:	6b a1       	ldd	r22, Y+35	; 0x23
    1c46:	7c a1       	ldd	r23, Y+36	; 0x24
    1c48:	8d a1       	ldd	r24, Y+37	; 0x25
    1c4a:	9e a1       	ldd	r25, Y+38	; 0x26
    1c4c:	20 e0       	ldi	r18, 0x00	; 0
    1c4e:	30 e0       	ldi	r19, 0x00	; 0
    1c50:	40 e8       	ldi	r20, 0x80	; 128
    1c52:	5f e3       	ldi	r21, 0x3F	; 63
    1c54:	0e 94 25 04 	call	0x84a	; 0x84a <__ltsf2>
    1c58:	88 23       	and	r24, r24
    1c5a:	2c f4       	brge	.+10     	; 0x1c66 <LCD_sendCommand+0x160>
		__ticks = 1;
    1c5c:	81 e0       	ldi	r24, 0x01	; 1
    1c5e:	90 e0       	ldi	r25, 0x00	; 0
    1c60:	9a a3       	std	Y+34, r25	; 0x22
    1c62:	89 a3       	std	Y+33, r24	; 0x21
    1c64:	3f c0       	rjmp	.+126    	; 0x1ce4 <LCD_sendCommand+0x1de>
	else if (__tmp > 65535)
    1c66:	6b a1       	ldd	r22, Y+35	; 0x23
    1c68:	7c a1       	ldd	r23, Y+36	; 0x24
    1c6a:	8d a1       	ldd	r24, Y+37	; 0x25
    1c6c:	9e a1       	ldd	r25, Y+38	; 0x26
    1c6e:	20 e0       	ldi	r18, 0x00	; 0
    1c70:	3f ef       	ldi	r19, 0xFF	; 255
    1c72:	4f e7       	ldi	r20, 0x7F	; 127
    1c74:	57 e4       	ldi	r21, 0x47	; 71
    1c76:	0e 94 c5 03 	call	0x78a	; 0x78a <__gtsf2>
    1c7a:	18 16       	cp	r1, r24
    1c7c:	4c f5       	brge	.+82     	; 0x1cd0 <LCD_sendCommand+0x1ca>
	{
		//	__ticks = requested delay in 1/10 ms
		__ticks = (uint16_t) (__ms * 10.0);
    1c7e:	6f a1       	ldd	r22, Y+39	; 0x27
    1c80:	78 a5       	ldd	r23, Y+40	; 0x28
    1c82:	89 a5       	ldd	r24, Y+41	; 0x29
    1c84:	9a a5       	ldd	r25, Y+42	; 0x2a
    1c86:	20 e0       	ldi	r18, 0x00	; 0
    1c88:	30 e0       	ldi	r19, 0x00	; 0
    1c8a:	40 e2       	ldi	r20, 0x20	; 32
    1c8c:	51 e4       	ldi	r21, 0x41	; 65
    1c8e:	0e 94 1f 02 	call	0x43e	; 0x43e <__mulsf3>
    1c92:	dc 01       	movw	r26, r24
    1c94:	cb 01       	movw	r24, r22
    1c96:	bc 01       	movw	r22, r24
    1c98:	cd 01       	movw	r24, r26
    1c9a:	0e 94 49 00 	call	0x92	; 0x92 <__fixunssfsi>
    1c9e:	dc 01       	movw	r26, r24
    1ca0:	cb 01       	movw	r24, r22
    1ca2:	9a a3       	std	Y+34, r25	; 0x22
    1ca4:	89 a3       	std	Y+33, r24	; 0x21
    1ca6:	0f c0       	rjmp	.+30     	; 0x1cc6 <LCD_sendCommand+0x1c0>
    1ca8:	88 ec       	ldi	r24, 0xC8	; 200
    1caa:	90 e0       	ldi	r25, 0x00	; 0
    1cac:	98 a3       	std	Y+32, r25	; 0x20
    1cae:	8f 8f       	std	Y+31, r24	; 0x1f
    1cb0:	8f 8d       	ldd	r24, Y+31	; 0x1f
    1cb2:	98 a1       	ldd	r25, Y+32	; 0x20
    1cb4:	01 97       	sbiw	r24, 0x01	; 1
    1cb6:	f1 f7       	brne	.-4      	; 0x1cb4 <LCD_sendCommand+0x1ae>
    1cb8:	98 a3       	std	Y+32, r25	; 0x20
    1cba:	8f 8f       	std	Y+31, r24	; 0x1f
		while(__ticks)
		{
			// wait 1/10 ms
			_delay_loop_2(((F_CPU) / 4e3) / 10);
			__ticks --;
    1cbc:	89 a1       	ldd	r24, Y+33	; 0x21
    1cbe:	9a a1       	ldd	r25, Y+34	; 0x22
    1cc0:	01 97       	sbiw	r24, 0x01	; 1
    1cc2:	9a a3       	std	Y+34, r25	; 0x22
    1cc4:	89 a3       	std	Y+33, r24	; 0x21
		__ticks = 1;
	else if (__tmp > 65535)
	{
		//	__ticks = requested delay in 1/10 ms
		__ticks = (uint16_t) (__ms * 10.0);
		while(__ticks)
    1cc6:	89 a1       	ldd	r24, Y+33	; 0x21
    1cc8:	9a a1       	ldd	r25, Y+34	; 0x22
    1cca:	00 97       	sbiw	r24, 0x00	; 0
    1ccc:	69 f7       	brne	.-38     	; 0x1ca8 <LCD_sendCommand+0x1a2>
    1cce:	14 c0       	rjmp	.+40     	; 0x1cf8 <LCD_sendCommand+0x1f2>
			__ticks --;
		}
		return;
	}
	else
		__ticks = (uint16_t)__tmp;
    1cd0:	6b a1       	ldd	r22, Y+35	; 0x23
    1cd2:	7c a1       	ldd	r23, Y+36	; 0x24
    1cd4:	8d a1       	ldd	r24, Y+37	; 0x25
    1cd6:	9e a1       	ldd	r25, Y+38	; 0x26
    1cd8:	0e 94 49 00 	call	0x92	; 0x92 <__fixunssfsi>
    1cdc:	dc 01       	movw	r26, r24
    1cde:	cb 01       	movw	r24, r22
    1ce0:	9a a3       	std	Y+34, r25	; 0x22
    1ce2:	89 a3       	std	Y+33, r24	; 0x21
    1ce4:	89 a1       	ldd	r24, Y+33	; 0x21
    1ce6:	9a a1       	ldd	r25, Y+34	; 0x22
    1ce8:	9e 8f       	std	Y+30, r25	; 0x1e
    1cea:	8d 8f       	std	Y+29, r24	; 0x1d
    1cec:	8d 8d       	ldd	r24, Y+29	; 0x1d
    1cee:	9e 8d       	ldd	r25, Y+30	; 0x1e
    1cf0:	01 97       	sbiw	r24, 0x01	; 1
    1cf2:	f1 f7       	brne	.-4      	; 0x1cf0 <LCD_sendCommand+0x1ea>
    1cf4:	9e 8f       	std	Y+30, r25	; 0x1e
    1cf6:	8d 8f       	std	Y+29, r24	; 0x1d
	_delay_ms(1); /* delay for processing Tdsw = 100ns */
	GPIO_writePin(LCD_E_PORT_ID,LCD_E_PIN_ID,LOGIC_LOW); /* Disable LCD E=0 */
	_delay_ms(1); /* delay for processing Th = 13ns */

#elif(LCD_DATA_BITS_MODE == 8)
	GPIO_writePort(LCD_DATA_PORT_ID,command); /* out the required command to the data bus D0 --> D7 */
    1cf8:	80 e0       	ldi	r24, 0x00	; 0
    1cfa:	69 ad       	ldd	r22, Y+57	; 0x39
    1cfc:	0e 94 7b 0b 	call	0x16f6	; 0x16f6 <GPIO_writePort>
    1d00:	80 e0       	ldi	r24, 0x00	; 0
    1d02:	90 e0       	ldi	r25, 0x00	; 0
    1d04:	a0 e8       	ldi	r26, 0x80	; 128
    1d06:	bf e3       	ldi	r27, 0x3F	; 63
    1d08:	89 8f       	std	Y+25, r24	; 0x19
    1d0a:	9a 8f       	std	Y+26, r25	; 0x1a
    1d0c:	ab 8f       	std	Y+27, r26	; 0x1b
    1d0e:	bc 8f       	std	Y+28, r27	; 0x1c
 */
void
_delay_ms(double __ms)
{
	uint16_t __ticks;
	double __tmp = ((F_CPU) / 4e3) * __ms;
    1d10:	69 8d       	ldd	r22, Y+25	; 0x19
    1d12:	7a 8d       	ldd	r23, Y+26	; 0x1a
    1d14:	8b 8d       	ldd	r24, Y+27	; 0x1b
    1d16:	9c 8d       	ldd	r25, Y+28	; 0x1c
    1d18:	20 e0       	ldi	r18, 0x00	; 0
    1d1a:	30 e0       	ldi	r19, 0x00	; 0
    1d1c:	4a ef       	ldi	r20, 0xFA	; 250
    1d1e:	54 e4       	ldi	r21, 0x44	; 68
    1d20:	0e 94 1f 02 	call	0x43e	; 0x43e <__mulsf3>
    1d24:	dc 01       	movw	r26, r24
    1d26:	cb 01       	movw	r24, r22
    1d28:	8d 8b       	std	Y+21, r24	; 0x15
    1d2a:	9e 8b       	std	Y+22, r25	; 0x16
    1d2c:	af 8b       	std	Y+23, r26	; 0x17
    1d2e:	b8 8f       	std	Y+24, r27	; 0x18
	if (__tmp < 1.0)
    1d30:	6d 89       	ldd	r22, Y+21	; 0x15
    1d32:	7e 89       	ldd	r23, Y+22	; 0x16
    1d34:	8f 89       	ldd	r24, Y+23	; 0x17
    1d36:	98 8d       	ldd	r25, Y+24	; 0x18
    1d38:	20 e0       	ldi	r18, 0x00	; 0
    1d3a:	30 e0       	ldi	r19, 0x00	; 0
    1d3c:	40 e8       	ldi	r20, 0x80	; 128
    1d3e:	5f e3       	ldi	r21, 0x3F	; 63
    1d40:	0e 94 25 04 	call	0x84a	; 0x84a <__ltsf2>
    1d44:	88 23       	and	r24, r24
    1d46:	2c f4       	brge	.+10     	; 0x1d52 <LCD_sendCommand+0x24c>
		__ticks = 1;
    1d48:	81 e0       	ldi	r24, 0x01	; 1
    1d4a:	90 e0       	ldi	r25, 0x00	; 0
    1d4c:	9c 8b       	std	Y+20, r25	; 0x14
    1d4e:	8b 8b       	std	Y+19, r24	; 0x13
    1d50:	3f c0       	rjmp	.+126    	; 0x1dd0 <LCD_sendCommand+0x2ca>
	else if (__tmp > 65535)
    1d52:	6d 89       	ldd	r22, Y+21	; 0x15
    1d54:	7e 89       	ldd	r23, Y+22	; 0x16
    1d56:	8f 89       	ldd	r24, Y+23	; 0x17
    1d58:	98 8d       	ldd	r25, Y+24	; 0x18
    1d5a:	20 e0       	ldi	r18, 0x00	; 0
    1d5c:	3f ef       	ldi	r19, 0xFF	; 255
    1d5e:	4f e7       	ldi	r20, 0x7F	; 127
    1d60:	57 e4       	ldi	r21, 0x47	; 71
    1d62:	0e 94 c5 03 	call	0x78a	; 0x78a <__gtsf2>
    1d66:	18 16       	cp	r1, r24
    1d68:	4c f5       	brge	.+82     	; 0x1dbc <LCD_sendCommand+0x2b6>
	{
		//	__ticks = requested delay in 1/10 ms
		__ticks = (uint16_t) (__ms * 10.0);
    1d6a:	69 8d       	ldd	r22, Y+25	; 0x19
    1d6c:	7a 8d       	ldd	r23, Y+26	; 0x1a
    1d6e:	8b 8d       	ldd	r24, Y+27	; 0x1b
    1d70:	9c 8d       	ldd	r25, Y+28	; 0x1c
    1d72:	20 e0       	ldi	r18, 0x00	; 0
    1d74:	30 e0       	ldi	r19, 0x00	; 0
    1d76:	40 e2       	ldi	r20, 0x20	; 32
    1d78:	51 e4       	ldi	r21, 0x41	; 65
    1d7a:	0e 94 1f 02 	call	0x43e	; 0x43e <__mulsf3>
    1d7e:	dc 01       	movw	r26, r24
    1d80:	cb 01       	movw	r24, r22
    1d82:	bc 01       	movw	r22, r24
    1d84:	cd 01       	movw	r24, r26
    1d86:	0e 94 49 00 	call	0x92	; 0x92 <__fixunssfsi>
    1d8a:	dc 01       	movw	r26, r24
    1d8c:	cb 01       	movw	r24, r22
    1d8e:	9c 8b       	std	Y+20, r25	; 0x14
    1d90:	8b 8b       	std	Y+19, r24	; 0x13
    1d92:	0f c0       	rjmp	.+30     	; 0x1db2 <LCD_sendCommand+0x2ac>
    1d94:	88 ec       	ldi	r24, 0xC8	; 200
    1d96:	90 e0       	ldi	r25, 0x00	; 0
    1d98:	9a 8b       	std	Y+18, r25	; 0x12
    1d9a:	89 8b       	std	Y+17, r24	; 0x11
    1d9c:	89 89       	ldd	r24, Y+17	; 0x11
    1d9e:	9a 89       	ldd	r25, Y+18	; 0x12
    1da0:	01 97       	sbiw	r24, 0x01	; 1
    1da2:	f1 f7       	brne	.-4      	; 0x1da0 <LCD_sendCommand+0x29a>
    1da4:	9a 8b       	std	Y+18, r25	; 0x12
    1da6:	89 8b       	std	Y+17, r24	; 0x11
		while(__ticks)
		{
			// wait 1/10 ms
			_delay_loop_2(((F_CPU) / 4e3) / 10);
			__ticks --;
    1da8:	8b 89       	ldd	r24, Y+19	; 0x13
    1daa:	9c 89       	ldd	r25, Y+20	; 0x14
    1dac:	01 97       	sbiw	r24, 0x01	; 1
    1dae:	9c 8b       	std	Y+20, r25	; 0x14
    1db0:	8b 8b       	std	Y+19, r24	; 0x13
		__ticks = 1;
	else if (__tmp > 65535)
	{
		//	__ticks = requested delay in 1/10 ms
		__ticks = (uint16_t) (__ms * 10.0);
		while(__ticks)
    1db2:	8b 89       	ldd	r24, Y+19	; 0x13
    1db4:	9c 89       	ldd	r25, Y+20	; 0x14
    1db6:	00 97       	sbiw	r24, 0x00	; 0
    1db8:	69 f7       	brne	.-38     	; 0x1d94 <LCD_sendCommand+0x28e>
    1dba:	14 c0       	rjmp	.+40     	; 0x1de4 <LCD_sendCommand+0x2de>
			__ticks --;
		}
		return;
	}
	else
		__ticks = (uint16_t)__tmp;
    1dbc:	6d 89       	ldd	r22, Y+21	; 0x15
    1dbe:	7e 89       	ldd	r23, Y+22	; 0x16
    1dc0:	8f 89       	ldd	r24, Y+23	; 0x17
    1dc2:	98 8d       	ldd	r25, Y+24	; 0x18
    1dc4:	0e 94 49 00 	call	0x92	; 0x92 <__fixunssfsi>
    1dc8:	dc 01       	movw	r26, r24
    1dca:	cb 01       	movw	r24, r22
    1dcc:	9c 8b       	std	Y+20, r25	; 0x14
    1dce:	8b 8b       	std	Y+19, r24	; 0x13
    1dd0:	8b 89       	ldd	r24, Y+19	; 0x13
    1dd2:	9c 89       	ldd	r25, Y+20	; 0x14
    1dd4:	98 8b       	std	Y+16, r25	; 0x10
    1dd6:	8f 87       	std	Y+15, r24	; 0x0f
    1dd8:	8f 85       	ldd	r24, Y+15	; 0x0f
    1dda:	98 89       	ldd	r25, Y+16	; 0x10
    1ddc:	01 97       	sbiw	r24, 0x01	; 1
    1dde:	f1 f7       	brne	.-4      	; 0x1ddc <LCD_sendCommand+0x2d6>
    1de0:	98 8b       	std	Y+16, r25	; 0x10
    1de2:	8f 87       	std	Y+15, r24	; 0x0f
	_delay_ms(1); /* delay for processing Tdsw = 100ns */
	GPIO_writePin(LCD_E_PORT_ID,LCD_E_PIN_ID,LOGIC_LOW); /* Disable LCD E=0 */
    1de4:	81 e0       	ldi	r24, 0x01	; 1
    1de6:	61 e0       	ldi	r22, 0x01	; 1
    1de8:	40 e0       	ldi	r20, 0x00	; 0
    1dea:	0e 94 b1 09 	call	0x1362	; 0x1362 <GPIO_writePin>
    1dee:	80 e0       	ldi	r24, 0x00	; 0
    1df0:	90 e0       	ldi	r25, 0x00	; 0
    1df2:	a0 e8       	ldi	r26, 0x80	; 128
    1df4:	bf e3       	ldi	r27, 0x3F	; 63
    1df6:	8b 87       	std	Y+11, r24	; 0x0b
    1df8:	9c 87       	std	Y+12, r25	; 0x0c
    1dfa:	ad 87       	std	Y+13, r26	; 0x0d
    1dfc:	be 87       	std	Y+14, r27	; 0x0e
 */
void
_delay_ms(double __ms)
{
	uint16_t __ticks;
	double __tmp = ((F_CPU) / 4e3) * __ms;
    1dfe:	6b 85       	ldd	r22, Y+11	; 0x0b
    1e00:	7c 85       	ldd	r23, Y+12	; 0x0c
    1e02:	8d 85       	ldd	r24, Y+13	; 0x0d
    1e04:	9e 85       	ldd	r25, Y+14	; 0x0e
    1e06:	20 e0       	ldi	r18, 0x00	; 0
    1e08:	30 e0       	ldi	r19, 0x00	; 0
    1e0a:	4a ef       	ldi	r20, 0xFA	; 250
    1e0c:	54 e4       	ldi	r21, 0x44	; 68
    1e0e:	0e 94 1f 02 	call	0x43e	; 0x43e <__mulsf3>
    1e12:	dc 01       	movw	r26, r24
    1e14:	cb 01       	movw	r24, r22
    1e16:	8f 83       	std	Y+7, r24	; 0x07
    1e18:	98 87       	std	Y+8, r25	; 0x08
    1e1a:	a9 87       	std	Y+9, r26	; 0x09
    1e1c:	ba 87       	std	Y+10, r27	; 0x0a
	if (__tmp < 1.0)
    1e1e:	6f 81       	ldd	r22, Y+7	; 0x07
    1e20:	78 85       	ldd	r23, Y+8	; 0x08
    1e22:	89 85       	ldd	r24, Y+9	; 0x09
    1e24:	9a 85       	ldd	r25, Y+10	; 0x0a
    1e26:	20 e0       	ldi	r18, 0x00	; 0
    1e28:	30 e0       	ldi	r19, 0x00	; 0
    1e2a:	40 e8       	ldi	r20, 0x80	; 128
    1e2c:	5f e3       	ldi	r21, 0x3F	; 63
    1e2e:	0e 94 25 04 	call	0x84a	; 0x84a <__ltsf2>
    1e32:	88 23       	and	r24, r24
    1e34:	2c f4       	brge	.+10     	; 0x1e40 <LCD_sendCommand+0x33a>
		__ticks = 1;
    1e36:	81 e0       	ldi	r24, 0x01	; 1
    1e38:	90 e0       	ldi	r25, 0x00	; 0
    1e3a:	9e 83       	std	Y+6, r25	; 0x06
    1e3c:	8d 83       	std	Y+5, r24	; 0x05
    1e3e:	3f c0       	rjmp	.+126    	; 0x1ebe <LCD_sendCommand+0x3b8>
	else if (__tmp > 65535)
    1e40:	6f 81       	ldd	r22, Y+7	; 0x07
    1e42:	78 85       	ldd	r23, Y+8	; 0x08
    1e44:	89 85       	ldd	r24, Y+9	; 0x09
    1e46:	9a 85       	ldd	r25, Y+10	; 0x0a
    1e48:	20 e0       	ldi	r18, 0x00	; 0
    1e4a:	3f ef       	ldi	r19, 0xFF	; 255
    1e4c:	4f e7       	ldi	r20, 0x7F	; 127
    1e4e:	57 e4       	ldi	r21, 0x47	; 71
    1e50:	0e 94 c5 03 	call	0x78a	; 0x78a <__gtsf2>
    1e54:	18 16       	cp	r1, r24
    1e56:	4c f5       	brge	.+82     	; 0x1eaa <LCD_sendCommand+0x3a4>
	{
		//	__ticks = requested delay in 1/10 ms
		__ticks = (uint16_t) (__ms * 10.0);
    1e58:	6b 85       	ldd	r22, Y+11	; 0x0b
    1e5a:	7c 85       	ldd	r23, Y+12	; 0x0c
    1e5c:	8d 85       	ldd	r24, Y+13	; 0x0d
    1e5e:	9e 85       	ldd	r25, Y+14	; 0x0e
    1e60:	20 e0       	ldi	r18, 0x00	; 0
    1e62:	30 e0       	ldi	r19, 0x00	; 0
    1e64:	40 e2       	ldi	r20, 0x20	; 32
    1e66:	51 e4       	ldi	r21, 0x41	; 65
    1e68:	0e 94 1f 02 	call	0x43e	; 0x43e <__mulsf3>
    1e6c:	dc 01       	movw	r26, r24
    1e6e:	cb 01       	movw	r24, r22
    1e70:	bc 01       	movw	r22, r24
    1e72:	cd 01       	movw	r24, r26
    1e74:	0e 94 49 00 	call	0x92	; 0x92 <__fixunssfsi>
    1e78:	dc 01       	movw	r26, r24
    1e7a:	cb 01       	movw	r24, r22
    1e7c:	9e 83       	std	Y+6, r25	; 0x06
    1e7e:	8d 83       	std	Y+5, r24	; 0x05
    1e80:	0f c0       	rjmp	.+30     	; 0x1ea0 <LCD_sendCommand+0x39a>
    1e82:	88 ec       	ldi	r24, 0xC8	; 200
    1e84:	90 e0       	ldi	r25, 0x00	; 0
    1e86:	9c 83       	std	Y+4, r25	; 0x04
    1e88:	8b 83       	std	Y+3, r24	; 0x03
    1e8a:	8b 81       	ldd	r24, Y+3	; 0x03
    1e8c:	9c 81       	ldd	r25, Y+4	; 0x04
    1e8e:	01 97       	sbiw	r24, 0x01	; 1
    1e90:	f1 f7       	brne	.-4      	; 0x1e8e <LCD_sendCommand+0x388>
    1e92:	9c 83       	std	Y+4, r25	; 0x04
    1e94:	8b 83       	std	Y+3, r24	; 0x03
		while(__ticks)
		{
			// wait 1/10 ms
			_delay_loop_2(((F_CPU) / 4e3) / 10);
			__ticks --;
    1e96:	8d 81       	ldd	r24, Y+5	; 0x05
    1e98:	9e 81       	ldd	r25, Y+6	; 0x06
    1e9a:	01 97       	sbiw	r24, 0x01	; 1
    1e9c:	9e 83       	std	Y+6, r25	; 0x06
    1e9e:	8d 83       	std	Y+5, r24	; 0x05
		__ticks = 1;
	else if (__tmp > 65535)
	{
		//	__ticks = requested delay in 1/10 ms
		__ticks = (uint16_t) (__ms * 10.0);
		while(__ticks)
    1ea0:	8d 81       	ldd	r24, Y+5	; 0x05
    1ea2:	9e 81       	ldd	r25, Y+6	; 0x06
    1ea4:	00 97       	sbiw	r24, 0x00	; 0
    1ea6:	69 f7       	brne	.-38     	; 0x1e82 <LCD_sendCommand+0x37c>
    1ea8:	14 c0       	rjmp	.+40     	; 0x1ed2 <LCD_sendCommand+0x3cc>
			__ticks --;
		}
		return;
	}
	else
		__ticks = (uint16_t)__tmp;
    1eaa:	6f 81       	ldd	r22, Y+7	; 0x07
    1eac:	78 85       	ldd	r23, Y+8	; 0x08
    1eae:	89 85       	ldd	r24, Y+9	; 0x09
    1eb0:	9a 85       	ldd	r25, Y+10	; 0x0a
    1eb2:	0e 94 49 00 	call	0x92	; 0x92 <__fixunssfsi>
    1eb6:	dc 01       	movw	r26, r24
    1eb8:	cb 01       	movw	r24, r22
    1eba:	9e 83       	std	Y+6, r25	; 0x06
    1ebc:	8d 83       	std	Y+5, r24	; 0x05
    1ebe:	8d 81       	ldd	r24, Y+5	; 0x05
    1ec0:	9e 81       	ldd	r25, Y+6	; 0x06
    1ec2:	9a 83       	std	Y+2, r25	; 0x02
    1ec4:	89 83       	std	Y+1, r24	; 0x01
    1ec6:	89 81       	ldd	r24, Y+1	; 0x01
    1ec8:	9a 81       	ldd	r25, Y+2	; 0x02
    1eca:	01 97       	sbiw	r24, 0x01	; 1
    1ecc:	f1 f7       	brne	.-4      	; 0x1eca <LCD_sendCommand+0x3c4>
    1ece:	9a 83       	std	Y+2, r25	; 0x02
    1ed0:	89 83       	std	Y+1, r24	; 0x01
	_delay_ms(1); /* delay for processing Th = 13ns */
#endif
}
    1ed2:	e9 96       	adiw	r28, 0x39	; 57
    1ed4:	0f b6       	in	r0, 0x3f	; 63
    1ed6:	f8 94       	cli
    1ed8:	de bf       	out	0x3e, r29	; 62
    1eda:	0f be       	out	0x3f, r0	; 63
    1edc:	cd bf       	out	0x3d, r28	; 61
    1ede:	cf 91       	pop	r28
    1ee0:	df 91       	pop	r29
    1ee2:	08 95       	ret

00001ee4 <LCD_displayCharacter>:
/*
 * Description :
 * Display the required character on the screen
 */
void LCD_displayCharacter(uint8 data)
{
    1ee4:	df 93       	push	r29
    1ee6:	cf 93       	push	r28
    1ee8:	cd b7       	in	r28, 0x3d	; 61
    1eea:	de b7       	in	r29, 0x3e	; 62
    1eec:	e9 97       	sbiw	r28, 0x39	; 57
    1eee:	0f b6       	in	r0, 0x3f	; 63
    1ef0:	f8 94       	cli
    1ef2:	de bf       	out	0x3e, r29	; 62
    1ef4:	0f be       	out	0x3f, r0	; 63
    1ef6:	cd bf       	out	0x3d, r28	; 61
    1ef8:	89 af       	std	Y+57, r24	; 0x39
	GPIO_writePin(LCD_RS_PORT_ID,LCD_RS_PIN_ID,LOGIC_HIGH); /* Data Mode RS=1 */
    1efa:	81 e0       	ldi	r24, 0x01	; 1
    1efc:	60 e0       	ldi	r22, 0x00	; 0
    1efe:	41 e0       	ldi	r20, 0x01	; 1
    1f00:	0e 94 b1 09 	call	0x1362	; 0x1362 <GPIO_writePin>
    1f04:	80 e0       	ldi	r24, 0x00	; 0
    1f06:	90 e0       	ldi	r25, 0x00	; 0
    1f08:	a0 e8       	ldi	r26, 0x80	; 128
    1f0a:	bf e3       	ldi	r27, 0x3F	; 63
    1f0c:	8d ab       	std	Y+53, r24	; 0x35
    1f0e:	9e ab       	std	Y+54, r25	; 0x36
    1f10:	af ab       	std	Y+55, r26	; 0x37
    1f12:	b8 af       	std	Y+56, r27	; 0x38
 */
void
_delay_ms(double __ms)
{
	uint16_t __ticks;
	double __tmp = ((F_CPU) / 4e3) * __ms;
    1f14:	6d a9       	ldd	r22, Y+53	; 0x35
    1f16:	7e a9       	ldd	r23, Y+54	; 0x36
    1f18:	8f a9       	ldd	r24, Y+55	; 0x37
    1f1a:	98 ad       	ldd	r25, Y+56	; 0x38
    1f1c:	20 e0       	ldi	r18, 0x00	; 0
    1f1e:	30 e0       	ldi	r19, 0x00	; 0
    1f20:	4a ef       	ldi	r20, 0xFA	; 250
    1f22:	54 e4       	ldi	r21, 0x44	; 68
    1f24:	0e 94 1f 02 	call	0x43e	; 0x43e <__mulsf3>
    1f28:	dc 01       	movw	r26, r24
    1f2a:	cb 01       	movw	r24, r22
    1f2c:	89 ab       	std	Y+49, r24	; 0x31
    1f2e:	9a ab       	std	Y+50, r25	; 0x32
    1f30:	ab ab       	std	Y+51, r26	; 0x33
    1f32:	bc ab       	std	Y+52, r27	; 0x34
	if (__tmp < 1.0)
    1f34:	69 a9       	ldd	r22, Y+49	; 0x31
    1f36:	7a a9       	ldd	r23, Y+50	; 0x32
    1f38:	8b a9       	ldd	r24, Y+51	; 0x33
    1f3a:	9c a9       	ldd	r25, Y+52	; 0x34
    1f3c:	20 e0       	ldi	r18, 0x00	; 0
    1f3e:	30 e0       	ldi	r19, 0x00	; 0
    1f40:	40 e8       	ldi	r20, 0x80	; 128
    1f42:	5f e3       	ldi	r21, 0x3F	; 63
    1f44:	0e 94 25 04 	call	0x84a	; 0x84a <__ltsf2>
    1f48:	88 23       	and	r24, r24
    1f4a:	2c f4       	brge	.+10     	; 0x1f56 <LCD_displayCharacter+0x72>
		__ticks = 1;
    1f4c:	81 e0       	ldi	r24, 0x01	; 1
    1f4e:	90 e0       	ldi	r25, 0x00	; 0
    1f50:	98 ab       	std	Y+48, r25	; 0x30
    1f52:	8f a7       	std	Y+47, r24	; 0x2f
    1f54:	3f c0       	rjmp	.+126    	; 0x1fd4 <LCD_displayCharacter+0xf0>
	else if (__tmp > 65535)
    1f56:	69 a9       	ldd	r22, Y+49	; 0x31
    1f58:	7a a9       	ldd	r23, Y+50	; 0x32
    1f5a:	8b a9       	ldd	r24, Y+51	; 0x33
    1f5c:	9c a9       	ldd	r25, Y+52	; 0x34
    1f5e:	20 e0       	ldi	r18, 0x00	; 0
    1f60:	3f ef       	ldi	r19, 0xFF	; 255
    1f62:	4f e7       	ldi	r20, 0x7F	; 127
    1f64:	57 e4       	ldi	r21, 0x47	; 71
    1f66:	0e 94 c5 03 	call	0x78a	; 0x78a <__gtsf2>
    1f6a:	18 16       	cp	r1, r24
    1f6c:	4c f5       	brge	.+82     	; 0x1fc0 <LCD_displayCharacter+0xdc>
	{
		//	__ticks = requested delay in 1/10 ms
		__ticks = (uint16_t) (__ms * 10.0);
    1f6e:	6d a9       	ldd	r22, Y+53	; 0x35
    1f70:	7e a9       	ldd	r23, Y+54	; 0x36
    1f72:	8f a9       	ldd	r24, Y+55	; 0x37
    1f74:	98 ad       	ldd	r25, Y+56	; 0x38
    1f76:	20 e0       	ldi	r18, 0x00	; 0
    1f78:	30 e0       	ldi	r19, 0x00	; 0
    1f7a:	40 e2       	ldi	r20, 0x20	; 32
    1f7c:	51 e4       	ldi	r21, 0x41	; 65
    1f7e:	0e 94 1f 02 	call	0x43e	; 0x43e <__mulsf3>
    1f82:	dc 01       	movw	r26, r24
    1f84:	cb 01       	movw	r24, r22
    1f86:	bc 01       	movw	r22, r24
    1f88:	cd 01       	movw	r24, r26
    1f8a:	0e 94 49 00 	call	0x92	; 0x92 <__fixunssfsi>
    1f8e:	dc 01       	movw	r26, r24
    1f90:	cb 01       	movw	r24, r22
    1f92:	98 ab       	std	Y+48, r25	; 0x30
    1f94:	8f a7       	std	Y+47, r24	; 0x2f
    1f96:	0f c0       	rjmp	.+30     	; 0x1fb6 <LCD_displayCharacter+0xd2>
    1f98:	88 ec       	ldi	r24, 0xC8	; 200
    1f9a:	90 e0       	ldi	r25, 0x00	; 0
    1f9c:	9e a7       	std	Y+46, r25	; 0x2e
    1f9e:	8d a7       	std	Y+45, r24	; 0x2d
    1fa0:	8d a5       	ldd	r24, Y+45	; 0x2d
    1fa2:	9e a5       	ldd	r25, Y+46	; 0x2e
    1fa4:	01 97       	sbiw	r24, 0x01	; 1
    1fa6:	f1 f7       	brne	.-4      	; 0x1fa4 <LCD_displayCharacter+0xc0>
    1fa8:	9e a7       	std	Y+46, r25	; 0x2e
    1faa:	8d a7       	std	Y+45, r24	; 0x2d
		while(__ticks)
		{
			// wait 1/10 ms
			_delay_loop_2(((F_CPU) / 4e3) / 10);
			__ticks --;
    1fac:	8f a5       	ldd	r24, Y+47	; 0x2f
    1fae:	98 a9       	ldd	r25, Y+48	; 0x30
    1fb0:	01 97       	sbiw	r24, 0x01	; 1
    1fb2:	98 ab       	std	Y+48, r25	; 0x30
    1fb4:	8f a7       	std	Y+47, r24	; 0x2f
		__ticks = 1;
	else if (__tmp > 65535)
	{
		//	__ticks = requested delay in 1/10 ms
		__ticks = (uint16_t) (__ms * 10.0);
		while(__ticks)
    1fb6:	8f a5       	ldd	r24, Y+47	; 0x2f
    1fb8:	98 a9       	ldd	r25, Y+48	; 0x30
    1fba:	00 97       	sbiw	r24, 0x00	; 0
    1fbc:	69 f7       	brne	.-38     	; 0x1f98 <LCD_displayCharacter+0xb4>
    1fbe:	14 c0       	rjmp	.+40     	; 0x1fe8 <LCD_displayCharacter+0x104>
			__ticks --;
		}
		return;
	}
	else
		__ticks = (uint16_t)__tmp;
    1fc0:	69 a9       	ldd	r22, Y+49	; 0x31
    1fc2:	7a a9       	ldd	r23, Y+50	; 0x32
    1fc4:	8b a9       	ldd	r24, Y+51	; 0x33
    1fc6:	9c a9       	ldd	r25, Y+52	; 0x34
    1fc8:	0e 94 49 00 	call	0x92	; 0x92 <__fixunssfsi>
    1fcc:	dc 01       	movw	r26, r24
    1fce:	cb 01       	movw	r24, r22
    1fd0:	98 ab       	std	Y+48, r25	; 0x30
    1fd2:	8f a7       	std	Y+47, r24	; 0x2f
    1fd4:	8f a5       	ldd	r24, Y+47	; 0x2f
    1fd6:	98 a9       	ldd	r25, Y+48	; 0x30
    1fd8:	9c a7       	std	Y+44, r25	; 0x2c
    1fda:	8b a7       	std	Y+43, r24	; 0x2b
    1fdc:	8b a5       	ldd	r24, Y+43	; 0x2b
    1fde:	9c a5       	ldd	r25, Y+44	; 0x2c
    1fe0:	01 97       	sbiw	r24, 0x01	; 1
    1fe2:	f1 f7       	brne	.-4      	; 0x1fe0 <LCD_displayCharacter+0xfc>
    1fe4:	9c a7       	std	Y+44, r25	; 0x2c
    1fe6:	8b a7       	std	Y+43, r24	; 0x2b
	_delay_ms(1); /* delay for processing Tas = 50ns */
	GPIO_writePin(LCD_E_PORT_ID,LCD_E_PIN_ID,LOGIC_HIGH); /* Enable LCD E=1 */
    1fe8:	81 e0       	ldi	r24, 0x01	; 1
    1fea:	61 e0       	ldi	r22, 0x01	; 1
    1fec:	41 e0       	ldi	r20, 0x01	; 1
    1fee:	0e 94 b1 09 	call	0x1362	; 0x1362 <GPIO_writePin>
    1ff2:	80 e0       	ldi	r24, 0x00	; 0
    1ff4:	90 e0       	ldi	r25, 0x00	; 0
    1ff6:	a0 e8       	ldi	r26, 0x80	; 128
    1ff8:	bf e3       	ldi	r27, 0x3F	; 63
    1ffa:	8f a3       	std	Y+39, r24	; 0x27
    1ffc:	98 a7       	std	Y+40, r25	; 0x28
    1ffe:	a9 a7       	std	Y+41, r26	; 0x29
    2000:	ba a7       	std	Y+42, r27	; 0x2a
 */
void
_delay_ms(double __ms)
{
	uint16_t __ticks;
	double __tmp = ((F_CPU) / 4e3) * __ms;
    2002:	6f a1       	ldd	r22, Y+39	; 0x27
    2004:	78 a5       	ldd	r23, Y+40	; 0x28
    2006:	89 a5       	ldd	r24, Y+41	; 0x29
    2008:	9a a5       	ldd	r25, Y+42	; 0x2a
    200a:	20 e0       	ldi	r18, 0x00	; 0
    200c:	30 e0       	ldi	r19, 0x00	; 0
    200e:	4a ef       	ldi	r20, 0xFA	; 250
    2010:	54 e4       	ldi	r21, 0x44	; 68
    2012:	0e 94 1f 02 	call	0x43e	; 0x43e <__mulsf3>
    2016:	dc 01       	movw	r26, r24
    2018:	cb 01       	movw	r24, r22
    201a:	8b a3       	std	Y+35, r24	; 0x23
    201c:	9c a3       	std	Y+36, r25	; 0x24
    201e:	ad a3       	std	Y+37, r26	; 0x25
    2020:	be a3       	std	Y+38, r27	; 0x26
	if (__tmp < 1.0)
    2022:	6b a1       	ldd	r22, Y+35	; 0x23
    2024:	7c a1       	ldd	r23, Y+36	; 0x24
    2026:	8d a1       	ldd	r24, Y+37	; 0x25
    2028:	9e a1       	ldd	r25, Y+38	; 0x26
    202a:	20 e0       	ldi	r18, 0x00	; 0
    202c:	30 e0       	ldi	r19, 0x00	; 0
    202e:	40 e8       	ldi	r20, 0x80	; 128
    2030:	5f e3       	ldi	r21, 0x3F	; 63
    2032:	0e 94 25 04 	call	0x84a	; 0x84a <__ltsf2>
    2036:	88 23       	and	r24, r24
    2038:	2c f4       	brge	.+10     	; 0x2044 <LCD_displayCharacter+0x160>
		__ticks = 1;
    203a:	81 e0       	ldi	r24, 0x01	; 1
    203c:	90 e0       	ldi	r25, 0x00	; 0
    203e:	9a a3       	std	Y+34, r25	; 0x22
    2040:	89 a3       	std	Y+33, r24	; 0x21
    2042:	3f c0       	rjmp	.+126    	; 0x20c2 <LCD_displayCharacter+0x1de>
	else if (__tmp > 65535)
    2044:	6b a1       	ldd	r22, Y+35	; 0x23
    2046:	7c a1       	ldd	r23, Y+36	; 0x24
    2048:	8d a1       	ldd	r24, Y+37	; 0x25
    204a:	9e a1       	ldd	r25, Y+38	; 0x26
    204c:	20 e0       	ldi	r18, 0x00	; 0
    204e:	3f ef       	ldi	r19, 0xFF	; 255
    2050:	4f e7       	ldi	r20, 0x7F	; 127
    2052:	57 e4       	ldi	r21, 0x47	; 71
    2054:	0e 94 c5 03 	call	0x78a	; 0x78a <__gtsf2>
    2058:	18 16       	cp	r1, r24
    205a:	4c f5       	brge	.+82     	; 0x20ae <LCD_displayCharacter+0x1ca>
	{
		//	__ticks = requested delay in 1/10 ms
		__ticks = (uint16_t) (__ms * 10.0);
    205c:	6f a1       	ldd	r22, Y+39	; 0x27
    205e:	78 a5       	ldd	r23, Y+40	; 0x28
    2060:	89 a5       	ldd	r24, Y+41	; 0x29
    2062:	9a a5       	ldd	r25, Y+42	; 0x2a
    2064:	20 e0       	ldi	r18, 0x00	; 0
    2066:	30 e0       	ldi	r19, 0x00	; 0
    2068:	40 e2       	ldi	r20, 0x20	; 32
    206a:	51 e4       	ldi	r21, 0x41	; 65
    206c:	0e 94 1f 02 	call	0x43e	; 0x43e <__mulsf3>
    2070:	dc 01       	movw	r26, r24
    2072:	cb 01       	movw	r24, r22
    2074:	bc 01       	movw	r22, r24
    2076:	cd 01       	movw	r24, r26
    2078:	0e 94 49 00 	call	0x92	; 0x92 <__fixunssfsi>
    207c:	dc 01       	movw	r26, r24
    207e:	cb 01       	movw	r24, r22
    2080:	9a a3       	std	Y+34, r25	; 0x22
    2082:	89 a3       	std	Y+33, r24	; 0x21
    2084:	0f c0       	rjmp	.+30     	; 0x20a4 <LCD_displayCharacter+0x1c0>
    2086:	88 ec       	ldi	r24, 0xC8	; 200
    2088:	90 e0       	ldi	r25, 0x00	; 0
    208a:	98 a3       	std	Y+32, r25	; 0x20
    208c:	8f 8f       	std	Y+31, r24	; 0x1f
    208e:	8f 8d       	ldd	r24, Y+31	; 0x1f
    2090:	98 a1       	ldd	r25, Y+32	; 0x20
    2092:	01 97       	sbiw	r24, 0x01	; 1
    2094:	f1 f7       	brne	.-4      	; 0x2092 <LCD_displayCharacter+0x1ae>
    2096:	98 a3       	std	Y+32, r25	; 0x20
    2098:	8f 8f       	std	Y+31, r24	; 0x1f
		while(__ticks)
		{
			// wait 1/10 ms
			_delay_loop_2(((F_CPU) / 4e3) / 10);
			__ticks --;
    209a:	89 a1       	ldd	r24, Y+33	; 0x21
    209c:	9a a1       	ldd	r25, Y+34	; 0x22
    209e:	01 97       	sbiw	r24, 0x01	; 1
    20a0:	9a a3       	std	Y+34, r25	; 0x22
    20a2:	89 a3       	std	Y+33, r24	; 0x21
		__ticks = 1;
	else if (__tmp > 65535)
	{
		//	__ticks = requested delay in 1/10 ms
		__ticks = (uint16_t) (__ms * 10.0);
		while(__ticks)
    20a4:	89 a1       	ldd	r24, Y+33	; 0x21
    20a6:	9a a1       	ldd	r25, Y+34	; 0x22
    20a8:	00 97       	sbiw	r24, 0x00	; 0
    20aa:	69 f7       	brne	.-38     	; 0x2086 <LCD_displayCharacter+0x1a2>
    20ac:	14 c0       	rjmp	.+40     	; 0x20d6 <LCD_displayCharacter+0x1f2>
			__ticks --;
		}
		return;
	}
	else
		__ticks = (uint16_t)__tmp;
    20ae:	6b a1       	ldd	r22, Y+35	; 0x23
    20b0:	7c a1       	ldd	r23, Y+36	; 0x24
    20b2:	8d a1       	ldd	r24, Y+37	; 0x25
    20b4:	9e a1       	ldd	r25, Y+38	; 0x26
    20b6:	0e 94 49 00 	call	0x92	; 0x92 <__fixunssfsi>
    20ba:	dc 01       	movw	r26, r24
    20bc:	cb 01       	movw	r24, r22
    20be:	9a a3       	std	Y+34, r25	; 0x22
    20c0:	89 a3       	std	Y+33, r24	; 0x21
    20c2:	89 a1       	ldd	r24, Y+33	; 0x21
    20c4:	9a a1       	ldd	r25, Y+34	; 0x22
    20c6:	9e 8f       	std	Y+30, r25	; 0x1e
    20c8:	8d 8f       	std	Y+29, r24	; 0x1d
    20ca:	8d 8d       	ldd	r24, Y+29	; 0x1d
    20cc:	9e 8d       	ldd	r25, Y+30	; 0x1e
    20ce:	01 97       	sbiw	r24, 0x01	; 1
    20d0:	f1 f7       	brne	.-4      	; 0x20ce <LCD_displayCharacter+0x1ea>
    20d2:	9e 8f       	std	Y+30, r25	; 0x1e
    20d4:	8d 8f       	std	Y+29, r24	; 0x1d
	_delay_ms(1); /* delay for processing Tdsw = 100ns */
	GPIO_writePin(LCD_E_PORT_ID,LCD_E_PIN_ID,LOGIC_LOW); /* Disable LCD E=0 */
	_delay_ms(1); /* delay for processing Th = 13ns */

#elif(LCD_DATA_BITS_MODE == 8)
	GPIO_writePort(LCD_DATA_PORT_ID,data); /* out the required command to the data bus D0 --> D7 */
    20d6:	80 e0       	ldi	r24, 0x00	; 0
    20d8:	69 ad       	ldd	r22, Y+57	; 0x39
    20da:	0e 94 7b 0b 	call	0x16f6	; 0x16f6 <GPIO_writePort>
    20de:	80 e0       	ldi	r24, 0x00	; 0
    20e0:	90 e0       	ldi	r25, 0x00	; 0
    20e2:	a0 e8       	ldi	r26, 0x80	; 128
    20e4:	bf e3       	ldi	r27, 0x3F	; 63
    20e6:	89 8f       	std	Y+25, r24	; 0x19
    20e8:	9a 8f       	std	Y+26, r25	; 0x1a
    20ea:	ab 8f       	std	Y+27, r26	; 0x1b
    20ec:	bc 8f       	std	Y+28, r27	; 0x1c
 */
void
_delay_ms(double __ms)
{
	uint16_t __ticks;
	double __tmp = ((F_CPU) / 4e3) * __ms;
    20ee:	69 8d       	ldd	r22, Y+25	; 0x19
    20f0:	7a 8d       	ldd	r23, Y+26	; 0x1a
    20f2:	8b 8d       	ldd	r24, Y+27	; 0x1b
    20f4:	9c 8d       	ldd	r25, Y+28	; 0x1c
    20f6:	20 e0       	ldi	r18, 0x00	; 0
    20f8:	30 e0       	ldi	r19, 0x00	; 0
    20fa:	4a ef       	ldi	r20, 0xFA	; 250
    20fc:	54 e4       	ldi	r21, 0x44	; 68
    20fe:	0e 94 1f 02 	call	0x43e	; 0x43e <__mulsf3>
    2102:	dc 01       	movw	r26, r24
    2104:	cb 01       	movw	r24, r22
    2106:	8d 8b       	std	Y+21, r24	; 0x15
    2108:	9e 8b       	std	Y+22, r25	; 0x16
    210a:	af 8b       	std	Y+23, r26	; 0x17
    210c:	b8 8f       	std	Y+24, r27	; 0x18
	if (__tmp < 1.0)
    210e:	6d 89       	ldd	r22, Y+21	; 0x15
    2110:	7e 89       	ldd	r23, Y+22	; 0x16
    2112:	8f 89       	ldd	r24, Y+23	; 0x17
    2114:	98 8d       	ldd	r25, Y+24	; 0x18
    2116:	20 e0       	ldi	r18, 0x00	; 0
    2118:	30 e0       	ldi	r19, 0x00	; 0
    211a:	40 e8       	ldi	r20, 0x80	; 128
    211c:	5f e3       	ldi	r21, 0x3F	; 63
    211e:	0e 94 25 04 	call	0x84a	; 0x84a <__ltsf2>
    2122:	88 23       	and	r24, r24
    2124:	2c f4       	brge	.+10     	; 0x2130 <LCD_displayCharacter+0x24c>
		__ticks = 1;
    2126:	81 e0       	ldi	r24, 0x01	; 1
    2128:	90 e0       	ldi	r25, 0x00	; 0
    212a:	9c 8b       	std	Y+20, r25	; 0x14
    212c:	8b 8b       	std	Y+19, r24	; 0x13
    212e:	3f c0       	rjmp	.+126    	; 0x21ae <LCD_displayCharacter+0x2ca>
	else if (__tmp > 65535)
    2130:	6d 89       	ldd	r22, Y+21	; 0x15
    2132:	7e 89       	ldd	r23, Y+22	; 0x16
    2134:	8f 89       	ldd	r24, Y+23	; 0x17
    2136:	98 8d       	ldd	r25, Y+24	; 0x18
    2138:	20 e0       	ldi	r18, 0x00	; 0
    213a:	3f ef       	ldi	r19, 0xFF	; 255
    213c:	4f e7       	ldi	r20, 0x7F	; 127
    213e:	57 e4       	ldi	r21, 0x47	; 71
    2140:	0e 94 c5 03 	call	0x78a	; 0x78a <__gtsf2>
    2144:	18 16       	cp	r1, r24
    2146:	4c f5       	brge	.+82     	; 0x219a <LCD_displayCharacter+0x2b6>
	{
		//	__ticks = requested delay in 1/10 ms
		__ticks = (uint16_t) (__ms * 10.0);
    2148:	69 8d       	ldd	r22, Y+25	; 0x19
    214a:	7a 8d       	ldd	r23, Y+26	; 0x1a
    214c:	8b 8d       	ldd	r24, Y+27	; 0x1b
    214e:	9c 8d       	ldd	r25, Y+28	; 0x1c
    2150:	20 e0       	ldi	r18, 0x00	; 0
    2152:	30 e0       	ldi	r19, 0x00	; 0
    2154:	40 e2       	ldi	r20, 0x20	; 32
    2156:	51 e4       	ldi	r21, 0x41	; 65
    2158:	0e 94 1f 02 	call	0x43e	; 0x43e <__mulsf3>
    215c:	dc 01       	movw	r26, r24
    215e:	cb 01       	movw	r24, r22
    2160:	bc 01       	movw	r22, r24
    2162:	cd 01       	movw	r24, r26
    2164:	0e 94 49 00 	call	0x92	; 0x92 <__fixunssfsi>
    2168:	dc 01       	movw	r26, r24
    216a:	cb 01       	movw	r24, r22
    216c:	9c 8b       	std	Y+20, r25	; 0x14
    216e:	8b 8b       	std	Y+19, r24	; 0x13
    2170:	0f c0       	rjmp	.+30     	; 0x2190 <LCD_displayCharacter+0x2ac>
    2172:	88 ec       	ldi	r24, 0xC8	; 200
    2174:	90 e0       	ldi	r25, 0x00	; 0
    2176:	9a 8b       	std	Y+18, r25	; 0x12
    2178:	89 8b       	std	Y+17, r24	; 0x11
    217a:	89 89       	ldd	r24, Y+17	; 0x11
    217c:	9a 89       	ldd	r25, Y+18	; 0x12
    217e:	01 97       	sbiw	r24, 0x01	; 1
    2180:	f1 f7       	brne	.-4      	; 0x217e <LCD_displayCharacter+0x29a>
    2182:	9a 8b       	std	Y+18, r25	; 0x12
    2184:	89 8b       	std	Y+17, r24	; 0x11
		while(__ticks)
		{
			// wait 1/10 ms
			_delay_loop_2(((F_CPU) / 4e3) / 10);
			__ticks --;
    2186:	8b 89       	ldd	r24, Y+19	; 0x13
    2188:	9c 89       	ldd	r25, Y+20	; 0x14
    218a:	01 97       	sbiw	r24, 0x01	; 1
    218c:	9c 8b       	std	Y+20, r25	; 0x14
    218e:	8b 8b       	std	Y+19, r24	; 0x13
		__ticks = 1;
	else if (__tmp > 65535)
	{
		//	__ticks = requested delay in 1/10 ms
		__ticks = (uint16_t) (__ms * 10.0);
		while(__ticks)
    2190:	8b 89       	ldd	r24, Y+19	; 0x13
    2192:	9c 89       	ldd	r25, Y+20	; 0x14
    2194:	00 97       	sbiw	r24, 0x00	; 0
    2196:	69 f7       	brne	.-38     	; 0x2172 <LCD_displayCharacter+0x28e>
    2198:	14 c0       	rjmp	.+40     	; 0x21c2 <LCD_displayCharacter+0x2de>
			__ticks --;
		}
		return;
	}
	else
		__ticks = (uint16_t)__tmp;
    219a:	6d 89       	ldd	r22, Y+21	; 0x15
    219c:	7e 89       	ldd	r23, Y+22	; 0x16
    219e:	8f 89       	ldd	r24, Y+23	; 0x17
    21a0:	98 8d       	ldd	r25, Y+24	; 0x18
    21a2:	0e 94 49 00 	call	0x92	; 0x92 <__fixunssfsi>
    21a6:	dc 01       	movw	r26, r24
    21a8:	cb 01       	movw	r24, r22
    21aa:	9c 8b       	std	Y+20, r25	; 0x14
    21ac:	8b 8b       	std	Y+19, r24	; 0x13
    21ae:	8b 89       	ldd	r24, Y+19	; 0x13
    21b0:	9c 89       	ldd	r25, Y+20	; 0x14
    21b2:	98 8b       	std	Y+16, r25	; 0x10
    21b4:	8f 87       	std	Y+15, r24	; 0x0f
    21b6:	8f 85       	ldd	r24, Y+15	; 0x0f
    21b8:	98 89       	ldd	r25, Y+16	; 0x10
    21ba:	01 97       	sbiw	r24, 0x01	; 1
    21bc:	f1 f7       	brne	.-4      	; 0x21ba <LCD_displayCharacter+0x2d6>
    21be:	98 8b       	std	Y+16, r25	; 0x10
    21c0:	8f 87       	std	Y+15, r24	; 0x0f
	_delay_ms(1); /* delay for processing Tdsw = 100ns */
	GPIO_writePin(LCD_E_PORT_ID,LCD_E_PIN_ID,LOGIC_LOW); /* Disable LCD E=0 */
    21c2:	81 e0       	ldi	r24, 0x01	; 1
    21c4:	61 e0       	ldi	r22, 0x01	; 1
    21c6:	40 e0       	ldi	r20, 0x00	; 0
    21c8:	0e 94 b1 09 	call	0x1362	; 0x1362 <GPIO_writePin>
    21cc:	80 e0       	ldi	r24, 0x00	; 0
    21ce:	90 e0       	ldi	r25, 0x00	; 0
    21d0:	a0 e8       	ldi	r26, 0x80	; 128
    21d2:	bf e3       	ldi	r27, 0x3F	; 63
    21d4:	8b 87       	std	Y+11, r24	; 0x0b
    21d6:	9c 87       	std	Y+12, r25	; 0x0c
    21d8:	ad 87       	std	Y+13, r26	; 0x0d
    21da:	be 87       	std	Y+14, r27	; 0x0e
 */
void
_delay_ms(double __ms)
{
	uint16_t __ticks;
	double __tmp = ((F_CPU) / 4e3) * __ms;
    21dc:	6b 85       	ldd	r22, Y+11	; 0x0b
    21de:	7c 85       	ldd	r23, Y+12	; 0x0c
    21e0:	8d 85       	ldd	r24, Y+13	; 0x0d
    21e2:	9e 85       	ldd	r25, Y+14	; 0x0e
    21e4:	20 e0       	ldi	r18, 0x00	; 0
    21e6:	30 e0       	ldi	r19, 0x00	; 0
    21e8:	4a ef       	ldi	r20, 0xFA	; 250
    21ea:	54 e4       	ldi	r21, 0x44	; 68
    21ec:	0e 94 1f 02 	call	0x43e	; 0x43e <__mulsf3>
    21f0:	dc 01       	movw	r26, r24
    21f2:	cb 01       	movw	r24, r22
    21f4:	8f 83       	std	Y+7, r24	; 0x07
    21f6:	98 87       	std	Y+8, r25	; 0x08
    21f8:	a9 87       	std	Y+9, r26	; 0x09
    21fa:	ba 87       	std	Y+10, r27	; 0x0a
	if (__tmp < 1.0)
    21fc:	6f 81       	ldd	r22, Y+7	; 0x07
    21fe:	78 85       	ldd	r23, Y+8	; 0x08
    2200:	89 85       	ldd	r24, Y+9	; 0x09
    2202:	9a 85       	ldd	r25, Y+10	; 0x0a
    2204:	20 e0       	ldi	r18, 0x00	; 0
    2206:	30 e0       	ldi	r19, 0x00	; 0
    2208:	40 e8       	ldi	r20, 0x80	; 128
    220a:	5f e3       	ldi	r21, 0x3F	; 63
    220c:	0e 94 25 04 	call	0x84a	; 0x84a <__ltsf2>
    2210:	88 23       	and	r24, r24
    2212:	2c f4       	brge	.+10     	; 0x221e <LCD_displayCharacter+0x33a>
		__ticks = 1;
    2214:	81 e0       	ldi	r24, 0x01	; 1
    2216:	90 e0       	ldi	r25, 0x00	; 0
    2218:	9e 83       	std	Y+6, r25	; 0x06
    221a:	8d 83       	std	Y+5, r24	; 0x05
    221c:	3f c0       	rjmp	.+126    	; 0x229c <LCD_displayCharacter+0x3b8>
	else if (__tmp > 65535)
    221e:	6f 81       	ldd	r22, Y+7	; 0x07
    2220:	78 85       	ldd	r23, Y+8	; 0x08
    2222:	89 85       	ldd	r24, Y+9	; 0x09
    2224:	9a 85       	ldd	r25, Y+10	; 0x0a
    2226:	20 e0       	ldi	r18, 0x00	; 0
    2228:	3f ef       	ldi	r19, 0xFF	; 255
    222a:	4f e7       	ldi	r20, 0x7F	; 127
    222c:	57 e4       	ldi	r21, 0x47	; 71
    222e:	0e 94 c5 03 	call	0x78a	; 0x78a <__gtsf2>
    2232:	18 16       	cp	r1, r24
    2234:	4c f5       	brge	.+82     	; 0x2288 <LCD_displayCharacter+0x3a4>
	{
		//	__ticks = requested delay in 1/10 ms
		__ticks = (uint16_t) (__ms * 10.0);
    2236:	6b 85       	ldd	r22, Y+11	; 0x0b
    2238:	7c 85       	ldd	r23, Y+12	; 0x0c
    223a:	8d 85       	ldd	r24, Y+13	; 0x0d
    223c:	9e 85       	ldd	r25, Y+14	; 0x0e
    223e:	20 e0       	ldi	r18, 0x00	; 0
    2240:	30 e0       	ldi	r19, 0x00	; 0
    2242:	40 e2       	ldi	r20, 0x20	; 32
    2244:	51 e4       	ldi	r21, 0x41	; 65
    2246:	0e 94 1f 02 	call	0x43e	; 0x43e <__mulsf3>
    224a:	dc 01       	movw	r26, r24
    224c:	cb 01       	movw	r24, r22
    224e:	bc 01       	movw	r22, r24
    2250:	cd 01       	movw	r24, r26
    2252:	0e 94 49 00 	call	0x92	; 0x92 <__fixunssfsi>
    2256:	dc 01       	movw	r26, r24
    2258:	cb 01       	movw	r24, r22
    225a:	9e 83       	std	Y+6, r25	; 0x06
    225c:	8d 83       	std	Y+5, r24	; 0x05
    225e:	0f c0       	rjmp	.+30     	; 0x227e <LCD_displayCharacter+0x39a>
    2260:	88 ec       	ldi	r24, 0xC8	; 200
    2262:	90 e0       	ldi	r25, 0x00	; 0
    2264:	9c 83       	std	Y+4, r25	; 0x04
    2266:	8b 83       	std	Y+3, r24	; 0x03
    2268:	8b 81       	ldd	r24, Y+3	; 0x03
    226a:	9c 81       	ldd	r25, Y+4	; 0x04
    226c:	01 97       	sbiw	r24, 0x01	; 1
    226e:	f1 f7       	brne	.-4      	; 0x226c <LCD_displayCharacter+0x388>
    2270:	9c 83       	std	Y+4, r25	; 0x04
    2272:	8b 83       	std	Y+3, r24	; 0x03
		while(__ticks)
		{
			// wait 1/10 ms
			_delay_loop_2(((F_CPU) / 4e3) / 10);
			__ticks --;
    2274:	8d 81       	ldd	r24, Y+5	; 0x05
    2276:	9e 81       	ldd	r25, Y+6	; 0x06
    2278:	01 97       	sbiw	r24, 0x01	; 1
    227a:	9e 83       	std	Y+6, r25	; 0x06
    227c:	8d 83       	std	Y+5, r24	; 0x05
		__ticks = 1;
	else if (__tmp > 65535)
	{
		//	__ticks = requested delay in 1/10 ms
		__ticks = (uint16_t) (__ms * 10.0);
		while(__ticks)
    227e:	8d 81       	ldd	r24, Y+5	; 0x05
    2280:	9e 81       	ldd	r25, Y+6	; 0x06
    2282:	00 97       	sbiw	r24, 0x00	; 0
    2284:	69 f7       	brne	.-38     	; 0x2260 <LCD_displayCharacter+0x37c>
    2286:	14 c0       	rjmp	.+40     	; 0x22b0 <LCD_displayCharacter+0x3cc>
			__ticks --;
		}
		return;
	}
	else
		__ticks = (uint16_t)__tmp;
    2288:	6f 81       	ldd	r22, Y+7	; 0x07
    228a:	78 85       	ldd	r23, Y+8	; 0x08
    228c:	89 85       	ldd	r24, Y+9	; 0x09
    228e:	9a 85       	ldd	r25, Y+10	; 0x0a
    2290:	0e 94 49 00 	call	0x92	; 0x92 <__fixunssfsi>
    2294:	dc 01       	movw	r26, r24
    2296:	cb 01       	movw	r24, r22
    2298:	9e 83       	std	Y+6, r25	; 0x06
    229a:	8d 83       	std	Y+5, r24	; 0x05
    229c:	8d 81       	ldd	r24, Y+5	; 0x05
    229e:	9e 81       	ldd	r25, Y+6	; 0x06
    22a0:	9a 83       	std	Y+2, r25	; 0x02
    22a2:	89 83       	std	Y+1, r24	; 0x01
    22a4:	89 81       	ldd	r24, Y+1	; 0x01
    22a6:	9a 81       	ldd	r25, Y+2	; 0x02
    22a8:	01 97       	sbiw	r24, 0x01	; 1
    22aa:	f1 f7       	brne	.-4      	; 0x22a8 <LCD_displayCharacter+0x3c4>
    22ac:	9a 83       	std	Y+2, r25	; 0x02
    22ae:	89 83       	std	Y+1, r24	; 0x01
	_delay_ms(1); /* delay for processing Th = 13ns */
#endif
}
    22b0:	e9 96       	adiw	r28, 0x39	; 57
    22b2:	0f b6       	in	r0, 0x3f	; 63
    22b4:	f8 94       	cli
    22b6:	de bf       	out	0x3e, r29	; 62
    22b8:	0f be       	out	0x3f, r0	; 63
    22ba:	cd bf       	out	0x3d, r28	; 61
    22bc:	cf 91       	pop	r28
    22be:	df 91       	pop	r29
    22c0:	08 95       	ret

000022c2 <LCD_displayString>:
/*
 * Description :
 * Display the required string on the screen
 */
void LCD_displayString(const char *Str)
{
    22c2:	df 93       	push	r29
    22c4:	cf 93       	push	r28
    22c6:	00 d0       	rcall	.+0      	; 0x22c8 <LCD_displayString+0x6>
    22c8:	0f 92       	push	r0
    22ca:	cd b7       	in	r28, 0x3d	; 61
    22cc:	de b7       	in	r29, 0x3e	; 62
    22ce:	9b 83       	std	Y+3, r25	; 0x03
    22d0:	8a 83       	std	Y+2, r24	; 0x02
	uint8 i = 0;
    22d2:	19 82       	std	Y+1, r1	; 0x01
    22d4:	0e c0       	rjmp	.+28     	; 0x22f2 <LCD_displayString+0x30>
	while(Str[i] != '\0')
	{
		LCD_displayCharacter(Str[i]);
    22d6:	89 81       	ldd	r24, Y+1	; 0x01
    22d8:	28 2f       	mov	r18, r24
    22da:	30 e0       	ldi	r19, 0x00	; 0
    22dc:	8a 81       	ldd	r24, Y+2	; 0x02
    22de:	9b 81       	ldd	r25, Y+3	; 0x03
    22e0:	fc 01       	movw	r30, r24
    22e2:	e2 0f       	add	r30, r18
    22e4:	f3 1f       	adc	r31, r19
    22e6:	80 81       	ld	r24, Z
    22e8:	0e 94 72 0f 	call	0x1ee4	; 0x1ee4 <LCD_displayCharacter>
		i++;
    22ec:	89 81       	ldd	r24, Y+1	; 0x01
    22ee:	8f 5f       	subi	r24, 0xFF	; 255
    22f0:	89 83       	std	Y+1, r24	; 0x01
 * Display the required string on the screen
 */
void LCD_displayString(const char *Str)
{
	uint8 i = 0;
	while(Str[i] != '\0')
    22f2:	89 81       	ldd	r24, Y+1	; 0x01
    22f4:	28 2f       	mov	r18, r24
    22f6:	30 e0       	ldi	r19, 0x00	; 0
    22f8:	8a 81       	ldd	r24, Y+2	; 0x02
    22fa:	9b 81       	ldd	r25, Y+3	; 0x03
    22fc:	fc 01       	movw	r30, r24
    22fe:	e2 0f       	add	r30, r18
    2300:	f3 1f       	adc	r31, r19
    2302:	80 81       	ld	r24, Z
    2304:	88 23       	and	r24, r24
    2306:	39 f7       	brne	.-50     	; 0x22d6 <LCD_displayString+0x14>
	{
		LCD_displayCharacter(*Str);
		Str++;
	}		
	*********************************************************/
}
    2308:	0f 90       	pop	r0
    230a:	0f 90       	pop	r0
    230c:	0f 90       	pop	r0
    230e:	cf 91       	pop	r28
    2310:	df 91       	pop	r29
    2312:	08 95       	ret

00002314 <LCD_moveCursor>:
/*
 * Description :
 * Move the cursor to a specified row and column index on the screen
 */
void LCD_moveCursor(uint8 row,uint8 col)
{
    2314:	df 93       	push	r29
    2316:	cf 93       	push	r28
    2318:	00 d0       	rcall	.+0      	; 0x231a <LCD_moveCursor+0x6>
    231a:	00 d0       	rcall	.+0      	; 0x231c <LCD_moveCursor+0x8>
    231c:	0f 92       	push	r0
    231e:	cd b7       	in	r28, 0x3d	; 61
    2320:	de b7       	in	r29, 0x3e	; 62
    2322:	8a 83       	std	Y+2, r24	; 0x02
    2324:	6b 83       	std	Y+3, r22	; 0x03
	uint8 lcd_memory_address;
	
	/* Calculate the required address in the LCD DDRAM */
	switch(row)
    2326:	8a 81       	ldd	r24, Y+2	; 0x02
    2328:	28 2f       	mov	r18, r24
    232a:	30 e0       	ldi	r19, 0x00	; 0
    232c:	3d 83       	std	Y+5, r19	; 0x05
    232e:	2c 83       	std	Y+4, r18	; 0x04
    2330:	8c 81       	ldd	r24, Y+4	; 0x04
    2332:	9d 81       	ldd	r25, Y+5	; 0x05
    2334:	81 30       	cpi	r24, 0x01	; 1
    2336:	91 05       	cpc	r25, r1
    2338:	c1 f0       	breq	.+48     	; 0x236a <LCD_moveCursor+0x56>
    233a:	2c 81       	ldd	r18, Y+4	; 0x04
    233c:	3d 81       	ldd	r19, Y+5	; 0x05
    233e:	22 30       	cpi	r18, 0x02	; 2
    2340:	31 05       	cpc	r19, r1
    2342:	2c f4       	brge	.+10     	; 0x234e <LCD_moveCursor+0x3a>
    2344:	8c 81       	ldd	r24, Y+4	; 0x04
    2346:	9d 81       	ldd	r25, Y+5	; 0x05
    2348:	00 97       	sbiw	r24, 0x00	; 0
    234a:	61 f0       	breq	.+24     	; 0x2364 <LCD_moveCursor+0x50>
    234c:	19 c0       	rjmp	.+50     	; 0x2380 <LCD_moveCursor+0x6c>
    234e:	2c 81       	ldd	r18, Y+4	; 0x04
    2350:	3d 81       	ldd	r19, Y+5	; 0x05
    2352:	22 30       	cpi	r18, 0x02	; 2
    2354:	31 05       	cpc	r19, r1
    2356:	69 f0       	breq	.+26     	; 0x2372 <LCD_moveCursor+0x5e>
    2358:	8c 81       	ldd	r24, Y+4	; 0x04
    235a:	9d 81       	ldd	r25, Y+5	; 0x05
    235c:	83 30       	cpi	r24, 0x03	; 3
    235e:	91 05       	cpc	r25, r1
    2360:	61 f0       	breq	.+24     	; 0x237a <LCD_moveCursor+0x66>
    2362:	0e c0       	rjmp	.+28     	; 0x2380 <LCD_moveCursor+0x6c>
	{
		case 0:
			lcd_memory_address=col;
    2364:	8b 81       	ldd	r24, Y+3	; 0x03
    2366:	89 83       	std	Y+1, r24	; 0x01
    2368:	0b c0       	rjmp	.+22     	; 0x2380 <LCD_moveCursor+0x6c>
				break;
		case 1:
			lcd_memory_address=col+0x40;
    236a:	8b 81       	ldd	r24, Y+3	; 0x03
    236c:	80 5c       	subi	r24, 0xC0	; 192
    236e:	89 83       	std	Y+1, r24	; 0x01
    2370:	07 c0       	rjmp	.+14     	; 0x2380 <LCD_moveCursor+0x6c>
				break;
		case 2:
			lcd_memory_address=col+0x10;
    2372:	8b 81       	ldd	r24, Y+3	; 0x03
    2374:	80 5f       	subi	r24, 0xF0	; 240
    2376:	89 83       	std	Y+1, r24	; 0x01
    2378:	03 c0       	rjmp	.+6      	; 0x2380 <LCD_moveCursor+0x6c>
				break;
		case 3:
			lcd_memory_address=col+0x50;
    237a:	8b 81       	ldd	r24, Y+3	; 0x03
    237c:	80 5b       	subi	r24, 0xB0	; 176
    237e:	89 83       	std	Y+1, r24	; 0x01
				break;
	}					
	/* Move the LCD cursor to this specific address */
	LCD_sendCommand(lcd_memory_address | LCD_SET_CURSOR_LOCATION);
    2380:	89 81       	ldd	r24, Y+1	; 0x01
    2382:	80 68       	ori	r24, 0x80	; 128
    2384:	0e 94 83 0d 	call	0x1b06	; 0x1b06 <LCD_sendCommand>
}
    2388:	0f 90       	pop	r0
    238a:	0f 90       	pop	r0
    238c:	0f 90       	pop	r0
    238e:	0f 90       	pop	r0
    2390:	0f 90       	pop	r0
    2392:	cf 91       	pop	r28
    2394:	df 91       	pop	r29
    2396:	08 95       	ret

00002398 <LCD_displayStringRowColumn>:
/*
 * Description :
 * Display the required string in a specified row and column index on the screen
 */
void LCD_displayStringRowColumn(uint8 row,uint8 col,const char *Str)
{
    2398:	df 93       	push	r29
    239a:	cf 93       	push	r28
    239c:	00 d0       	rcall	.+0      	; 0x239e <LCD_displayStringRowColumn+0x6>
    239e:	00 d0       	rcall	.+0      	; 0x23a0 <LCD_displayStringRowColumn+0x8>
    23a0:	cd b7       	in	r28, 0x3d	; 61
    23a2:	de b7       	in	r29, 0x3e	; 62
    23a4:	89 83       	std	Y+1, r24	; 0x01
    23a6:	6a 83       	std	Y+2, r22	; 0x02
    23a8:	5c 83       	std	Y+4, r21	; 0x04
    23aa:	4b 83       	std	Y+3, r20	; 0x03
	LCD_moveCursor(row,col); /* go to to the required LCD position */
    23ac:	89 81       	ldd	r24, Y+1	; 0x01
    23ae:	6a 81       	ldd	r22, Y+2	; 0x02
    23b0:	0e 94 8a 11 	call	0x2314	; 0x2314 <LCD_moveCursor>
	LCD_displayString(Str); /* display the string */
    23b4:	8b 81       	ldd	r24, Y+3	; 0x03
    23b6:	9c 81       	ldd	r25, Y+4	; 0x04
    23b8:	0e 94 61 11 	call	0x22c2	; 0x22c2 <LCD_displayString>
}
    23bc:	0f 90       	pop	r0
    23be:	0f 90       	pop	r0
    23c0:	0f 90       	pop	r0
    23c2:	0f 90       	pop	r0
    23c4:	cf 91       	pop	r28
    23c6:	df 91       	pop	r29
    23c8:	08 95       	ret

000023ca <LCD_intgerToString>:
/*
 * Description :
 * Display the required decimal value on the screen
 */
void LCD_intgerToString(int data)
{
    23ca:	df 93       	push	r29
    23cc:	cf 93       	push	r28
    23ce:	cd b7       	in	r28, 0x3d	; 61
    23d0:	de b7       	in	r29, 0x3e	; 62
    23d2:	62 97       	sbiw	r28, 0x12	; 18
    23d4:	0f b6       	in	r0, 0x3f	; 63
    23d6:	f8 94       	cli
    23d8:	de bf       	out	0x3e, r29	; 62
    23da:	0f be       	out	0x3f, r0	; 63
    23dc:	cd bf       	out	0x3d, r28	; 61
    23de:	9a 8b       	std	Y+18, r25	; 0x12
    23e0:	89 8b       	std	Y+17, r24	; 0x11
   char buff[16]; /* String to hold the ascii result */
   itoa(data,buff,10); /* Use itoa C function to convert the data to its corresponding ASCII value, 10 for decimal */
    23e2:	89 89       	ldd	r24, Y+17	; 0x11
    23e4:	9a 89       	ldd	r25, Y+18	; 0x12
    23e6:	9e 01       	movw	r18, r28
    23e8:	2f 5f       	subi	r18, 0xFF	; 255
    23ea:	3f 4f       	sbci	r19, 0xFF	; 255
    23ec:	b9 01       	movw	r22, r18
    23ee:	4a e0       	ldi	r20, 0x0A	; 10
    23f0:	50 e0       	ldi	r21, 0x00	; 0
    23f2:	0e 94 bf 12 	call	0x257e	; 0x257e <itoa>
   LCD_displayString(buff); /* Display the string */
    23f6:	ce 01       	movw	r24, r28
    23f8:	01 96       	adiw	r24, 0x01	; 1
    23fa:	0e 94 61 11 	call	0x22c2	; 0x22c2 <LCD_displayString>
}
    23fe:	62 96       	adiw	r28, 0x12	; 18
    2400:	0f b6       	in	r0, 0x3f	; 63
    2402:	f8 94       	cli
    2404:	de bf       	out	0x3e, r29	; 62
    2406:	0f be       	out	0x3f, r0	; 63
    2408:	cd bf       	out	0x3d, r28	; 61
    240a:	cf 91       	pop	r28
    240c:	df 91       	pop	r29
    240e:	08 95       	ret

00002410 <LCD_clearScreen>:
/*
 * Description :
 * Send the clear screen command
 */
void LCD_clearScreen(void)
{
    2410:	df 93       	push	r29
    2412:	cf 93       	push	r28
    2414:	cd b7       	in	r28, 0x3d	; 61
    2416:	de b7       	in	r29, 0x3e	; 62
	LCD_sendCommand(LCD_CLEAR_COMMAND); /* Send clear display command */
    2418:	81 e0       	ldi	r24, 0x01	; 1
    241a:	0e 94 83 0d 	call	0x1b06	; 0x1b06 <LCD_sendCommand>
}
    241e:	cf 91       	pop	r28
    2420:	df 91       	pop	r29
    2422:	08 95       	ret

00002424 <main>:
#include "std_types.h"
#include <avr/io.h>
#include "lcd.h"
#include "HC-SR04_Ultrasonic.h"

int main (void){
    2424:	df 93       	push	r29
    2426:	cf 93       	push	r28
    2428:	cd b7       	in	r28, 0x3d	; 61
    242a:	de b7       	in	r29, 0x3e	; 62
    242c:	67 97       	sbiw	r28, 0x17	; 23
    242e:	0f b6       	in	r0, 0x3f	; 63
    2430:	f8 94       	cli
    2432:	de bf       	out	0x3e, r29	; 62
    2434:	0f be       	out	0x3f, r0	; 63
    2436:	cd bf       	out	0x3d, r28	; 61

	LCD_init();
    2438:	0e 94 e7 0c 	call	0x19ce	; 0x19ce <LCD_init>


	/*local variable*/
	uint16 distance;
	uint8 LCD_Text[16]="Distance=    cm";
    243c:	ce 01       	movw	r24, r28
    243e:	03 96       	adiw	r24, 0x03	; 3
    2440:	9c 8b       	std	Y+20, r25	; 0x14
    2442:	8b 8b       	std	Y+19, r24	; 0x13
    2444:	e0 e6       	ldi	r30, 0x60	; 96
    2446:	f0 e0       	ldi	r31, 0x00	; 0
    2448:	fe 8b       	std	Y+22, r31	; 0x16
    244a:	ed 8b       	std	Y+21, r30	; 0x15
    244c:	f0 e1       	ldi	r31, 0x10	; 16
    244e:	ff 8b       	std	Y+23, r31	; 0x17
    2450:	ed 89       	ldd	r30, Y+21	; 0x15
    2452:	fe 89       	ldd	r31, Y+22	; 0x16
    2454:	00 80       	ld	r0, Z
    2456:	8d 89       	ldd	r24, Y+21	; 0x15
    2458:	9e 89       	ldd	r25, Y+22	; 0x16
    245a:	01 96       	adiw	r24, 0x01	; 1
    245c:	9e 8b       	std	Y+22, r25	; 0x16
    245e:	8d 8b       	std	Y+21, r24	; 0x15
    2460:	eb 89       	ldd	r30, Y+19	; 0x13
    2462:	fc 89       	ldd	r31, Y+20	; 0x14
    2464:	00 82       	st	Z, r0
    2466:	8b 89       	ldd	r24, Y+19	; 0x13
    2468:	9c 89       	ldd	r25, Y+20	; 0x14
    246a:	01 96       	adiw	r24, 0x01	; 1
    246c:	9c 8b       	std	Y+20, r25	; 0x14
    246e:	8b 8b       	std	Y+19, r24	; 0x13
    2470:	9f 89       	ldd	r25, Y+23	; 0x17
    2472:	91 50       	subi	r25, 0x01	; 1
    2474:	9f 8b       	std	Y+23, r25	; 0x17
    2476:	ef 89       	ldd	r30, Y+23	; 0x17
    2478:	ee 23       	and	r30, r30
    247a:	51 f7       	brne	.-44     	; 0x2450 <main+0x2c>

	/* Enable Global Interrupt I-Bit */
	SREG |= (1<<7);
    247c:	af e5       	ldi	r26, 0x5F	; 95
    247e:	b0 e0       	ldi	r27, 0x00	; 0
    2480:	ef e5       	ldi	r30, 0x5F	; 95
    2482:	f0 e0       	ldi	r31, 0x00	; 0
    2484:	80 81       	ld	r24, Z
    2486:	80 68       	ori	r24, 0x80	; 128
    2488:	8c 93       	st	X, r24

	while (1){

		Ultrasonic_init();
    248a:	0e 94 17 07 	call	0xe2e	; 0xe2e <Ultrasonic_init>


		distance = Ultrasonic_readDistance();
    248e:	0e 94 12 08 	call	0x1024	; 0x1024 <Ultrasonic_readDistance>
    2492:	9a 83       	std	Y+2, r25	; 0x02
    2494:	89 83       	std	Y+1, r24	; 0x01

				/* Display the Distance value every time at same position */
				LCD_displayStringRowColumn(1,1,LCD_Text);
    2496:	9e 01       	movw	r18, r28
    2498:	2d 5f       	subi	r18, 0xFD	; 253
    249a:	3f 4f       	sbci	r19, 0xFF	; 255
    249c:	81 e0       	ldi	r24, 0x01	; 1
    249e:	61 e0       	ldi	r22, 0x01	; 1
    24a0:	a9 01       	movw	r20, r18
    24a2:	0e 94 cc 11 	call	0x2398	; 0x2398 <LCD_displayStringRowColumn>
				LCD_moveCursor(1,12);
    24a6:	81 e0       	ldi	r24, 0x01	; 1
    24a8:	6c e0       	ldi	r22, 0x0C	; 12
    24aa:	0e 94 8a 11 	call	0x2314	; 0x2314 <LCD_moveCursor>
				if(distance >= 100)
    24ae:	89 81       	ldd	r24, Y+1	; 0x01
    24b0:	9a 81       	ldd	r25, Y+2	; 0x02
    24b2:	84 36       	cpi	r24, 0x64	; 100
    24b4:	91 05       	cpc	r25, r1
    24b6:	28 f0       	brcs	.+10     	; 0x24c2 <main+0x9e>
				{
					LCD_intgerToString(distance);
    24b8:	89 81       	ldd	r24, Y+1	; 0x01
    24ba:	9a 81       	ldd	r25, Y+2	; 0x02
    24bc:	0e 94 e5 11 	call	0x23ca	; 0x23ca <LCD_intgerToString>
    24c0:	e4 cf       	rjmp	.-56     	; 0x248a <main+0x66>
				}
				else
				{
					LCD_intgerToString(distance);
    24c2:	89 81       	ldd	r24, Y+1	; 0x01
    24c4:	9a 81       	ldd	r25, Y+2	; 0x02
    24c6:	0e 94 e5 11 	call	0x23ca	; 0x23ca <LCD_intgerToString>
					/* In case the digital value is two or one digits print space in the next digit place */
					LCD_displayCharacter(' ');
    24ca:	80 e2       	ldi	r24, 0x20	; 32
    24cc:	0e 94 72 0f 	call	0x1ee4	; 0x1ee4 <LCD_displayCharacter>
    24d0:	dc cf       	rjmp	.-72     	; 0x248a <main+0x66>

000024d2 <__mulsi3>:
    24d2:	62 9f       	mul	r22, r18
    24d4:	d0 01       	movw	r26, r0
    24d6:	73 9f       	mul	r23, r19
    24d8:	f0 01       	movw	r30, r0
    24da:	82 9f       	mul	r24, r18
    24dc:	e0 0d       	add	r30, r0
    24de:	f1 1d       	adc	r31, r1
    24e0:	64 9f       	mul	r22, r20
    24e2:	e0 0d       	add	r30, r0
    24e4:	f1 1d       	adc	r31, r1
    24e6:	92 9f       	mul	r25, r18
    24e8:	f0 0d       	add	r31, r0
    24ea:	83 9f       	mul	r24, r19
    24ec:	f0 0d       	add	r31, r0
    24ee:	74 9f       	mul	r23, r20
    24f0:	f0 0d       	add	r31, r0
    24f2:	65 9f       	mul	r22, r21
    24f4:	f0 0d       	add	r31, r0
    24f6:	99 27       	eor	r25, r25
    24f8:	72 9f       	mul	r23, r18
    24fa:	b0 0d       	add	r27, r0
    24fc:	e1 1d       	adc	r30, r1
    24fe:	f9 1f       	adc	r31, r25
    2500:	63 9f       	mul	r22, r19
    2502:	b0 0d       	add	r27, r0
    2504:	e1 1d       	adc	r30, r1
    2506:	f9 1f       	adc	r31, r25
    2508:	bd 01       	movw	r22, r26
    250a:	cf 01       	movw	r24, r30
    250c:	11 24       	eor	r1, r1
    250e:	08 95       	ret

00002510 <__prologue_saves__>:
    2510:	2f 92       	push	r2
    2512:	3f 92       	push	r3
    2514:	4f 92       	push	r4
    2516:	5f 92       	push	r5
    2518:	6f 92       	push	r6
    251a:	7f 92       	push	r7
    251c:	8f 92       	push	r8
    251e:	9f 92       	push	r9
    2520:	af 92       	push	r10
    2522:	bf 92       	push	r11
    2524:	cf 92       	push	r12
    2526:	df 92       	push	r13
    2528:	ef 92       	push	r14
    252a:	ff 92       	push	r15
    252c:	0f 93       	push	r16
    252e:	1f 93       	push	r17
    2530:	cf 93       	push	r28
    2532:	df 93       	push	r29
    2534:	cd b7       	in	r28, 0x3d	; 61
    2536:	de b7       	in	r29, 0x3e	; 62
    2538:	ca 1b       	sub	r28, r26
    253a:	db 0b       	sbc	r29, r27
    253c:	0f b6       	in	r0, 0x3f	; 63
    253e:	f8 94       	cli
    2540:	de bf       	out	0x3e, r29	; 62
    2542:	0f be       	out	0x3f, r0	; 63
    2544:	cd bf       	out	0x3d, r28	; 61
    2546:	09 94       	ijmp

00002548 <__epilogue_restores__>:
    2548:	2a 88       	ldd	r2, Y+18	; 0x12
    254a:	39 88       	ldd	r3, Y+17	; 0x11
    254c:	48 88       	ldd	r4, Y+16	; 0x10
    254e:	5f 84       	ldd	r5, Y+15	; 0x0f
    2550:	6e 84       	ldd	r6, Y+14	; 0x0e
    2552:	7d 84       	ldd	r7, Y+13	; 0x0d
    2554:	8c 84       	ldd	r8, Y+12	; 0x0c
    2556:	9b 84       	ldd	r9, Y+11	; 0x0b
    2558:	aa 84       	ldd	r10, Y+10	; 0x0a
    255a:	b9 84       	ldd	r11, Y+9	; 0x09
    255c:	c8 84       	ldd	r12, Y+8	; 0x08
    255e:	df 80       	ldd	r13, Y+7	; 0x07
    2560:	ee 80       	ldd	r14, Y+6	; 0x06
    2562:	fd 80       	ldd	r15, Y+5	; 0x05
    2564:	0c 81       	ldd	r16, Y+4	; 0x04
    2566:	1b 81       	ldd	r17, Y+3	; 0x03
    2568:	aa 81       	ldd	r26, Y+2	; 0x02
    256a:	b9 81       	ldd	r27, Y+1	; 0x01
    256c:	ce 0f       	add	r28, r30
    256e:	d1 1d       	adc	r29, r1
    2570:	0f b6       	in	r0, 0x3f	; 63
    2572:	f8 94       	cli
    2574:	de bf       	out	0x3e, r29	; 62
    2576:	0f be       	out	0x3f, r0	; 63
    2578:	cd bf       	out	0x3d, r28	; 61
    257a:	ed 01       	movw	r28, r26
    257c:	08 95       	ret

0000257e <itoa>:
    257e:	fb 01       	movw	r30, r22
    2580:	9f 01       	movw	r18, r30
    2582:	e8 94       	clt
    2584:	42 30       	cpi	r20, 0x02	; 2
    2586:	c4 f0       	brlt	.+48     	; 0x25b8 <itoa+0x3a>
    2588:	45 32       	cpi	r20, 0x25	; 37
    258a:	b4 f4       	brge	.+44     	; 0x25b8 <itoa+0x3a>
    258c:	4a 30       	cpi	r20, 0x0A	; 10
    258e:	29 f4       	brne	.+10     	; 0x259a <itoa+0x1c>
    2590:	97 fb       	bst	r25, 7
    2592:	1e f4       	brtc	.+6      	; 0x259a <itoa+0x1c>
    2594:	90 95       	com	r25
    2596:	81 95       	neg	r24
    2598:	9f 4f       	sbci	r25, 0xFF	; 255
    259a:	64 2f       	mov	r22, r20
    259c:	77 27       	eor	r23, r23
    259e:	0e 94 f0 12 	call	0x25e0	; 0x25e0 <__udivmodhi4>
    25a2:	80 5d       	subi	r24, 0xD0	; 208
    25a4:	8a 33       	cpi	r24, 0x3A	; 58
    25a6:	0c f0       	brlt	.+2      	; 0x25aa <itoa+0x2c>
    25a8:	89 5d       	subi	r24, 0xD9	; 217
    25aa:	81 93       	st	Z+, r24
    25ac:	cb 01       	movw	r24, r22
    25ae:	00 97       	sbiw	r24, 0x00	; 0
    25b0:	a1 f7       	brne	.-24     	; 0x259a <itoa+0x1c>
    25b2:	16 f4       	brtc	.+4      	; 0x25b8 <itoa+0x3a>
    25b4:	5d e2       	ldi	r21, 0x2D	; 45
    25b6:	51 93       	st	Z+, r21
    25b8:	10 82       	st	Z, r1
    25ba:	c9 01       	movw	r24, r18
    25bc:	0c 94 e0 12 	jmp	0x25c0	; 0x25c0 <strrev>

000025c0 <strrev>:
    25c0:	dc 01       	movw	r26, r24
    25c2:	fc 01       	movw	r30, r24
    25c4:	67 2f       	mov	r22, r23
    25c6:	71 91       	ld	r23, Z+
    25c8:	77 23       	and	r23, r23
    25ca:	e1 f7       	brne	.-8      	; 0x25c4 <strrev+0x4>
    25cc:	32 97       	sbiw	r30, 0x02	; 2
    25ce:	04 c0       	rjmp	.+8      	; 0x25d8 <strrev+0x18>
    25d0:	7c 91       	ld	r23, X
    25d2:	6d 93       	st	X+, r22
    25d4:	70 83       	st	Z, r23
    25d6:	62 91       	ld	r22, -Z
    25d8:	ae 17       	cp	r26, r30
    25da:	bf 07       	cpc	r27, r31
    25dc:	c8 f3       	brcs	.-14     	; 0x25d0 <strrev+0x10>
    25de:	08 95       	ret

000025e0 <__udivmodhi4>:
    25e0:	aa 1b       	sub	r26, r26
    25e2:	bb 1b       	sub	r27, r27
    25e4:	51 e1       	ldi	r21, 0x11	; 17
    25e6:	07 c0       	rjmp	.+14     	; 0x25f6 <__udivmodhi4_ep>

000025e8 <__udivmodhi4_loop>:
    25e8:	aa 1f       	adc	r26, r26
    25ea:	bb 1f       	adc	r27, r27
    25ec:	a6 17       	cp	r26, r22
    25ee:	b7 07       	cpc	r27, r23
    25f0:	10 f0       	brcs	.+4      	; 0x25f6 <__udivmodhi4_ep>
    25f2:	a6 1b       	sub	r26, r22
    25f4:	b7 0b       	sbc	r27, r23

000025f6 <__udivmodhi4_ep>:
    25f6:	88 1f       	adc	r24, r24
    25f8:	99 1f       	adc	r25, r25
    25fa:	5a 95       	dec	r21
    25fc:	a9 f7       	brne	.-22     	; 0x25e8 <__udivmodhi4_loop>
    25fe:	80 95       	com	r24
    2600:	90 95       	com	r25
    2602:	bc 01       	movw	r22, r24
    2604:	cd 01       	movw	r24, r26
    2606:	08 95       	ret

00002608 <_exit>:
    2608:	f8 94       	cli

0000260a <__stop_program>:
    260a:	ff cf       	rjmp	.-2      	; 0x260a <__stop_program>
