
HMI_ECU.elf:     file format elf32-avr

Sections:
Idx Name          Size      VMA       LMA       File off  Algn
  0 .text         00003378  00000000  00000000  00000094  2**1
                  CONTENTS, ALLOC, LOAD, READONLY, CODE
  1 .data         00000082  00800060  00003378  0000340c  2**0
                  CONTENTS, ALLOC, LOAD, DATA
  2 .bss          00000006  008000e2  008000e2  0000348e  2**0
                  ALLOC
  3 .stab         00002b44  00000000  00000000  00003490  2**2
                  CONTENTS, READONLY, DEBUGGING
  4 .stabstr      00001171  00000000  00000000  00005fd4  2**0
                  CONTENTS, READONLY, DEBUGGING
  5 .debug_aranges 00000140  00000000  00000000  00007145  2**0
                  CONTENTS, READONLY, DEBUGGING
  6 .debug_pubnames 00000170  00000000  00000000  00007285  2**0
                  CONTENTS, READONLY, DEBUGGING
  7 .debug_info   00001c49  00000000  00000000  000073f5  2**0
                  CONTENTS, READONLY, DEBUGGING
  8 .debug_abbrev 00000eeb  00000000  00000000  0000903e  2**0
                  CONTENTS, READONLY, DEBUGGING
  9 .debug_line   00000dad  00000000  00000000  00009f29  2**0
                  CONTENTS, READONLY, DEBUGGING
 10 .debug_frame  00000160  00000000  00000000  0000acd8  2**2
                  CONTENTS, READONLY, DEBUGGING
 11 .debug_str    0000028d  00000000  00000000  0000ae38  2**0
                  CONTENTS, READONLY, DEBUGGING
 12 .debug_loc    000007ce  00000000  00000000  0000b0c5  2**0
                  CONTENTS, READONLY, DEBUGGING
 13 .debug_ranges 00000050  00000000  00000000  0000b893  2**0
                  CONTENTS, READONLY, DEBUGGING

Disassembly of section .text:

00000000 <__vectors>:
       0:	0c 94 2a 00 	jmp	0x54	; 0x54 <__ctors_end>
       4:	0c 94 47 00 	jmp	0x8e	; 0x8e <__bad_interrupt>
       8:	0c 94 47 00 	jmp	0x8e	; 0x8e <__bad_interrupt>
       c:	0c 94 47 00 	jmp	0x8e	; 0x8e <__bad_interrupt>
      10:	0c 94 47 00 	jmp	0x8e	; 0x8e <__bad_interrupt>
      14:	0c 94 47 00 	jmp	0x8e	; 0x8e <__bad_interrupt>
      18:	0c 94 47 00 	jmp	0x8e	; 0x8e <__bad_interrupt>
      1c:	0c 94 b7 17 	jmp	0x2f6e	; 0x2f6e <__vector_7>
      20:	0c 94 47 00 	jmp	0x8e	; 0x8e <__bad_interrupt>
      24:	0c 94 84 17 	jmp	0x2f08	; 0x2f08 <__vector_9>
      28:	0c 94 47 00 	jmp	0x8e	; 0x8e <__bad_interrupt>
      2c:	0c 94 47 00 	jmp	0x8e	; 0x8e <__bad_interrupt>
      30:	0c 94 47 00 	jmp	0x8e	; 0x8e <__bad_interrupt>
      34:	0c 94 47 00 	jmp	0x8e	; 0x8e <__bad_interrupt>
      38:	0c 94 47 00 	jmp	0x8e	; 0x8e <__bad_interrupt>
      3c:	0c 94 47 00 	jmp	0x8e	; 0x8e <__bad_interrupt>
      40:	0c 94 47 00 	jmp	0x8e	; 0x8e <__bad_interrupt>
      44:	0c 94 47 00 	jmp	0x8e	; 0x8e <__bad_interrupt>
      48:	0c 94 47 00 	jmp	0x8e	; 0x8e <__bad_interrupt>
      4c:	0c 94 47 00 	jmp	0x8e	; 0x8e <__bad_interrupt>
      50:	0c 94 47 00 	jmp	0x8e	; 0x8e <__bad_interrupt>

00000054 <__ctors_end>:
      54:	11 24       	eor	r1, r1
      56:	1f be       	out	0x3f, r1	; 63
      58:	cf e5       	ldi	r28, 0x5F	; 95
      5a:	d8 e0       	ldi	r29, 0x08	; 8
      5c:	de bf       	out	0x3e, r29	; 62
      5e:	cd bf       	out	0x3d, r28	; 61

00000060 <__do_copy_data>:
      60:	10 e0       	ldi	r17, 0x00	; 0
      62:	a0 e6       	ldi	r26, 0x60	; 96
      64:	b0 e0       	ldi	r27, 0x00	; 0
      66:	e8 e7       	ldi	r30, 0x78	; 120
      68:	f3 e3       	ldi	r31, 0x33	; 51
      6a:	02 c0       	rjmp	.+4      	; 0x70 <.do_copy_data_start>

0000006c <.do_copy_data_loop>:
      6c:	05 90       	lpm	r0, Z+
      6e:	0d 92       	st	X+, r0

00000070 <.do_copy_data_start>:
      70:	a2 3e       	cpi	r26, 0xE2	; 226
      72:	b1 07       	cpc	r27, r17
      74:	d9 f7       	brne	.-10     	; 0x6c <.do_copy_data_loop>

00000076 <__do_clear_bss>:
      76:	10 e0       	ldi	r17, 0x00	; 0
      78:	a2 ee       	ldi	r26, 0xE2	; 226
      7a:	b0 e0       	ldi	r27, 0x00	; 0
      7c:	01 c0       	rjmp	.+2      	; 0x80 <.do_clear_bss_start>

0000007e <.do_clear_bss_loop>:
      7e:	1d 92       	st	X+, r1

00000080 <.do_clear_bss_start>:
      80:	a8 3e       	cpi	r26, 0xE8	; 232
      82:	b1 07       	cpc	r27, r17
      84:	e1 f7       	brne	.-8      	; 0x7e <.do_clear_bss_loop>
      86:	0e 94 8d 06 	call	0xd1a	; 0xd1a <main>
      8a:	0c 94 ba 19 	jmp	0x3374	; 0x3374 <_exit>

0000008e <__bad_interrupt>:
      8e:	0c 94 00 00 	jmp	0	; 0x0 <__vectors>

00000092 <__fixunssfsi>:
      92:	ef 92       	push	r14
      94:	ff 92       	push	r15
      96:	0f 93       	push	r16
      98:	1f 93       	push	r17
      9a:	7b 01       	movw	r14, r22
      9c:	8c 01       	movw	r16, r24
      9e:	20 e0       	ldi	r18, 0x00	; 0
      a0:	30 e0       	ldi	r19, 0x00	; 0
      a2:	40 e0       	ldi	r20, 0x00	; 0
      a4:	5f e4       	ldi	r21, 0x4F	; 79
      a6:	0e 94 49 03 	call	0x692	; 0x692 <__gesf2>
      aa:	88 23       	and	r24, r24
      ac:	8c f0       	brlt	.+34     	; 0xd0 <__fixunssfsi+0x3e>
      ae:	c8 01       	movw	r24, r16
      b0:	b7 01       	movw	r22, r14
      b2:	20 e0       	ldi	r18, 0x00	; 0
      b4:	30 e0       	ldi	r19, 0x00	; 0
      b6:	40 e0       	ldi	r20, 0x00	; 0
      b8:	5f e4       	ldi	r21, 0x4F	; 79
      ba:	0e 94 c1 01 	call	0x382	; 0x382 <__subsf3>
      be:	0e 94 a9 03 	call	0x752	; 0x752 <__fixsfsi>
      c2:	9b 01       	movw	r18, r22
      c4:	ac 01       	movw	r20, r24
      c6:	20 50       	subi	r18, 0x00	; 0
      c8:	30 40       	sbci	r19, 0x00	; 0
      ca:	40 40       	sbci	r20, 0x00	; 0
      cc:	50 48       	sbci	r21, 0x80	; 128
      ce:	06 c0       	rjmp	.+12     	; 0xdc <__fixunssfsi+0x4a>
      d0:	c8 01       	movw	r24, r16
      d2:	b7 01       	movw	r22, r14
      d4:	0e 94 a9 03 	call	0x752	; 0x752 <__fixsfsi>
      d8:	9b 01       	movw	r18, r22
      da:	ac 01       	movw	r20, r24
      dc:	b9 01       	movw	r22, r18
      de:	ca 01       	movw	r24, r20
      e0:	1f 91       	pop	r17
      e2:	0f 91       	pop	r16
      e4:	ff 90       	pop	r15
      e6:	ef 90       	pop	r14
      e8:	08 95       	ret

000000ea <_fpadd_parts>:
      ea:	a0 e0       	ldi	r26, 0x00	; 0
      ec:	b0 e0       	ldi	r27, 0x00	; 0
      ee:	eb e7       	ldi	r30, 0x7B	; 123
      f0:	f0 e0       	ldi	r31, 0x00	; 0
      f2:	0c 94 3e 19 	jmp	0x327c	; 0x327c <__prologue_saves__>
      f6:	dc 01       	movw	r26, r24
      f8:	2b 01       	movw	r4, r22
      fa:	fa 01       	movw	r30, r20
      fc:	9c 91       	ld	r25, X
      fe:	92 30       	cpi	r25, 0x02	; 2
     100:	08 f4       	brcc	.+2      	; 0x104 <_fpadd_parts+0x1a>
     102:	39 c1       	rjmp	.+626    	; 0x376 <_fpadd_parts+0x28c>
     104:	eb 01       	movw	r28, r22
     106:	88 81       	ld	r24, Y
     108:	82 30       	cpi	r24, 0x02	; 2
     10a:	08 f4       	brcc	.+2      	; 0x10e <_fpadd_parts+0x24>
     10c:	33 c1       	rjmp	.+614    	; 0x374 <_fpadd_parts+0x28a>
     10e:	94 30       	cpi	r25, 0x04	; 4
     110:	69 f4       	brne	.+26     	; 0x12c <_fpadd_parts+0x42>
     112:	84 30       	cpi	r24, 0x04	; 4
     114:	09 f0       	breq	.+2      	; 0x118 <_fpadd_parts+0x2e>
     116:	2f c1       	rjmp	.+606    	; 0x376 <_fpadd_parts+0x28c>
     118:	11 96       	adiw	r26, 0x01	; 1
     11a:	9c 91       	ld	r25, X
     11c:	11 97       	sbiw	r26, 0x01	; 1
     11e:	89 81       	ldd	r24, Y+1	; 0x01
     120:	98 17       	cp	r25, r24
     122:	09 f4       	brne	.+2      	; 0x126 <_fpadd_parts+0x3c>
     124:	28 c1       	rjmp	.+592    	; 0x376 <_fpadd_parts+0x28c>
     126:	a5 ec       	ldi	r26, 0xC5	; 197
     128:	b0 e0       	ldi	r27, 0x00	; 0
     12a:	25 c1       	rjmp	.+586    	; 0x376 <_fpadd_parts+0x28c>
     12c:	84 30       	cpi	r24, 0x04	; 4
     12e:	09 f4       	brne	.+2      	; 0x132 <_fpadd_parts+0x48>
     130:	21 c1       	rjmp	.+578    	; 0x374 <_fpadd_parts+0x28a>
     132:	82 30       	cpi	r24, 0x02	; 2
     134:	a9 f4       	brne	.+42     	; 0x160 <_fpadd_parts+0x76>
     136:	92 30       	cpi	r25, 0x02	; 2
     138:	09 f0       	breq	.+2      	; 0x13c <_fpadd_parts+0x52>
     13a:	1d c1       	rjmp	.+570    	; 0x376 <_fpadd_parts+0x28c>
     13c:	9a 01       	movw	r18, r20
     13e:	ad 01       	movw	r20, r26
     140:	88 e0       	ldi	r24, 0x08	; 8
     142:	ea 01       	movw	r28, r20
     144:	09 90       	ld	r0, Y+
     146:	ae 01       	movw	r20, r28
     148:	e9 01       	movw	r28, r18
     14a:	09 92       	st	Y+, r0
     14c:	9e 01       	movw	r18, r28
     14e:	81 50       	subi	r24, 0x01	; 1
     150:	c1 f7       	brne	.-16     	; 0x142 <_fpadd_parts+0x58>
     152:	e2 01       	movw	r28, r4
     154:	89 81       	ldd	r24, Y+1	; 0x01
     156:	11 96       	adiw	r26, 0x01	; 1
     158:	9c 91       	ld	r25, X
     15a:	89 23       	and	r24, r25
     15c:	81 83       	std	Z+1, r24	; 0x01
     15e:	08 c1       	rjmp	.+528    	; 0x370 <_fpadd_parts+0x286>
     160:	92 30       	cpi	r25, 0x02	; 2
     162:	09 f4       	brne	.+2      	; 0x166 <_fpadd_parts+0x7c>
     164:	07 c1       	rjmp	.+526    	; 0x374 <_fpadd_parts+0x28a>
     166:	12 96       	adiw	r26, 0x02	; 2
     168:	2d 90       	ld	r2, X+
     16a:	3c 90       	ld	r3, X
     16c:	13 97       	sbiw	r26, 0x03	; 3
     16e:	eb 01       	movw	r28, r22
     170:	8a 81       	ldd	r24, Y+2	; 0x02
     172:	9b 81       	ldd	r25, Y+3	; 0x03
     174:	14 96       	adiw	r26, 0x04	; 4
     176:	ad 90       	ld	r10, X+
     178:	bd 90       	ld	r11, X+
     17a:	cd 90       	ld	r12, X+
     17c:	dc 90       	ld	r13, X
     17e:	17 97       	sbiw	r26, 0x07	; 7
     180:	ec 80       	ldd	r14, Y+4	; 0x04
     182:	fd 80       	ldd	r15, Y+5	; 0x05
     184:	0e 81       	ldd	r16, Y+6	; 0x06
     186:	1f 81       	ldd	r17, Y+7	; 0x07
     188:	91 01       	movw	r18, r2
     18a:	28 1b       	sub	r18, r24
     18c:	39 0b       	sbc	r19, r25
     18e:	b9 01       	movw	r22, r18
     190:	37 ff       	sbrs	r19, 7
     192:	04 c0       	rjmp	.+8      	; 0x19c <_fpadd_parts+0xb2>
     194:	66 27       	eor	r22, r22
     196:	77 27       	eor	r23, r23
     198:	62 1b       	sub	r22, r18
     19a:	73 0b       	sbc	r23, r19
     19c:	60 32       	cpi	r22, 0x20	; 32
     19e:	71 05       	cpc	r23, r1
     1a0:	0c f0       	brlt	.+2      	; 0x1a4 <_fpadd_parts+0xba>
     1a2:	61 c0       	rjmp	.+194    	; 0x266 <_fpadd_parts+0x17c>
     1a4:	12 16       	cp	r1, r18
     1a6:	13 06       	cpc	r1, r19
     1a8:	6c f5       	brge	.+90     	; 0x204 <_fpadd_parts+0x11a>
     1aa:	37 01       	movw	r6, r14
     1ac:	48 01       	movw	r8, r16
     1ae:	06 2e       	mov	r0, r22
     1b0:	04 c0       	rjmp	.+8      	; 0x1ba <_fpadd_parts+0xd0>
     1b2:	96 94       	lsr	r9
     1b4:	87 94       	ror	r8
     1b6:	77 94       	ror	r7
     1b8:	67 94       	ror	r6
     1ba:	0a 94       	dec	r0
     1bc:	d2 f7       	brpl	.-12     	; 0x1b2 <_fpadd_parts+0xc8>
     1be:	21 e0       	ldi	r18, 0x01	; 1
     1c0:	30 e0       	ldi	r19, 0x00	; 0
     1c2:	40 e0       	ldi	r20, 0x00	; 0
     1c4:	50 e0       	ldi	r21, 0x00	; 0
     1c6:	04 c0       	rjmp	.+8      	; 0x1d0 <_fpadd_parts+0xe6>
     1c8:	22 0f       	add	r18, r18
     1ca:	33 1f       	adc	r19, r19
     1cc:	44 1f       	adc	r20, r20
     1ce:	55 1f       	adc	r21, r21
     1d0:	6a 95       	dec	r22
     1d2:	d2 f7       	brpl	.-12     	; 0x1c8 <_fpadd_parts+0xde>
     1d4:	21 50       	subi	r18, 0x01	; 1
     1d6:	30 40       	sbci	r19, 0x00	; 0
     1d8:	40 40       	sbci	r20, 0x00	; 0
     1da:	50 40       	sbci	r21, 0x00	; 0
     1dc:	2e 21       	and	r18, r14
     1de:	3f 21       	and	r19, r15
     1e0:	40 23       	and	r20, r16
     1e2:	51 23       	and	r21, r17
     1e4:	21 15       	cp	r18, r1
     1e6:	31 05       	cpc	r19, r1
     1e8:	41 05       	cpc	r20, r1
     1ea:	51 05       	cpc	r21, r1
     1ec:	21 f0       	breq	.+8      	; 0x1f6 <_fpadd_parts+0x10c>
     1ee:	21 e0       	ldi	r18, 0x01	; 1
     1f0:	30 e0       	ldi	r19, 0x00	; 0
     1f2:	40 e0       	ldi	r20, 0x00	; 0
     1f4:	50 e0       	ldi	r21, 0x00	; 0
     1f6:	79 01       	movw	r14, r18
     1f8:	8a 01       	movw	r16, r20
     1fa:	e6 28       	or	r14, r6
     1fc:	f7 28       	or	r15, r7
     1fe:	08 29       	or	r16, r8
     200:	19 29       	or	r17, r9
     202:	3c c0       	rjmp	.+120    	; 0x27c <_fpadd_parts+0x192>
     204:	23 2b       	or	r18, r19
     206:	d1 f1       	breq	.+116    	; 0x27c <_fpadd_parts+0x192>
     208:	26 0e       	add	r2, r22
     20a:	37 1e       	adc	r3, r23
     20c:	35 01       	movw	r6, r10
     20e:	46 01       	movw	r8, r12
     210:	06 2e       	mov	r0, r22
     212:	04 c0       	rjmp	.+8      	; 0x21c <_fpadd_parts+0x132>
     214:	96 94       	lsr	r9
     216:	87 94       	ror	r8
     218:	77 94       	ror	r7
     21a:	67 94       	ror	r6
     21c:	0a 94       	dec	r0
     21e:	d2 f7       	brpl	.-12     	; 0x214 <_fpadd_parts+0x12a>
     220:	21 e0       	ldi	r18, 0x01	; 1
     222:	30 e0       	ldi	r19, 0x00	; 0
     224:	40 e0       	ldi	r20, 0x00	; 0
     226:	50 e0       	ldi	r21, 0x00	; 0
     228:	04 c0       	rjmp	.+8      	; 0x232 <_fpadd_parts+0x148>
     22a:	22 0f       	add	r18, r18
     22c:	33 1f       	adc	r19, r19
     22e:	44 1f       	adc	r20, r20
     230:	55 1f       	adc	r21, r21
     232:	6a 95       	dec	r22
     234:	d2 f7       	brpl	.-12     	; 0x22a <_fpadd_parts+0x140>
     236:	21 50       	subi	r18, 0x01	; 1
     238:	30 40       	sbci	r19, 0x00	; 0
     23a:	40 40       	sbci	r20, 0x00	; 0
     23c:	50 40       	sbci	r21, 0x00	; 0
     23e:	2a 21       	and	r18, r10
     240:	3b 21       	and	r19, r11
     242:	4c 21       	and	r20, r12
     244:	5d 21       	and	r21, r13
     246:	21 15       	cp	r18, r1
     248:	31 05       	cpc	r19, r1
     24a:	41 05       	cpc	r20, r1
     24c:	51 05       	cpc	r21, r1
     24e:	21 f0       	breq	.+8      	; 0x258 <_fpadd_parts+0x16e>
     250:	21 e0       	ldi	r18, 0x01	; 1
     252:	30 e0       	ldi	r19, 0x00	; 0
     254:	40 e0       	ldi	r20, 0x00	; 0
     256:	50 e0       	ldi	r21, 0x00	; 0
     258:	59 01       	movw	r10, r18
     25a:	6a 01       	movw	r12, r20
     25c:	a6 28       	or	r10, r6
     25e:	b7 28       	or	r11, r7
     260:	c8 28       	or	r12, r8
     262:	d9 28       	or	r13, r9
     264:	0b c0       	rjmp	.+22     	; 0x27c <_fpadd_parts+0x192>
     266:	82 15       	cp	r24, r2
     268:	93 05       	cpc	r25, r3
     26a:	2c f0       	brlt	.+10     	; 0x276 <_fpadd_parts+0x18c>
     26c:	1c 01       	movw	r2, r24
     26e:	aa 24       	eor	r10, r10
     270:	bb 24       	eor	r11, r11
     272:	65 01       	movw	r12, r10
     274:	03 c0       	rjmp	.+6      	; 0x27c <_fpadd_parts+0x192>
     276:	ee 24       	eor	r14, r14
     278:	ff 24       	eor	r15, r15
     27a:	87 01       	movw	r16, r14
     27c:	11 96       	adiw	r26, 0x01	; 1
     27e:	9c 91       	ld	r25, X
     280:	d2 01       	movw	r26, r4
     282:	11 96       	adiw	r26, 0x01	; 1
     284:	8c 91       	ld	r24, X
     286:	98 17       	cp	r25, r24
     288:	09 f4       	brne	.+2      	; 0x28c <_fpadd_parts+0x1a2>
     28a:	45 c0       	rjmp	.+138    	; 0x316 <_fpadd_parts+0x22c>
     28c:	99 23       	and	r25, r25
     28e:	39 f0       	breq	.+14     	; 0x29e <_fpadd_parts+0x1b4>
     290:	a8 01       	movw	r20, r16
     292:	97 01       	movw	r18, r14
     294:	2a 19       	sub	r18, r10
     296:	3b 09       	sbc	r19, r11
     298:	4c 09       	sbc	r20, r12
     29a:	5d 09       	sbc	r21, r13
     29c:	06 c0       	rjmp	.+12     	; 0x2aa <_fpadd_parts+0x1c0>
     29e:	a6 01       	movw	r20, r12
     2a0:	95 01       	movw	r18, r10
     2a2:	2e 19       	sub	r18, r14
     2a4:	3f 09       	sbc	r19, r15
     2a6:	40 0b       	sbc	r20, r16
     2a8:	51 0b       	sbc	r21, r17
     2aa:	57 fd       	sbrc	r21, 7
     2ac:	08 c0       	rjmp	.+16     	; 0x2be <_fpadd_parts+0x1d4>
     2ae:	11 82       	std	Z+1, r1	; 0x01
     2b0:	33 82       	std	Z+3, r3	; 0x03
     2b2:	22 82       	std	Z+2, r2	; 0x02
     2b4:	24 83       	std	Z+4, r18	; 0x04
     2b6:	35 83       	std	Z+5, r19	; 0x05
     2b8:	46 83       	std	Z+6, r20	; 0x06
     2ba:	57 83       	std	Z+7, r21	; 0x07
     2bc:	1d c0       	rjmp	.+58     	; 0x2f8 <_fpadd_parts+0x20e>
     2be:	81 e0       	ldi	r24, 0x01	; 1
     2c0:	81 83       	std	Z+1, r24	; 0x01
     2c2:	33 82       	std	Z+3, r3	; 0x03
     2c4:	22 82       	std	Z+2, r2	; 0x02
     2c6:	88 27       	eor	r24, r24
     2c8:	99 27       	eor	r25, r25
     2ca:	dc 01       	movw	r26, r24
     2cc:	82 1b       	sub	r24, r18
     2ce:	93 0b       	sbc	r25, r19
     2d0:	a4 0b       	sbc	r26, r20
     2d2:	b5 0b       	sbc	r27, r21
     2d4:	84 83       	std	Z+4, r24	; 0x04
     2d6:	95 83       	std	Z+5, r25	; 0x05
     2d8:	a6 83       	std	Z+6, r26	; 0x06
     2da:	b7 83       	std	Z+7, r27	; 0x07
     2dc:	0d c0       	rjmp	.+26     	; 0x2f8 <_fpadd_parts+0x20e>
     2de:	22 0f       	add	r18, r18
     2e0:	33 1f       	adc	r19, r19
     2e2:	44 1f       	adc	r20, r20
     2e4:	55 1f       	adc	r21, r21
     2e6:	24 83       	std	Z+4, r18	; 0x04
     2e8:	35 83       	std	Z+5, r19	; 0x05
     2ea:	46 83       	std	Z+6, r20	; 0x06
     2ec:	57 83       	std	Z+7, r21	; 0x07
     2ee:	82 81       	ldd	r24, Z+2	; 0x02
     2f0:	93 81       	ldd	r25, Z+3	; 0x03
     2f2:	01 97       	sbiw	r24, 0x01	; 1
     2f4:	93 83       	std	Z+3, r25	; 0x03
     2f6:	82 83       	std	Z+2, r24	; 0x02
     2f8:	24 81       	ldd	r18, Z+4	; 0x04
     2fa:	35 81       	ldd	r19, Z+5	; 0x05
     2fc:	46 81       	ldd	r20, Z+6	; 0x06
     2fe:	57 81       	ldd	r21, Z+7	; 0x07
     300:	da 01       	movw	r26, r20
     302:	c9 01       	movw	r24, r18
     304:	01 97       	sbiw	r24, 0x01	; 1
     306:	a1 09       	sbc	r26, r1
     308:	b1 09       	sbc	r27, r1
     30a:	8f 5f       	subi	r24, 0xFF	; 255
     30c:	9f 4f       	sbci	r25, 0xFF	; 255
     30e:	af 4f       	sbci	r26, 0xFF	; 255
     310:	bf 43       	sbci	r27, 0x3F	; 63
     312:	28 f3       	brcs	.-54     	; 0x2de <_fpadd_parts+0x1f4>
     314:	0b c0       	rjmp	.+22     	; 0x32c <_fpadd_parts+0x242>
     316:	91 83       	std	Z+1, r25	; 0x01
     318:	33 82       	std	Z+3, r3	; 0x03
     31a:	22 82       	std	Z+2, r2	; 0x02
     31c:	ea 0c       	add	r14, r10
     31e:	fb 1c       	adc	r15, r11
     320:	0c 1d       	adc	r16, r12
     322:	1d 1d       	adc	r17, r13
     324:	e4 82       	std	Z+4, r14	; 0x04
     326:	f5 82       	std	Z+5, r15	; 0x05
     328:	06 83       	std	Z+6, r16	; 0x06
     32a:	17 83       	std	Z+7, r17	; 0x07
     32c:	83 e0       	ldi	r24, 0x03	; 3
     32e:	80 83       	st	Z, r24
     330:	24 81       	ldd	r18, Z+4	; 0x04
     332:	35 81       	ldd	r19, Z+5	; 0x05
     334:	46 81       	ldd	r20, Z+6	; 0x06
     336:	57 81       	ldd	r21, Z+7	; 0x07
     338:	57 ff       	sbrs	r21, 7
     33a:	1a c0       	rjmp	.+52     	; 0x370 <_fpadd_parts+0x286>
     33c:	c9 01       	movw	r24, r18
     33e:	aa 27       	eor	r26, r26
     340:	97 fd       	sbrc	r25, 7
     342:	a0 95       	com	r26
     344:	ba 2f       	mov	r27, r26
     346:	81 70       	andi	r24, 0x01	; 1
     348:	90 70       	andi	r25, 0x00	; 0
     34a:	a0 70       	andi	r26, 0x00	; 0
     34c:	b0 70       	andi	r27, 0x00	; 0
     34e:	56 95       	lsr	r21
     350:	47 95       	ror	r20
     352:	37 95       	ror	r19
     354:	27 95       	ror	r18
     356:	82 2b       	or	r24, r18
     358:	93 2b       	or	r25, r19
     35a:	a4 2b       	or	r26, r20
     35c:	b5 2b       	or	r27, r21
     35e:	84 83       	std	Z+4, r24	; 0x04
     360:	95 83       	std	Z+5, r25	; 0x05
     362:	a6 83       	std	Z+6, r26	; 0x06
     364:	b7 83       	std	Z+7, r27	; 0x07
     366:	82 81       	ldd	r24, Z+2	; 0x02
     368:	93 81       	ldd	r25, Z+3	; 0x03
     36a:	01 96       	adiw	r24, 0x01	; 1
     36c:	93 83       	std	Z+3, r25	; 0x03
     36e:	82 83       	std	Z+2, r24	; 0x02
     370:	df 01       	movw	r26, r30
     372:	01 c0       	rjmp	.+2      	; 0x376 <_fpadd_parts+0x28c>
     374:	d2 01       	movw	r26, r4
     376:	cd 01       	movw	r24, r26
     378:	cd b7       	in	r28, 0x3d	; 61
     37a:	de b7       	in	r29, 0x3e	; 62
     37c:	e2 e1       	ldi	r30, 0x12	; 18
     37e:	0c 94 5a 19 	jmp	0x32b4	; 0x32b4 <__epilogue_restores__>

00000382 <__subsf3>:
     382:	a0 e2       	ldi	r26, 0x20	; 32
     384:	b0 e0       	ldi	r27, 0x00	; 0
     386:	e7 ec       	ldi	r30, 0xC7	; 199
     388:	f1 e0       	ldi	r31, 0x01	; 1
     38a:	0c 94 4a 19 	jmp	0x3294	; 0x3294 <__prologue_saves__+0x18>
     38e:	69 83       	std	Y+1, r22	; 0x01
     390:	7a 83       	std	Y+2, r23	; 0x02
     392:	8b 83       	std	Y+3, r24	; 0x03
     394:	9c 83       	std	Y+4, r25	; 0x04
     396:	2d 83       	std	Y+5, r18	; 0x05
     398:	3e 83       	std	Y+6, r19	; 0x06
     39a:	4f 83       	std	Y+7, r20	; 0x07
     39c:	58 87       	std	Y+8, r21	; 0x08
     39e:	e9 e0       	ldi	r30, 0x09	; 9
     3a0:	ee 2e       	mov	r14, r30
     3a2:	f1 2c       	mov	r15, r1
     3a4:	ec 0e       	add	r14, r28
     3a6:	fd 1e       	adc	r15, r29
     3a8:	ce 01       	movw	r24, r28
     3aa:	01 96       	adiw	r24, 0x01	; 1
     3ac:	b7 01       	movw	r22, r14
     3ae:	0e 94 d2 04 	call	0x9a4	; 0x9a4 <__unpack_f>
     3b2:	8e 01       	movw	r16, r28
     3b4:	0f 5e       	subi	r16, 0xEF	; 239
     3b6:	1f 4f       	sbci	r17, 0xFF	; 255
     3b8:	ce 01       	movw	r24, r28
     3ba:	05 96       	adiw	r24, 0x05	; 5
     3bc:	b8 01       	movw	r22, r16
     3be:	0e 94 d2 04 	call	0x9a4	; 0x9a4 <__unpack_f>
     3c2:	8a 89       	ldd	r24, Y+18	; 0x12
     3c4:	91 e0       	ldi	r25, 0x01	; 1
     3c6:	89 27       	eor	r24, r25
     3c8:	8a 8b       	std	Y+18, r24	; 0x12
     3ca:	c7 01       	movw	r24, r14
     3cc:	b8 01       	movw	r22, r16
     3ce:	ae 01       	movw	r20, r28
     3d0:	47 5e       	subi	r20, 0xE7	; 231
     3d2:	5f 4f       	sbci	r21, 0xFF	; 255
     3d4:	0e 94 75 00 	call	0xea	; 0xea <_fpadd_parts>
     3d8:	0e 94 fd 03 	call	0x7fa	; 0x7fa <__pack_f>
     3dc:	a0 96       	adiw	r28, 0x20	; 32
     3de:	e6 e0       	ldi	r30, 0x06	; 6
     3e0:	0c 94 66 19 	jmp	0x32cc	; 0x32cc <__epilogue_restores__+0x18>

000003e4 <__addsf3>:
     3e4:	a0 e2       	ldi	r26, 0x20	; 32
     3e6:	b0 e0       	ldi	r27, 0x00	; 0
     3e8:	e8 ef       	ldi	r30, 0xF8	; 248
     3ea:	f1 e0       	ldi	r31, 0x01	; 1
     3ec:	0c 94 4a 19 	jmp	0x3294	; 0x3294 <__prologue_saves__+0x18>
     3f0:	69 83       	std	Y+1, r22	; 0x01
     3f2:	7a 83       	std	Y+2, r23	; 0x02
     3f4:	8b 83       	std	Y+3, r24	; 0x03
     3f6:	9c 83       	std	Y+4, r25	; 0x04
     3f8:	2d 83       	std	Y+5, r18	; 0x05
     3fa:	3e 83       	std	Y+6, r19	; 0x06
     3fc:	4f 83       	std	Y+7, r20	; 0x07
     3fe:	58 87       	std	Y+8, r21	; 0x08
     400:	f9 e0       	ldi	r31, 0x09	; 9
     402:	ef 2e       	mov	r14, r31
     404:	f1 2c       	mov	r15, r1
     406:	ec 0e       	add	r14, r28
     408:	fd 1e       	adc	r15, r29
     40a:	ce 01       	movw	r24, r28
     40c:	01 96       	adiw	r24, 0x01	; 1
     40e:	b7 01       	movw	r22, r14
     410:	0e 94 d2 04 	call	0x9a4	; 0x9a4 <__unpack_f>
     414:	8e 01       	movw	r16, r28
     416:	0f 5e       	subi	r16, 0xEF	; 239
     418:	1f 4f       	sbci	r17, 0xFF	; 255
     41a:	ce 01       	movw	r24, r28
     41c:	05 96       	adiw	r24, 0x05	; 5
     41e:	b8 01       	movw	r22, r16
     420:	0e 94 d2 04 	call	0x9a4	; 0x9a4 <__unpack_f>
     424:	c7 01       	movw	r24, r14
     426:	b8 01       	movw	r22, r16
     428:	ae 01       	movw	r20, r28
     42a:	47 5e       	subi	r20, 0xE7	; 231
     42c:	5f 4f       	sbci	r21, 0xFF	; 255
     42e:	0e 94 75 00 	call	0xea	; 0xea <_fpadd_parts>
     432:	0e 94 fd 03 	call	0x7fa	; 0x7fa <__pack_f>
     436:	a0 96       	adiw	r28, 0x20	; 32
     438:	e6 e0       	ldi	r30, 0x06	; 6
     43a:	0c 94 66 19 	jmp	0x32cc	; 0x32cc <__epilogue_restores__+0x18>

0000043e <__mulsf3>:
     43e:	a0 e2       	ldi	r26, 0x20	; 32
     440:	b0 e0       	ldi	r27, 0x00	; 0
     442:	e5 e2       	ldi	r30, 0x25	; 37
     444:	f2 e0       	ldi	r31, 0x02	; 2
     446:	0c 94 3e 19 	jmp	0x327c	; 0x327c <__prologue_saves__>
     44a:	69 83       	std	Y+1, r22	; 0x01
     44c:	7a 83       	std	Y+2, r23	; 0x02
     44e:	8b 83       	std	Y+3, r24	; 0x03
     450:	9c 83       	std	Y+4, r25	; 0x04
     452:	2d 83       	std	Y+5, r18	; 0x05
     454:	3e 83       	std	Y+6, r19	; 0x06
     456:	4f 83       	std	Y+7, r20	; 0x07
     458:	58 87       	std	Y+8, r21	; 0x08
     45a:	ce 01       	movw	r24, r28
     45c:	01 96       	adiw	r24, 0x01	; 1
     45e:	be 01       	movw	r22, r28
     460:	67 5f       	subi	r22, 0xF7	; 247
     462:	7f 4f       	sbci	r23, 0xFF	; 255
     464:	0e 94 d2 04 	call	0x9a4	; 0x9a4 <__unpack_f>
     468:	ce 01       	movw	r24, r28
     46a:	05 96       	adiw	r24, 0x05	; 5
     46c:	be 01       	movw	r22, r28
     46e:	6f 5e       	subi	r22, 0xEF	; 239
     470:	7f 4f       	sbci	r23, 0xFF	; 255
     472:	0e 94 d2 04 	call	0x9a4	; 0x9a4 <__unpack_f>
     476:	99 85       	ldd	r25, Y+9	; 0x09
     478:	92 30       	cpi	r25, 0x02	; 2
     47a:	88 f0       	brcs	.+34     	; 0x49e <__mulsf3+0x60>
     47c:	89 89       	ldd	r24, Y+17	; 0x11
     47e:	82 30       	cpi	r24, 0x02	; 2
     480:	c8 f0       	brcs	.+50     	; 0x4b4 <__mulsf3+0x76>
     482:	94 30       	cpi	r25, 0x04	; 4
     484:	19 f4       	brne	.+6      	; 0x48c <__mulsf3+0x4e>
     486:	82 30       	cpi	r24, 0x02	; 2
     488:	51 f4       	brne	.+20     	; 0x49e <__mulsf3+0x60>
     48a:	04 c0       	rjmp	.+8      	; 0x494 <__mulsf3+0x56>
     48c:	84 30       	cpi	r24, 0x04	; 4
     48e:	29 f4       	brne	.+10     	; 0x49a <__mulsf3+0x5c>
     490:	92 30       	cpi	r25, 0x02	; 2
     492:	81 f4       	brne	.+32     	; 0x4b4 <__mulsf3+0x76>
     494:	85 ec       	ldi	r24, 0xC5	; 197
     496:	90 e0       	ldi	r25, 0x00	; 0
     498:	c6 c0       	rjmp	.+396    	; 0x626 <__mulsf3+0x1e8>
     49a:	92 30       	cpi	r25, 0x02	; 2
     49c:	49 f4       	brne	.+18     	; 0x4b0 <__mulsf3+0x72>
     49e:	20 e0       	ldi	r18, 0x00	; 0
     4a0:	9a 85       	ldd	r25, Y+10	; 0x0a
     4a2:	8a 89       	ldd	r24, Y+18	; 0x12
     4a4:	98 13       	cpse	r25, r24
     4a6:	21 e0       	ldi	r18, 0x01	; 1
     4a8:	2a 87       	std	Y+10, r18	; 0x0a
     4aa:	ce 01       	movw	r24, r28
     4ac:	09 96       	adiw	r24, 0x09	; 9
     4ae:	bb c0       	rjmp	.+374    	; 0x626 <__mulsf3+0x1e8>
     4b0:	82 30       	cpi	r24, 0x02	; 2
     4b2:	49 f4       	brne	.+18     	; 0x4c6 <__mulsf3+0x88>
     4b4:	20 e0       	ldi	r18, 0x00	; 0
     4b6:	9a 85       	ldd	r25, Y+10	; 0x0a
     4b8:	8a 89       	ldd	r24, Y+18	; 0x12
     4ba:	98 13       	cpse	r25, r24
     4bc:	21 e0       	ldi	r18, 0x01	; 1
     4be:	2a 8b       	std	Y+18, r18	; 0x12
     4c0:	ce 01       	movw	r24, r28
     4c2:	41 96       	adiw	r24, 0x11	; 17
     4c4:	b0 c0       	rjmp	.+352    	; 0x626 <__mulsf3+0x1e8>
     4c6:	2d 84       	ldd	r2, Y+13	; 0x0d
     4c8:	3e 84       	ldd	r3, Y+14	; 0x0e
     4ca:	4f 84       	ldd	r4, Y+15	; 0x0f
     4cc:	58 88       	ldd	r5, Y+16	; 0x10
     4ce:	6d 88       	ldd	r6, Y+21	; 0x15
     4d0:	7e 88       	ldd	r7, Y+22	; 0x16
     4d2:	8f 88       	ldd	r8, Y+23	; 0x17
     4d4:	98 8c       	ldd	r9, Y+24	; 0x18
     4d6:	ee 24       	eor	r14, r14
     4d8:	ff 24       	eor	r15, r15
     4da:	87 01       	movw	r16, r14
     4dc:	aa 24       	eor	r10, r10
     4de:	bb 24       	eor	r11, r11
     4e0:	65 01       	movw	r12, r10
     4e2:	40 e0       	ldi	r20, 0x00	; 0
     4e4:	50 e0       	ldi	r21, 0x00	; 0
     4e6:	60 e0       	ldi	r22, 0x00	; 0
     4e8:	70 e0       	ldi	r23, 0x00	; 0
     4ea:	e0 e0       	ldi	r30, 0x00	; 0
     4ec:	f0 e0       	ldi	r31, 0x00	; 0
     4ee:	c1 01       	movw	r24, r2
     4f0:	81 70       	andi	r24, 0x01	; 1
     4f2:	90 70       	andi	r25, 0x00	; 0
     4f4:	89 2b       	or	r24, r25
     4f6:	e9 f0       	breq	.+58     	; 0x532 <__mulsf3+0xf4>
     4f8:	e6 0c       	add	r14, r6
     4fa:	f7 1c       	adc	r15, r7
     4fc:	08 1d       	adc	r16, r8
     4fe:	19 1d       	adc	r17, r9
     500:	9a 01       	movw	r18, r20
     502:	ab 01       	movw	r20, r22
     504:	2a 0d       	add	r18, r10
     506:	3b 1d       	adc	r19, r11
     508:	4c 1d       	adc	r20, r12
     50a:	5d 1d       	adc	r21, r13
     50c:	80 e0       	ldi	r24, 0x00	; 0
     50e:	90 e0       	ldi	r25, 0x00	; 0
     510:	a0 e0       	ldi	r26, 0x00	; 0
     512:	b0 e0       	ldi	r27, 0x00	; 0
     514:	e6 14       	cp	r14, r6
     516:	f7 04       	cpc	r15, r7
     518:	08 05       	cpc	r16, r8
     51a:	19 05       	cpc	r17, r9
     51c:	20 f4       	brcc	.+8      	; 0x526 <__mulsf3+0xe8>
     51e:	81 e0       	ldi	r24, 0x01	; 1
     520:	90 e0       	ldi	r25, 0x00	; 0
     522:	a0 e0       	ldi	r26, 0x00	; 0
     524:	b0 e0       	ldi	r27, 0x00	; 0
     526:	ba 01       	movw	r22, r20
     528:	a9 01       	movw	r20, r18
     52a:	48 0f       	add	r20, r24
     52c:	59 1f       	adc	r21, r25
     52e:	6a 1f       	adc	r22, r26
     530:	7b 1f       	adc	r23, r27
     532:	aa 0c       	add	r10, r10
     534:	bb 1c       	adc	r11, r11
     536:	cc 1c       	adc	r12, r12
     538:	dd 1c       	adc	r13, r13
     53a:	97 fe       	sbrs	r9, 7
     53c:	08 c0       	rjmp	.+16     	; 0x54e <__mulsf3+0x110>
     53e:	81 e0       	ldi	r24, 0x01	; 1
     540:	90 e0       	ldi	r25, 0x00	; 0
     542:	a0 e0       	ldi	r26, 0x00	; 0
     544:	b0 e0       	ldi	r27, 0x00	; 0
     546:	a8 2a       	or	r10, r24
     548:	b9 2a       	or	r11, r25
     54a:	ca 2a       	or	r12, r26
     54c:	db 2a       	or	r13, r27
     54e:	31 96       	adiw	r30, 0x01	; 1
     550:	e0 32       	cpi	r30, 0x20	; 32
     552:	f1 05       	cpc	r31, r1
     554:	49 f0       	breq	.+18     	; 0x568 <__mulsf3+0x12a>
     556:	66 0c       	add	r6, r6
     558:	77 1c       	adc	r7, r7
     55a:	88 1c       	adc	r8, r8
     55c:	99 1c       	adc	r9, r9
     55e:	56 94       	lsr	r5
     560:	47 94       	ror	r4
     562:	37 94       	ror	r3
     564:	27 94       	ror	r2
     566:	c3 cf       	rjmp	.-122    	; 0x4ee <__mulsf3+0xb0>
     568:	fa 85       	ldd	r31, Y+10	; 0x0a
     56a:	ea 89       	ldd	r30, Y+18	; 0x12
     56c:	2b 89       	ldd	r18, Y+19	; 0x13
     56e:	3c 89       	ldd	r19, Y+20	; 0x14
     570:	8b 85       	ldd	r24, Y+11	; 0x0b
     572:	9c 85       	ldd	r25, Y+12	; 0x0c
     574:	28 0f       	add	r18, r24
     576:	39 1f       	adc	r19, r25
     578:	2e 5f       	subi	r18, 0xFE	; 254
     57a:	3f 4f       	sbci	r19, 0xFF	; 255
     57c:	17 c0       	rjmp	.+46     	; 0x5ac <__mulsf3+0x16e>
     57e:	ca 01       	movw	r24, r20
     580:	81 70       	andi	r24, 0x01	; 1
     582:	90 70       	andi	r25, 0x00	; 0
     584:	89 2b       	or	r24, r25
     586:	61 f0       	breq	.+24     	; 0x5a0 <__mulsf3+0x162>
     588:	16 95       	lsr	r17
     58a:	07 95       	ror	r16
     58c:	f7 94       	ror	r15
     58e:	e7 94       	ror	r14
     590:	80 e0       	ldi	r24, 0x00	; 0
     592:	90 e0       	ldi	r25, 0x00	; 0
     594:	a0 e0       	ldi	r26, 0x00	; 0
     596:	b0 e8       	ldi	r27, 0x80	; 128
     598:	e8 2a       	or	r14, r24
     59a:	f9 2a       	or	r15, r25
     59c:	0a 2b       	or	r16, r26
     59e:	1b 2b       	or	r17, r27
     5a0:	76 95       	lsr	r23
     5a2:	67 95       	ror	r22
     5a4:	57 95       	ror	r21
     5a6:	47 95       	ror	r20
     5a8:	2f 5f       	subi	r18, 0xFF	; 255
     5aa:	3f 4f       	sbci	r19, 0xFF	; 255
     5ac:	77 fd       	sbrc	r23, 7
     5ae:	e7 cf       	rjmp	.-50     	; 0x57e <__mulsf3+0x140>
     5b0:	0c c0       	rjmp	.+24     	; 0x5ca <__mulsf3+0x18c>
     5b2:	44 0f       	add	r20, r20
     5b4:	55 1f       	adc	r21, r21
     5b6:	66 1f       	adc	r22, r22
     5b8:	77 1f       	adc	r23, r23
     5ba:	17 fd       	sbrc	r17, 7
     5bc:	41 60       	ori	r20, 0x01	; 1
     5be:	ee 0c       	add	r14, r14
     5c0:	ff 1c       	adc	r15, r15
     5c2:	00 1f       	adc	r16, r16
     5c4:	11 1f       	adc	r17, r17
     5c6:	21 50       	subi	r18, 0x01	; 1
     5c8:	30 40       	sbci	r19, 0x00	; 0
     5ca:	40 30       	cpi	r20, 0x00	; 0
     5cc:	90 e0       	ldi	r25, 0x00	; 0
     5ce:	59 07       	cpc	r21, r25
     5d0:	90 e0       	ldi	r25, 0x00	; 0
     5d2:	69 07       	cpc	r22, r25
     5d4:	90 e4       	ldi	r25, 0x40	; 64
     5d6:	79 07       	cpc	r23, r25
     5d8:	60 f3       	brcs	.-40     	; 0x5b2 <__mulsf3+0x174>
     5da:	2b 8f       	std	Y+27, r18	; 0x1b
     5dc:	3c 8f       	std	Y+28, r19	; 0x1c
     5de:	db 01       	movw	r26, r22
     5e0:	ca 01       	movw	r24, r20
     5e2:	8f 77       	andi	r24, 0x7F	; 127
     5e4:	90 70       	andi	r25, 0x00	; 0
     5e6:	a0 70       	andi	r26, 0x00	; 0
     5e8:	b0 70       	andi	r27, 0x00	; 0
     5ea:	80 34       	cpi	r24, 0x40	; 64
     5ec:	91 05       	cpc	r25, r1
     5ee:	a1 05       	cpc	r26, r1
     5f0:	b1 05       	cpc	r27, r1
     5f2:	61 f4       	brne	.+24     	; 0x60c <__mulsf3+0x1ce>
     5f4:	47 fd       	sbrc	r20, 7
     5f6:	0a c0       	rjmp	.+20     	; 0x60c <__mulsf3+0x1ce>
     5f8:	e1 14       	cp	r14, r1
     5fa:	f1 04       	cpc	r15, r1
     5fc:	01 05       	cpc	r16, r1
     5fe:	11 05       	cpc	r17, r1
     600:	29 f0       	breq	.+10     	; 0x60c <__mulsf3+0x1ce>
     602:	40 5c       	subi	r20, 0xC0	; 192
     604:	5f 4f       	sbci	r21, 0xFF	; 255
     606:	6f 4f       	sbci	r22, 0xFF	; 255
     608:	7f 4f       	sbci	r23, 0xFF	; 255
     60a:	40 78       	andi	r20, 0x80	; 128
     60c:	1a 8e       	std	Y+26, r1	; 0x1a
     60e:	fe 17       	cp	r31, r30
     610:	11 f0       	breq	.+4      	; 0x616 <__mulsf3+0x1d8>
     612:	81 e0       	ldi	r24, 0x01	; 1
     614:	8a 8f       	std	Y+26, r24	; 0x1a
     616:	4d 8f       	std	Y+29, r20	; 0x1d
     618:	5e 8f       	std	Y+30, r21	; 0x1e
     61a:	6f 8f       	std	Y+31, r22	; 0x1f
     61c:	78 a3       	std	Y+32, r23	; 0x20
     61e:	83 e0       	ldi	r24, 0x03	; 3
     620:	89 8f       	std	Y+25, r24	; 0x19
     622:	ce 01       	movw	r24, r28
     624:	49 96       	adiw	r24, 0x19	; 25
     626:	0e 94 fd 03 	call	0x7fa	; 0x7fa <__pack_f>
     62a:	a0 96       	adiw	r28, 0x20	; 32
     62c:	e2 e1       	ldi	r30, 0x12	; 18
     62e:	0c 94 5a 19 	jmp	0x32b4	; 0x32b4 <__epilogue_restores__>

00000632 <__gtsf2>:
     632:	a8 e1       	ldi	r26, 0x18	; 24
     634:	b0 e0       	ldi	r27, 0x00	; 0
     636:	ef e1       	ldi	r30, 0x1F	; 31
     638:	f3 e0       	ldi	r31, 0x03	; 3
     63a:	0c 94 4a 19 	jmp	0x3294	; 0x3294 <__prologue_saves__+0x18>
     63e:	69 83       	std	Y+1, r22	; 0x01
     640:	7a 83       	std	Y+2, r23	; 0x02
     642:	8b 83       	std	Y+3, r24	; 0x03
     644:	9c 83       	std	Y+4, r25	; 0x04
     646:	2d 83       	std	Y+5, r18	; 0x05
     648:	3e 83       	std	Y+6, r19	; 0x06
     64a:	4f 83       	std	Y+7, r20	; 0x07
     64c:	58 87       	std	Y+8, r21	; 0x08
     64e:	89 e0       	ldi	r24, 0x09	; 9
     650:	e8 2e       	mov	r14, r24
     652:	f1 2c       	mov	r15, r1
     654:	ec 0e       	add	r14, r28
     656:	fd 1e       	adc	r15, r29
     658:	ce 01       	movw	r24, r28
     65a:	01 96       	adiw	r24, 0x01	; 1
     65c:	b7 01       	movw	r22, r14
     65e:	0e 94 d2 04 	call	0x9a4	; 0x9a4 <__unpack_f>
     662:	8e 01       	movw	r16, r28
     664:	0f 5e       	subi	r16, 0xEF	; 239
     666:	1f 4f       	sbci	r17, 0xFF	; 255
     668:	ce 01       	movw	r24, r28
     66a:	05 96       	adiw	r24, 0x05	; 5
     66c:	b8 01       	movw	r22, r16
     66e:	0e 94 d2 04 	call	0x9a4	; 0x9a4 <__unpack_f>
     672:	89 85       	ldd	r24, Y+9	; 0x09
     674:	82 30       	cpi	r24, 0x02	; 2
     676:	40 f0       	brcs	.+16     	; 0x688 <__gtsf2+0x56>
     678:	89 89       	ldd	r24, Y+17	; 0x11
     67a:	82 30       	cpi	r24, 0x02	; 2
     67c:	28 f0       	brcs	.+10     	; 0x688 <__gtsf2+0x56>
     67e:	c7 01       	movw	r24, r14
     680:	b8 01       	movw	r22, r16
     682:	0e 94 4a 05 	call	0xa94	; 0xa94 <__fpcmp_parts_f>
     686:	01 c0       	rjmp	.+2      	; 0x68a <__gtsf2+0x58>
     688:	8f ef       	ldi	r24, 0xFF	; 255
     68a:	68 96       	adiw	r28, 0x18	; 24
     68c:	e6 e0       	ldi	r30, 0x06	; 6
     68e:	0c 94 66 19 	jmp	0x32cc	; 0x32cc <__epilogue_restores__+0x18>

00000692 <__gesf2>:
     692:	a8 e1       	ldi	r26, 0x18	; 24
     694:	b0 e0       	ldi	r27, 0x00	; 0
     696:	ef e4       	ldi	r30, 0x4F	; 79
     698:	f3 e0       	ldi	r31, 0x03	; 3
     69a:	0c 94 4a 19 	jmp	0x3294	; 0x3294 <__prologue_saves__+0x18>
     69e:	69 83       	std	Y+1, r22	; 0x01
     6a0:	7a 83       	std	Y+2, r23	; 0x02
     6a2:	8b 83       	std	Y+3, r24	; 0x03
     6a4:	9c 83       	std	Y+4, r25	; 0x04
     6a6:	2d 83       	std	Y+5, r18	; 0x05
     6a8:	3e 83       	std	Y+6, r19	; 0x06
     6aa:	4f 83       	std	Y+7, r20	; 0x07
     6ac:	58 87       	std	Y+8, r21	; 0x08
     6ae:	89 e0       	ldi	r24, 0x09	; 9
     6b0:	e8 2e       	mov	r14, r24
     6b2:	f1 2c       	mov	r15, r1
     6b4:	ec 0e       	add	r14, r28
     6b6:	fd 1e       	adc	r15, r29
     6b8:	ce 01       	movw	r24, r28
     6ba:	01 96       	adiw	r24, 0x01	; 1
     6bc:	b7 01       	movw	r22, r14
     6be:	0e 94 d2 04 	call	0x9a4	; 0x9a4 <__unpack_f>
     6c2:	8e 01       	movw	r16, r28
     6c4:	0f 5e       	subi	r16, 0xEF	; 239
     6c6:	1f 4f       	sbci	r17, 0xFF	; 255
     6c8:	ce 01       	movw	r24, r28
     6ca:	05 96       	adiw	r24, 0x05	; 5
     6cc:	b8 01       	movw	r22, r16
     6ce:	0e 94 d2 04 	call	0x9a4	; 0x9a4 <__unpack_f>
     6d2:	89 85       	ldd	r24, Y+9	; 0x09
     6d4:	82 30       	cpi	r24, 0x02	; 2
     6d6:	40 f0       	brcs	.+16     	; 0x6e8 <__gesf2+0x56>
     6d8:	89 89       	ldd	r24, Y+17	; 0x11
     6da:	82 30       	cpi	r24, 0x02	; 2
     6dc:	28 f0       	brcs	.+10     	; 0x6e8 <__gesf2+0x56>
     6de:	c7 01       	movw	r24, r14
     6e0:	b8 01       	movw	r22, r16
     6e2:	0e 94 4a 05 	call	0xa94	; 0xa94 <__fpcmp_parts_f>
     6e6:	01 c0       	rjmp	.+2      	; 0x6ea <__gesf2+0x58>
     6e8:	8f ef       	ldi	r24, 0xFF	; 255
     6ea:	68 96       	adiw	r28, 0x18	; 24
     6ec:	e6 e0       	ldi	r30, 0x06	; 6
     6ee:	0c 94 66 19 	jmp	0x32cc	; 0x32cc <__epilogue_restores__+0x18>

000006f2 <__ltsf2>:
     6f2:	a8 e1       	ldi	r26, 0x18	; 24
     6f4:	b0 e0       	ldi	r27, 0x00	; 0
     6f6:	ef e7       	ldi	r30, 0x7F	; 127
     6f8:	f3 e0       	ldi	r31, 0x03	; 3
     6fa:	0c 94 4a 19 	jmp	0x3294	; 0x3294 <__prologue_saves__+0x18>
     6fe:	69 83       	std	Y+1, r22	; 0x01
     700:	7a 83       	std	Y+2, r23	; 0x02
     702:	8b 83       	std	Y+3, r24	; 0x03
     704:	9c 83       	std	Y+4, r25	; 0x04
     706:	2d 83       	std	Y+5, r18	; 0x05
     708:	3e 83       	std	Y+6, r19	; 0x06
     70a:	4f 83       	std	Y+7, r20	; 0x07
     70c:	58 87       	std	Y+8, r21	; 0x08
     70e:	89 e0       	ldi	r24, 0x09	; 9
     710:	e8 2e       	mov	r14, r24
     712:	f1 2c       	mov	r15, r1
     714:	ec 0e       	add	r14, r28
     716:	fd 1e       	adc	r15, r29
     718:	ce 01       	movw	r24, r28
     71a:	01 96       	adiw	r24, 0x01	; 1
     71c:	b7 01       	movw	r22, r14
     71e:	0e 94 d2 04 	call	0x9a4	; 0x9a4 <__unpack_f>
     722:	8e 01       	movw	r16, r28
     724:	0f 5e       	subi	r16, 0xEF	; 239
     726:	1f 4f       	sbci	r17, 0xFF	; 255
     728:	ce 01       	movw	r24, r28
     72a:	05 96       	adiw	r24, 0x05	; 5
     72c:	b8 01       	movw	r22, r16
     72e:	0e 94 d2 04 	call	0x9a4	; 0x9a4 <__unpack_f>
     732:	89 85       	ldd	r24, Y+9	; 0x09
     734:	82 30       	cpi	r24, 0x02	; 2
     736:	40 f0       	brcs	.+16     	; 0x748 <__ltsf2+0x56>
     738:	89 89       	ldd	r24, Y+17	; 0x11
     73a:	82 30       	cpi	r24, 0x02	; 2
     73c:	28 f0       	brcs	.+10     	; 0x748 <__ltsf2+0x56>
     73e:	c7 01       	movw	r24, r14
     740:	b8 01       	movw	r22, r16
     742:	0e 94 4a 05 	call	0xa94	; 0xa94 <__fpcmp_parts_f>
     746:	01 c0       	rjmp	.+2      	; 0x74a <__ltsf2+0x58>
     748:	81 e0       	ldi	r24, 0x01	; 1
     74a:	68 96       	adiw	r28, 0x18	; 24
     74c:	e6 e0       	ldi	r30, 0x06	; 6
     74e:	0c 94 66 19 	jmp	0x32cc	; 0x32cc <__epilogue_restores__+0x18>

00000752 <__fixsfsi>:
     752:	ac e0       	ldi	r26, 0x0C	; 12
     754:	b0 e0       	ldi	r27, 0x00	; 0
     756:	ef ea       	ldi	r30, 0xAF	; 175
     758:	f3 e0       	ldi	r31, 0x03	; 3
     75a:	0c 94 4e 19 	jmp	0x329c	; 0x329c <__prologue_saves__+0x20>
     75e:	69 83       	std	Y+1, r22	; 0x01
     760:	7a 83       	std	Y+2, r23	; 0x02
     762:	8b 83       	std	Y+3, r24	; 0x03
     764:	9c 83       	std	Y+4, r25	; 0x04
     766:	ce 01       	movw	r24, r28
     768:	01 96       	adiw	r24, 0x01	; 1
     76a:	be 01       	movw	r22, r28
     76c:	6b 5f       	subi	r22, 0xFB	; 251
     76e:	7f 4f       	sbci	r23, 0xFF	; 255
     770:	0e 94 d2 04 	call	0x9a4	; 0x9a4 <__unpack_f>
     774:	8d 81       	ldd	r24, Y+5	; 0x05
     776:	82 30       	cpi	r24, 0x02	; 2
     778:	61 f1       	breq	.+88     	; 0x7d2 <__fixsfsi+0x80>
     77a:	82 30       	cpi	r24, 0x02	; 2
     77c:	50 f1       	brcs	.+84     	; 0x7d2 <__fixsfsi+0x80>
     77e:	84 30       	cpi	r24, 0x04	; 4
     780:	21 f4       	brne	.+8      	; 0x78a <__fixsfsi+0x38>
     782:	8e 81       	ldd	r24, Y+6	; 0x06
     784:	88 23       	and	r24, r24
     786:	51 f1       	breq	.+84     	; 0x7dc <__fixsfsi+0x8a>
     788:	2e c0       	rjmp	.+92     	; 0x7e6 <__fixsfsi+0x94>
     78a:	2f 81       	ldd	r18, Y+7	; 0x07
     78c:	38 85       	ldd	r19, Y+8	; 0x08
     78e:	37 fd       	sbrc	r19, 7
     790:	20 c0       	rjmp	.+64     	; 0x7d2 <__fixsfsi+0x80>
     792:	6e 81       	ldd	r22, Y+6	; 0x06
     794:	2f 31       	cpi	r18, 0x1F	; 31
     796:	31 05       	cpc	r19, r1
     798:	1c f0       	brlt	.+6      	; 0x7a0 <__fixsfsi+0x4e>
     79a:	66 23       	and	r22, r22
     79c:	f9 f0       	breq	.+62     	; 0x7dc <__fixsfsi+0x8a>
     79e:	23 c0       	rjmp	.+70     	; 0x7e6 <__fixsfsi+0x94>
     7a0:	8e e1       	ldi	r24, 0x1E	; 30
     7a2:	90 e0       	ldi	r25, 0x00	; 0
     7a4:	82 1b       	sub	r24, r18
     7a6:	93 0b       	sbc	r25, r19
     7a8:	29 85       	ldd	r18, Y+9	; 0x09
     7aa:	3a 85       	ldd	r19, Y+10	; 0x0a
     7ac:	4b 85       	ldd	r20, Y+11	; 0x0b
     7ae:	5c 85       	ldd	r21, Y+12	; 0x0c
     7b0:	04 c0       	rjmp	.+8      	; 0x7ba <__fixsfsi+0x68>
     7b2:	56 95       	lsr	r21
     7b4:	47 95       	ror	r20
     7b6:	37 95       	ror	r19
     7b8:	27 95       	ror	r18
     7ba:	8a 95       	dec	r24
     7bc:	d2 f7       	brpl	.-12     	; 0x7b2 <__fixsfsi+0x60>
     7be:	66 23       	and	r22, r22
     7c0:	b1 f0       	breq	.+44     	; 0x7ee <__fixsfsi+0x9c>
     7c2:	50 95       	com	r21
     7c4:	40 95       	com	r20
     7c6:	30 95       	com	r19
     7c8:	21 95       	neg	r18
     7ca:	3f 4f       	sbci	r19, 0xFF	; 255
     7cc:	4f 4f       	sbci	r20, 0xFF	; 255
     7ce:	5f 4f       	sbci	r21, 0xFF	; 255
     7d0:	0e c0       	rjmp	.+28     	; 0x7ee <__fixsfsi+0x9c>
     7d2:	20 e0       	ldi	r18, 0x00	; 0
     7d4:	30 e0       	ldi	r19, 0x00	; 0
     7d6:	40 e0       	ldi	r20, 0x00	; 0
     7d8:	50 e0       	ldi	r21, 0x00	; 0
     7da:	09 c0       	rjmp	.+18     	; 0x7ee <__fixsfsi+0x9c>
     7dc:	2f ef       	ldi	r18, 0xFF	; 255
     7de:	3f ef       	ldi	r19, 0xFF	; 255
     7e0:	4f ef       	ldi	r20, 0xFF	; 255
     7e2:	5f e7       	ldi	r21, 0x7F	; 127
     7e4:	04 c0       	rjmp	.+8      	; 0x7ee <__fixsfsi+0x9c>
     7e6:	20 e0       	ldi	r18, 0x00	; 0
     7e8:	30 e0       	ldi	r19, 0x00	; 0
     7ea:	40 e0       	ldi	r20, 0x00	; 0
     7ec:	50 e8       	ldi	r21, 0x80	; 128
     7ee:	b9 01       	movw	r22, r18
     7f0:	ca 01       	movw	r24, r20
     7f2:	2c 96       	adiw	r28, 0x0c	; 12
     7f4:	e2 e0       	ldi	r30, 0x02	; 2
     7f6:	0c 94 6a 19 	jmp	0x32d4	; 0x32d4 <__epilogue_restores__+0x20>

000007fa <__pack_f>:
     7fa:	df 92       	push	r13
     7fc:	ef 92       	push	r14
     7fe:	ff 92       	push	r15
     800:	0f 93       	push	r16
     802:	1f 93       	push	r17
     804:	fc 01       	movw	r30, r24
     806:	e4 80       	ldd	r14, Z+4	; 0x04
     808:	f5 80       	ldd	r15, Z+5	; 0x05
     80a:	06 81       	ldd	r16, Z+6	; 0x06
     80c:	17 81       	ldd	r17, Z+7	; 0x07
     80e:	d1 80       	ldd	r13, Z+1	; 0x01
     810:	80 81       	ld	r24, Z
     812:	82 30       	cpi	r24, 0x02	; 2
     814:	48 f4       	brcc	.+18     	; 0x828 <__pack_f+0x2e>
     816:	80 e0       	ldi	r24, 0x00	; 0
     818:	90 e0       	ldi	r25, 0x00	; 0
     81a:	a0 e1       	ldi	r26, 0x10	; 16
     81c:	b0 e0       	ldi	r27, 0x00	; 0
     81e:	e8 2a       	or	r14, r24
     820:	f9 2a       	or	r15, r25
     822:	0a 2b       	or	r16, r26
     824:	1b 2b       	or	r17, r27
     826:	a5 c0       	rjmp	.+330    	; 0x972 <__stack+0x113>
     828:	84 30       	cpi	r24, 0x04	; 4
     82a:	09 f4       	brne	.+2      	; 0x82e <__pack_f+0x34>
     82c:	9f c0       	rjmp	.+318    	; 0x96c <__stack+0x10d>
     82e:	82 30       	cpi	r24, 0x02	; 2
     830:	21 f4       	brne	.+8      	; 0x83a <__pack_f+0x40>
     832:	ee 24       	eor	r14, r14
     834:	ff 24       	eor	r15, r15
     836:	87 01       	movw	r16, r14
     838:	05 c0       	rjmp	.+10     	; 0x844 <__pack_f+0x4a>
     83a:	e1 14       	cp	r14, r1
     83c:	f1 04       	cpc	r15, r1
     83e:	01 05       	cpc	r16, r1
     840:	11 05       	cpc	r17, r1
     842:	19 f4       	brne	.+6      	; 0x84a <__pack_f+0x50>
     844:	e0 e0       	ldi	r30, 0x00	; 0
     846:	f0 e0       	ldi	r31, 0x00	; 0
     848:	96 c0       	rjmp	.+300    	; 0x976 <__stack+0x117>
     84a:	62 81       	ldd	r22, Z+2	; 0x02
     84c:	73 81       	ldd	r23, Z+3	; 0x03
     84e:	9f ef       	ldi	r25, 0xFF	; 255
     850:	62 38       	cpi	r22, 0x82	; 130
     852:	79 07       	cpc	r23, r25
     854:	0c f0       	brlt	.+2      	; 0x858 <__pack_f+0x5e>
     856:	5b c0       	rjmp	.+182    	; 0x90e <__stack+0xaf>
     858:	22 e8       	ldi	r18, 0x82	; 130
     85a:	3f ef       	ldi	r19, 0xFF	; 255
     85c:	26 1b       	sub	r18, r22
     85e:	37 0b       	sbc	r19, r23
     860:	2a 31       	cpi	r18, 0x1A	; 26
     862:	31 05       	cpc	r19, r1
     864:	2c f0       	brlt	.+10     	; 0x870 <__stack+0x11>
     866:	20 e0       	ldi	r18, 0x00	; 0
     868:	30 e0       	ldi	r19, 0x00	; 0
     86a:	40 e0       	ldi	r20, 0x00	; 0
     86c:	50 e0       	ldi	r21, 0x00	; 0
     86e:	2a c0       	rjmp	.+84     	; 0x8c4 <__stack+0x65>
     870:	b8 01       	movw	r22, r16
     872:	a7 01       	movw	r20, r14
     874:	02 2e       	mov	r0, r18
     876:	04 c0       	rjmp	.+8      	; 0x880 <__stack+0x21>
     878:	76 95       	lsr	r23
     87a:	67 95       	ror	r22
     87c:	57 95       	ror	r21
     87e:	47 95       	ror	r20
     880:	0a 94       	dec	r0
     882:	d2 f7       	brpl	.-12     	; 0x878 <__stack+0x19>
     884:	81 e0       	ldi	r24, 0x01	; 1
     886:	90 e0       	ldi	r25, 0x00	; 0
     888:	a0 e0       	ldi	r26, 0x00	; 0
     88a:	b0 e0       	ldi	r27, 0x00	; 0
     88c:	04 c0       	rjmp	.+8      	; 0x896 <__stack+0x37>
     88e:	88 0f       	add	r24, r24
     890:	99 1f       	adc	r25, r25
     892:	aa 1f       	adc	r26, r26
     894:	bb 1f       	adc	r27, r27
     896:	2a 95       	dec	r18
     898:	d2 f7       	brpl	.-12     	; 0x88e <__stack+0x2f>
     89a:	01 97       	sbiw	r24, 0x01	; 1
     89c:	a1 09       	sbc	r26, r1
     89e:	b1 09       	sbc	r27, r1
     8a0:	8e 21       	and	r24, r14
     8a2:	9f 21       	and	r25, r15
     8a4:	a0 23       	and	r26, r16
     8a6:	b1 23       	and	r27, r17
     8a8:	00 97       	sbiw	r24, 0x00	; 0
     8aa:	a1 05       	cpc	r26, r1
     8ac:	b1 05       	cpc	r27, r1
     8ae:	21 f0       	breq	.+8      	; 0x8b8 <__stack+0x59>
     8b0:	81 e0       	ldi	r24, 0x01	; 1
     8b2:	90 e0       	ldi	r25, 0x00	; 0
     8b4:	a0 e0       	ldi	r26, 0x00	; 0
     8b6:	b0 e0       	ldi	r27, 0x00	; 0
     8b8:	9a 01       	movw	r18, r20
     8ba:	ab 01       	movw	r20, r22
     8bc:	28 2b       	or	r18, r24
     8be:	39 2b       	or	r19, r25
     8c0:	4a 2b       	or	r20, r26
     8c2:	5b 2b       	or	r21, r27
     8c4:	da 01       	movw	r26, r20
     8c6:	c9 01       	movw	r24, r18
     8c8:	8f 77       	andi	r24, 0x7F	; 127
     8ca:	90 70       	andi	r25, 0x00	; 0
     8cc:	a0 70       	andi	r26, 0x00	; 0
     8ce:	b0 70       	andi	r27, 0x00	; 0
     8d0:	80 34       	cpi	r24, 0x40	; 64
     8d2:	91 05       	cpc	r25, r1
     8d4:	a1 05       	cpc	r26, r1
     8d6:	b1 05       	cpc	r27, r1
     8d8:	39 f4       	brne	.+14     	; 0x8e8 <__stack+0x89>
     8da:	27 ff       	sbrs	r18, 7
     8dc:	09 c0       	rjmp	.+18     	; 0x8f0 <__stack+0x91>
     8de:	20 5c       	subi	r18, 0xC0	; 192
     8e0:	3f 4f       	sbci	r19, 0xFF	; 255
     8e2:	4f 4f       	sbci	r20, 0xFF	; 255
     8e4:	5f 4f       	sbci	r21, 0xFF	; 255
     8e6:	04 c0       	rjmp	.+8      	; 0x8f0 <__stack+0x91>
     8e8:	21 5c       	subi	r18, 0xC1	; 193
     8ea:	3f 4f       	sbci	r19, 0xFF	; 255
     8ec:	4f 4f       	sbci	r20, 0xFF	; 255
     8ee:	5f 4f       	sbci	r21, 0xFF	; 255
     8f0:	e0 e0       	ldi	r30, 0x00	; 0
     8f2:	f0 e0       	ldi	r31, 0x00	; 0
     8f4:	20 30       	cpi	r18, 0x00	; 0
     8f6:	a0 e0       	ldi	r26, 0x00	; 0
     8f8:	3a 07       	cpc	r19, r26
     8fa:	a0 e0       	ldi	r26, 0x00	; 0
     8fc:	4a 07       	cpc	r20, r26
     8fe:	a0 e4       	ldi	r26, 0x40	; 64
     900:	5a 07       	cpc	r21, r26
     902:	10 f0       	brcs	.+4      	; 0x908 <__stack+0xa9>
     904:	e1 e0       	ldi	r30, 0x01	; 1
     906:	f0 e0       	ldi	r31, 0x00	; 0
     908:	79 01       	movw	r14, r18
     90a:	8a 01       	movw	r16, r20
     90c:	27 c0       	rjmp	.+78     	; 0x95c <__stack+0xfd>
     90e:	60 38       	cpi	r22, 0x80	; 128
     910:	71 05       	cpc	r23, r1
     912:	64 f5       	brge	.+88     	; 0x96c <__stack+0x10d>
     914:	fb 01       	movw	r30, r22
     916:	e1 58       	subi	r30, 0x81	; 129
     918:	ff 4f       	sbci	r31, 0xFF	; 255
     91a:	d8 01       	movw	r26, r16
     91c:	c7 01       	movw	r24, r14
     91e:	8f 77       	andi	r24, 0x7F	; 127
     920:	90 70       	andi	r25, 0x00	; 0
     922:	a0 70       	andi	r26, 0x00	; 0
     924:	b0 70       	andi	r27, 0x00	; 0
     926:	80 34       	cpi	r24, 0x40	; 64
     928:	91 05       	cpc	r25, r1
     92a:	a1 05       	cpc	r26, r1
     92c:	b1 05       	cpc	r27, r1
     92e:	39 f4       	brne	.+14     	; 0x93e <__stack+0xdf>
     930:	e7 fe       	sbrs	r14, 7
     932:	0d c0       	rjmp	.+26     	; 0x94e <__stack+0xef>
     934:	80 e4       	ldi	r24, 0x40	; 64
     936:	90 e0       	ldi	r25, 0x00	; 0
     938:	a0 e0       	ldi	r26, 0x00	; 0
     93a:	b0 e0       	ldi	r27, 0x00	; 0
     93c:	04 c0       	rjmp	.+8      	; 0x946 <__stack+0xe7>
     93e:	8f e3       	ldi	r24, 0x3F	; 63
     940:	90 e0       	ldi	r25, 0x00	; 0
     942:	a0 e0       	ldi	r26, 0x00	; 0
     944:	b0 e0       	ldi	r27, 0x00	; 0
     946:	e8 0e       	add	r14, r24
     948:	f9 1e       	adc	r15, r25
     94a:	0a 1f       	adc	r16, r26
     94c:	1b 1f       	adc	r17, r27
     94e:	17 ff       	sbrs	r17, 7
     950:	05 c0       	rjmp	.+10     	; 0x95c <__stack+0xfd>
     952:	16 95       	lsr	r17
     954:	07 95       	ror	r16
     956:	f7 94       	ror	r15
     958:	e7 94       	ror	r14
     95a:	31 96       	adiw	r30, 0x01	; 1
     95c:	87 e0       	ldi	r24, 0x07	; 7
     95e:	16 95       	lsr	r17
     960:	07 95       	ror	r16
     962:	f7 94       	ror	r15
     964:	e7 94       	ror	r14
     966:	8a 95       	dec	r24
     968:	d1 f7       	brne	.-12     	; 0x95e <__stack+0xff>
     96a:	05 c0       	rjmp	.+10     	; 0x976 <__stack+0x117>
     96c:	ee 24       	eor	r14, r14
     96e:	ff 24       	eor	r15, r15
     970:	87 01       	movw	r16, r14
     972:	ef ef       	ldi	r30, 0xFF	; 255
     974:	f0 e0       	ldi	r31, 0x00	; 0
     976:	6e 2f       	mov	r22, r30
     978:	67 95       	ror	r22
     97a:	66 27       	eor	r22, r22
     97c:	67 95       	ror	r22
     97e:	90 2f       	mov	r25, r16
     980:	9f 77       	andi	r25, 0x7F	; 127
     982:	d7 94       	ror	r13
     984:	dd 24       	eor	r13, r13
     986:	d7 94       	ror	r13
     988:	8e 2f       	mov	r24, r30
     98a:	86 95       	lsr	r24
     98c:	49 2f       	mov	r20, r25
     98e:	46 2b       	or	r20, r22
     990:	58 2f       	mov	r21, r24
     992:	5d 29       	or	r21, r13
     994:	b7 01       	movw	r22, r14
     996:	ca 01       	movw	r24, r20
     998:	1f 91       	pop	r17
     99a:	0f 91       	pop	r16
     99c:	ff 90       	pop	r15
     99e:	ef 90       	pop	r14
     9a0:	df 90       	pop	r13
     9a2:	08 95       	ret

000009a4 <__unpack_f>:
     9a4:	fc 01       	movw	r30, r24
     9a6:	db 01       	movw	r26, r22
     9a8:	40 81       	ld	r20, Z
     9aa:	51 81       	ldd	r21, Z+1	; 0x01
     9ac:	22 81       	ldd	r18, Z+2	; 0x02
     9ae:	62 2f       	mov	r22, r18
     9b0:	6f 77       	andi	r22, 0x7F	; 127
     9b2:	70 e0       	ldi	r23, 0x00	; 0
     9b4:	22 1f       	adc	r18, r18
     9b6:	22 27       	eor	r18, r18
     9b8:	22 1f       	adc	r18, r18
     9ba:	93 81       	ldd	r25, Z+3	; 0x03
     9bc:	89 2f       	mov	r24, r25
     9be:	88 0f       	add	r24, r24
     9c0:	82 2b       	or	r24, r18
     9c2:	28 2f       	mov	r18, r24
     9c4:	30 e0       	ldi	r19, 0x00	; 0
     9c6:	99 1f       	adc	r25, r25
     9c8:	99 27       	eor	r25, r25
     9ca:	99 1f       	adc	r25, r25
     9cc:	11 96       	adiw	r26, 0x01	; 1
     9ce:	9c 93       	st	X, r25
     9d0:	11 97       	sbiw	r26, 0x01	; 1
     9d2:	21 15       	cp	r18, r1
     9d4:	31 05       	cpc	r19, r1
     9d6:	a9 f5       	brne	.+106    	; 0xa42 <__unpack_f+0x9e>
     9d8:	41 15       	cp	r20, r1
     9da:	51 05       	cpc	r21, r1
     9dc:	61 05       	cpc	r22, r1
     9de:	71 05       	cpc	r23, r1
     9e0:	11 f4       	brne	.+4      	; 0x9e6 <__unpack_f+0x42>
     9e2:	82 e0       	ldi	r24, 0x02	; 2
     9e4:	37 c0       	rjmp	.+110    	; 0xa54 <__unpack_f+0xb0>
     9e6:	82 e8       	ldi	r24, 0x82	; 130
     9e8:	9f ef       	ldi	r25, 0xFF	; 255
     9ea:	13 96       	adiw	r26, 0x03	; 3
     9ec:	9c 93       	st	X, r25
     9ee:	8e 93       	st	-X, r24
     9f0:	12 97       	sbiw	r26, 0x02	; 2
     9f2:	9a 01       	movw	r18, r20
     9f4:	ab 01       	movw	r20, r22
     9f6:	67 e0       	ldi	r22, 0x07	; 7
     9f8:	22 0f       	add	r18, r18
     9fa:	33 1f       	adc	r19, r19
     9fc:	44 1f       	adc	r20, r20
     9fe:	55 1f       	adc	r21, r21
     a00:	6a 95       	dec	r22
     a02:	d1 f7       	brne	.-12     	; 0x9f8 <__unpack_f+0x54>
     a04:	83 e0       	ldi	r24, 0x03	; 3
     a06:	8c 93       	st	X, r24
     a08:	0d c0       	rjmp	.+26     	; 0xa24 <__unpack_f+0x80>
     a0a:	22 0f       	add	r18, r18
     a0c:	33 1f       	adc	r19, r19
     a0e:	44 1f       	adc	r20, r20
     a10:	55 1f       	adc	r21, r21
     a12:	12 96       	adiw	r26, 0x02	; 2
     a14:	8d 91       	ld	r24, X+
     a16:	9c 91       	ld	r25, X
     a18:	13 97       	sbiw	r26, 0x03	; 3
     a1a:	01 97       	sbiw	r24, 0x01	; 1
     a1c:	13 96       	adiw	r26, 0x03	; 3
     a1e:	9c 93       	st	X, r25
     a20:	8e 93       	st	-X, r24
     a22:	12 97       	sbiw	r26, 0x02	; 2
     a24:	20 30       	cpi	r18, 0x00	; 0
     a26:	80 e0       	ldi	r24, 0x00	; 0
     a28:	38 07       	cpc	r19, r24
     a2a:	80 e0       	ldi	r24, 0x00	; 0
     a2c:	48 07       	cpc	r20, r24
     a2e:	80 e4       	ldi	r24, 0x40	; 64
     a30:	58 07       	cpc	r21, r24
     a32:	58 f3       	brcs	.-42     	; 0xa0a <__unpack_f+0x66>
     a34:	14 96       	adiw	r26, 0x04	; 4
     a36:	2d 93       	st	X+, r18
     a38:	3d 93       	st	X+, r19
     a3a:	4d 93       	st	X+, r20
     a3c:	5c 93       	st	X, r21
     a3e:	17 97       	sbiw	r26, 0x07	; 7
     a40:	08 95       	ret
     a42:	2f 3f       	cpi	r18, 0xFF	; 255
     a44:	31 05       	cpc	r19, r1
     a46:	79 f4       	brne	.+30     	; 0xa66 <__unpack_f+0xc2>
     a48:	41 15       	cp	r20, r1
     a4a:	51 05       	cpc	r21, r1
     a4c:	61 05       	cpc	r22, r1
     a4e:	71 05       	cpc	r23, r1
     a50:	19 f4       	brne	.+6      	; 0xa58 <__unpack_f+0xb4>
     a52:	84 e0       	ldi	r24, 0x04	; 4
     a54:	8c 93       	st	X, r24
     a56:	08 95       	ret
     a58:	64 ff       	sbrs	r22, 4
     a5a:	03 c0       	rjmp	.+6      	; 0xa62 <__unpack_f+0xbe>
     a5c:	81 e0       	ldi	r24, 0x01	; 1
     a5e:	8c 93       	st	X, r24
     a60:	12 c0       	rjmp	.+36     	; 0xa86 <__unpack_f+0xe2>
     a62:	1c 92       	st	X, r1
     a64:	10 c0       	rjmp	.+32     	; 0xa86 <__unpack_f+0xe2>
     a66:	2f 57       	subi	r18, 0x7F	; 127
     a68:	30 40       	sbci	r19, 0x00	; 0
     a6a:	13 96       	adiw	r26, 0x03	; 3
     a6c:	3c 93       	st	X, r19
     a6e:	2e 93       	st	-X, r18
     a70:	12 97       	sbiw	r26, 0x02	; 2
     a72:	83 e0       	ldi	r24, 0x03	; 3
     a74:	8c 93       	st	X, r24
     a76:	87 e0       	ldi	r24, 0x07	; 7
     a78:	44 0f       	add	r20, r20
     a7a:	55 1f       	adc	r21, r21
     a7c:	66 1f       	adc	r22, r22
     a7e:	77 1f       	adc	r23, r23
     a80:	8a 95       	dec	r24
     a82:	d1 f7       	brne	.-12     	; 0xa78 <__unpack_f+0xd4>
     a84:	70 64       	ori	r23, 0x40	; 64
     a86:	14 96       	adiw	r26, 0x04	; 4
     a88:	4d 93       	st	X+, r20
     a8a:	5d 93       	st	X+, r21
     a8c:	6d 93       	st	X+, r22
     a8e:	7c 93       	st	X, r23
     a90:	17 97       	sbiw	r26, 0x07	; 7
     a92:	08 95       	ret

00000a94 <__fpcmp_parts_f>:
     a94:	1f 93       	push	r17
     a96:	dc 01       	movw	r26, r24
     a98:	fb 01       	movw	r30, r22
     a9a:	9c 91       	ld	r25, X
     a9c:	92 30       	cpi	r25, 0x02	; 2
     a9e:	08 f4       	brcc	.+2      	; 0xaa2 <__fpcmp_parts_f+0xe>
     aa0:	47 c0       	rjmp	.+142    	; 0xb30 <__fpcmp_parts_f+0x9c>
     aa2:	80 81       	ld	r24, Z
     aa4:	82 30       	cpi	r24, 0x02	; 2
     aa6:	08 f4       	brcc	.+2      	; 0xaaa <__fpcmp_parts_f+0x16>
     aa8:	43 c0       	rjmp	.+134    	; 0xb30 <__fpcmp_parts_f+0x9c>
     aaa:	94 30       	cpi	r25, 0x04	; 4
     aac:	51 f4       	brne	.+20     	; 0xac2 <__fpcmp_parts_f+0x2e>
     aae:	11 96       	adiw	r26, 0x01	; 1
     ab0:	1c 91       	ld	r17, X
     ab2:	84 30       	cpi	r24, 0x04	; 4
     ab4:	99 f5       	brne	.+102    	; 0xb1c <__fpcmp_parts_f+0x88>
     ab6:	81 81       	ldd	r24, Z+1	; 0x01
     ab8:	68 2f       	mov	r22, r24
     aba:	70 e0       	ldi	r23, 0x00	; 0
     abc:	61 1b       	sub	r22, r17
     abe:	71 09       	sbc	r23, r1
     ac0:	3f c0       	rjmp	.+126    	; 0xb40 <__fpcmp_parts_f+0xac>
     ac2:	84 30       	cpi	r24, 0x04	; 4
     ac4:	21 f0       	breq	.+8      	; 0xace <__fpcmp_parts_f+0x3a>
     ac6:	92 30       	cpi	r25, 0x02	; 2
     ac8:	31 f4       	brne	.+12     	; 0xad6 <__fpcmp_parts_f+0x42>
     aca:	82 30       	cpi	r24, 0x02	; 2
     acc:	b9 f1       	breq	.+110    	; 0xb3c <__fpcmp_parts_f+0xa8>
     ace:	81 81       	ldd	r24, Z+1	; 0x01
     ad0:	88 23       	and	r24, r24
     ad2:	89 f1       	breq	.+98     	; 0xb36 <__fpcmp_parts_f+0xa2>
     ad4:	2d c0       	rjmp	.+90     	; 0xb30 <__fpcmp_parts_f+0x9c>
     ad6:	11 96       	adiw	r26, 0x01	; 1
     ad8:	1c 91       	ld	r17, X
     ada:	11 97       	sbiw	r26, 0x01	; 1
     adc:	82 30       	cpi	r24, 0x02	; 2
     ade:	f1 f0       	breq	.+60     	; 0xb1c <__fpcmp_parts_f+0x88>
     ae0:	81 81       	ldd	r24, Z+1	; 0x01
     ae2:	18 17       	cp	r17, r24
     ae4:	d9 f4       	brne	.+54     	; 0xb1c <__fpcmp_parts_f+0x88>
     ae6:	12 96       	adiw	r26, 0x02	; 2
     ae8:	2d 91       	ld	r18, X+
     aea:	3c 91       	ld	r19, X
     aec:	13 97       	sbiw	r26, 0x03	; 3
     aee:	82 81       	ldd	r24, Z+2	; 0x02
     af0:	93 81       	ldd	r25, Z+3	; 0x03
     af2:	82 17       	cp	r24, r18
     af4:	93 07       	cpc	r25, r19
     af6:	94 f0       	brlt	.+36     	; 0xb1c <__fpcmp_parts_f+0x88>
     af8:	28 17       	cp	r18, r24
     afa:	39 07       	cpc	r19, r25
     afc:	bc f0       	brlt	.+46     	; 0xb2c <__fpcmp_parts_f+0x98>
     afe:	14 96       	adiw	r26, 0x04	; 4
     b00:	8d 91       	ld	r24, X+
     b02:	9d 91       	ld	r25, X+
     b04:	0d 90       	ld	r0, X+
     b06:	bc 91       	ld	r27, X
     b08:	a0 2d       	mov	r26, r0
     b0a:	24 81       	ldd	r18, Z+4	; 0x04
     b0c:	35 81       	ldd	r19, Z+5	; 0x05
     b0e:	46 81       	ldd	r20, Z+6	; 0x06
     b10:	57 81       	ldd	r21, Z+7	; 0x07
     b12:	28 17       	cp	r18, r24
     b14:	39 07       	cpc	r19, r25
     b16:	4a 07       	cpc	r20, r26
     b18:	5b 07       	cpc	r21, r27
     b1a:	18 f4       	brcc	.+6      	; 0xb22 <__fpcmp_parts_f+0x8e>
     b1c:	11 23       	and	r17, r17
     b1e:	41 f0       	breq	.+16     	; 0xb30 <__fpcmp_parts_f+0x9c>
     b20:	0a c0       	rjmp	.+20     	; 0xb36 <__fpcmp_parts_f+0xa2>
     b22:	82 17       	cp	r24, r18
     b24:	93 07       	cpc	r25, r19
     b26:	a4 07       	cpc	r26, r20
     b28:	b5 07       	cpc	r27, r21
     b2a:	40 f4       	brcc	.+16     	; 0xb3c <__fpcmp_parts_f+0xa8>
     b2c:	11 23       	and	r17, r17
     b2e:	19 f0       	breq	.+6      	; 0xb36 <__fpcmp_parts_f+0xa2>
     b30:	61 e0       	ldi	r22, 0x01	; 1
     b32:	70 e0       	ldi	r23, 0x00	; 0
     b34:	05 c0       	rjmp	.+10     	; 0xb40 <__fpcmp_parts_f+0xac>
     b36:	6f ef       	ldi	r22, 0xFF	; 255
     b38:	7f ef       	ldi	r23, 0xFF	; 255
     b3a:	02 c0       	rjmp	.+4      	; 0xb40 <__fpcmp_parts_f+0xac>
     b3c:	60 e0       	ldi	r22, 0x00	; 0
     b3e:	70 e0       	ldi	r23, 0x00	; 0
     b40:	cb 01       	movw	r24, r22
     b42:	1f 91       	pop	r17
     b44:	08 95       	ret

00000b46 <Pass_read>:
void Timer_tick(void);

/*******************************************************************************
 *                      Functions Definition                                   *
 *******************************************************************************/
void Pass_read (void){
     b46:	df 93       	push	r29
     b48:	cf 93       	push	r28
     b4a:	cd b7       	in	r28, 0x3d	; 61
     b4c:	de b7       	in	r29, 0x3e	; 62
     b4e:	2e 97       	sbiw	r28, 0x0e	; 14
     b50:	0f b6       	in	r0, 0x3f	; 63
     b52:	f8 94       	cli
     b54:	de bf       	out	0x3e, r29	; 62
     b56:	0f be       	out	0x3f, r0	; 63
     b58:	cd bf       	out	0x3d, r28	; 61
	for (g_counter=0; g_counter == PASSWORD_LENGHT ;g_counter++){
     b5a:	10 92 e2 00 	sts	0x00E2, r1
     b5e:	92 c0       	rjmp	.+292    	; 0xc84 <Pass_read+0x13e>

		/* Get the pressed button from keypad */
		g_key_num = KEYPAD_getPressedKey();
     b60:	0e 94 03 0b 	call	0x1606	; 0x1606 <KEYPAD_getPressedKey>
     b64:	80 93 e7 00 	sts	0x00E7, r24
		/*Save the password before send it*/
		g_Password[g_counter]= g_key_num;
     b68:	80 91 e2 00 	lds	r24, 0x00E2
     b6c:	88 2f       	mov	r24, r24
     b6e:	90 e0       	ldi	r25, 0x00	; 0
     b70:	20 91 e7 00 	lds	r18, 0x00E7
     b74:	fc 01       	movw	r30, r24
     b76:	e3 53       	subi	r30, 0x33	; 51
     b78:	ff 4f       	sbci	r31, 0xFF	; 255
     b7a:	20 83       	st	Z, r18
     b7c:	80 e0       	ldi	r24, 0x00	; 0
     b7e:	90 e0       	ldi	r25, 0x00	; 0
     b80:	aa ef       	ldi	r26, 0xFA	; 250
     b82:	b3 e4       	ldi	r27, 0x43	; 67
     b84:	8b 87       	std	Y+11, r24	; 0x0b
     b86:	9c 87       	std	Y+12, r25	; 0x0c
     b88:	ad 87       	std	Y+13, r26	; 0x0d
     b8a:	be 87       	std	Y+14, r27	; 0x0e
 */
void
_delay_ms(double __ms)
{
	uint16_t __ticks;
	double __tmp = ((F_CPU) / 4e3) * __ms;
     b8c:	6b 85       	ldd	r22, Y+11	; 0x0b
     b8e:	7c 85       	ldd	r23, Y+12	; 0x0c
     b90:	8d 85       	ldd	r24, Y+13	; 0x0d
     b92:	9e 85       	ldd	r25, Y+14	; 0x0e
     b94:	20 e0       	ldi	r18, 0x00	; 0
     b96:	30 e0       	ldi	r19, 0x00	; 0
     b98:	4a ef       	ldi	r20, 0xFA	; 250
     b9a:	54 e4       	ldi	r21, 0x44	; 68
     b9c:	0e 94 1f 02 	call	0x43e	; 0x43e <__mulsf3>
     ba0:	dc 01       	movw	r26, r24
     ba2:	cb 01       	movw	r24, r22
     ba4:	8f 83       	std	Y+7, r24	; 0x07
     ba6:	98 87       	std	Y+8, r25	; 0x08
     ba8:	a9 87       	std	Y+9, r26	; 0x09
     baa:	ba 87       	std	Y+10, r27	; 0x0a
	if (__tmp < 1.0)
     bac:	6f 81       	ldd	r22, Y+7	; 0x07
     bae:	78 85       	ldd	r23, Y+8	; 0x08
     bb0:	89 85       	ldd	r24, Y+9	; 0x09
     bb2:	9a 85       	ldd	r25, Y+10	; 0x0a
     bb4:	20 e0       	ldi	r18, 0x00	; 0
     bb6:	30 e0       	ldi	r19, 0x00	; 0
     bb8:	40 e8       	ldi	r20, 0x80	; 128
     bba:	5f e3       	ldi	r21, 0x3F	; 63
     bbc:	0e 94 79 03 	call	0x6f2	; 0x6f2 <__ltsf2>
     bc0:	88 23       	and	r24, r24
     bc2:	2c f4       	brge	.+10     	; 0xbce <Pass_read+0x88>
		__ticks = 1;
     bc4:	81 e0       	ldi	r24, 0x01	; 1
     bc6:	90 e0       	ldi	r25, 0x00	; 0
     bc8:	9e 83       	std	Y+6, r25	; 0x06
     bca:	8d 83       	std	Y+5, r24	; 0x05
     bcc:	3f c0       	rjmp	.+126    	; 0xc4c <Pass_read+0x106>
	else if (__tmp > 65535)
     bce:	6f 81       	ldd	r22, Y+7	; 0x07
     bd0:	78 85       	ldd	r23, Y+8	; 0x08
     bd2:	89 85       	ldd	r24, Y+9	; 0x09
     bd4:	9a 85       	ldd	r25, Y+10	; 0x0a
     bd6:	20 e0       	ldi	r18, 0x00	; 0
     bd8:	3f ef       	ldi	r19, 0xFF	; 255
     bda:	4f e7       	ldi	r20, 0x7F	; 127
     bdc:	57 e4       	ldi	r21, 0x47	; 71
     bde:	0e 94 19 03 	call	0x632	; 0x632 <__gtsf2>
     be2:	18 16       	cp	r1, r24
     be4:	4c f5       	brge	.+82     	; 0xc38 <Pass_read+0xf2>
	{
		//	__ticks = requested delay in 1/10 ms
		__ticks = (uint16_t) (__ms * 10.0);
     be6:	6b 85       	ldd	r22, Y+11	; 0x0b
     be8:	7c 85       	ldd	r23, Y+12	; 0x0c
     bea:	8d 85       	ldd	r24, Y+13	; 0x0d
     bec:	9e 85       	ldd	r25, Y+14	; 0x0e
     bee:	20 e0       	ldi	r18, 0x00	; 0
     bf0:	30 e0       	ldi	r19, 0x00	; 0
     bf2:	40 e2       	ldi	r20, 0x20	; 32
     bf4:	51 e4       	ldi	r21, 0x41	; 65
     bf6:	0e 94 1f 02 	call	0x43e	; 0x43e <__mulsf3>
     bfa:	dc 01       	movw	r26, r24
     bfc:	cb 01       	movw	r24, r22
     bfe:	bc 01       	movw	r22, r24
     c00:	cd 01       	movw	r24, r26
     c02:	0e 94 49 00 	call	0x92	; 0x92 <__fixunssfsi>
     c06:	dc 01       	movw	r26, r24
     c08:	cb 01       	movw	r24, r22
     c0a:	9e 83       	std	Y+6, r25	; 0x06
     c0c:	8d 83       	std	Y+5, r24	; 0x05
     c0e:	0f c0       	rjmp	.+30     	; 0xc2e <Pass_read+0xe8>
     c10:	88 ec       	ldi	r24, 0xC8	; 200
     c12:	90 e0       	ldi	r25, 0x00	; 0
     c14:	9c 83       	std	Y+4, r25	; 0x04
     c16:	8b 83       	std	Y+3, r24	; 0x03
    milliseconds can be achieved.
 */
void
_delay_loop_2(uint16_t __count)
{
	__asm__ volatile (
     c18:	8b 81       	ldd	r24, Y+3	; 0x03
     c1a:	9c 81       	ldd	r25, Y+4	; 0x04
     c1c:	01 97       	sbiw	r24, 0x01	; 1
     c1e:	f1 f7       	brne	.-4      	; 0xc1c <Pass_read+0xd6>
     c20:	9c 83       	std	Y+4, r25	; 0x04
     c22:	8b 83       	std	Y+3, r24	; 0x03
		while(__ticks)
		{
			// wait 1/10 ms
			_delay_loop_2(((F_CPU) / 4e3) / 10);
			__ticks --;
     c24:	8d 81       	ldd	r24, Y+5	; 0x05
     c26:	9e 81       	ldd	r25, Y+6	; 0x06
     c28:	01 97       	sbiw	r24, 0x01	; 1
     c2a:	9e 83       	std	Y+6, r25	; 0x06
     c2c:	8d 83       	std	Y+5, r24	; 0x05
		__ticks = 1;
	else if (__tmp > 65535)
	{
		//	__ticks = requested delay in 1/10 ms
		__ticks = (uint16_t) (__ms * 10.0);
		while(__ticks)
     c2e:	8d 81       	ldd	r24, Y+5	; 0x05
     c30:	9e 81       	ldd	r25, Y+6	; 0x06
     c32:	00 97       	sbiw	r24, 0x00	; 0
     c34:	69 f7       	brne	.-38     	; 0xc10 <Pass_read+0xca>
     c36:	14 c0       	rjmp	.+40     	; 0xc60 <Pass_read+0x11a>
			__ticks --;
		}
		return;
	}
	else
		__ticks = (uint16_t)__tmp;
     c38:	6f 81       	ldd	r22, Y+7	; 0x07
     c3a:	78 85       	ldd	r23, Y+8	; 0x08
     c3c:	89 85       	ldd	r24, Y+9	; 0x09
     c3e:	9a 85       	ldd	r25, Y+10	; 0x0a
     c40:	0e 94 49 00 	call	0x92	; 0x92 <__fixunssfsi>
     c44:	dc 01       	movw	r26, r24
     c46:	cb 01       	movw	r24, r22
     c48:	9e 83       	std	Y+6, r25	; 0x06
     c4a:	8d 83       	std	Y+5, r24	; 0x05
     c4c:	8d 81       	ldd	r24, Y+5	; 0x05
     c4e:	9e 81       	ldd	r25, Y+6	; 0x06
     c50:	9a 83       	std	Y+2, r25	; 0x02
     c52:	89 83       	std	Y+1, r24	; 0x01
     c54:	89 81       	ldd	r24, Y+1	; 0x01
     c56:	9a 81       	ldd	r25, Y+2	; 0x02
     c58:	01 97       	sbiw	r24, 0x01	; 1
     c5a:	f1 f7       	brne	.-4      	; 0xc58 <Pass_read+0x112>
     c5c:	9a 83       	std	Y+2, r25	; 0x02
     c5e:	89 83       	std	Y+1, r24	; 0x01
		/* Wait 500msec before getting a new press from the keypad buttons, Press time is 500msec */
		_delay_ms(500);
		/*Check for enter bottom*/
		if (g_key_num == '='){
     c60:	80 91 e7 00 	lds	r24, 0x00E7
     c64:	8d 33       	cpi	r24, 0x3D	; 61
     c66:	99 f0       	breq	.+38     	; 0xc8e <Pass_read+0x148>
			break;
		}

		/*Display "*" for every number you enter */
		LCD_displayCharacter( '*' );
     c68:	8a e2       	ldi	r24, 0x2A	; 42
     c6a:	0e 94 c4 11 	call	0x2388	; 0x2388 <LCD_displayCharacter>
		/*and move one space for every number you enter */
		LCD_moveCursor(1,g_counter);
     c6e:	90 91 e2 00 	lds	r25, 0x00E2
     c72:	81 e0       	ldi	r24, 0x01	; 1
     c74:	69 2f       	mov	r22, r25
     c76:	0e 94 68 16 	call	0x2cd0	; 0x2cd0 <LCD_moveCursor>

/*******************************************************************************
 *                      Functions Definition                                   *
 *******************************************************************************/
void Pass_read (void){
	for (g_counter=0; g_counter == PASSWORD_LENGHT ;g_counter++){
     c7a:	80 91 e2 00 	lds	r24, 0x00E2
     c7e:	8f 5f       	subi	r24, 0xFF	; 255
     c80:	80 93 e2 00 	sts	0x00E2, r24
     c84:	80 91 e2 00 	lds	r24, 0x00E2
     c88:	85 30       	cpi	r24, 0x05	; 5
     c8a:	09 f4       	brne	.+2      	; 0xc8e <Pass_read+0x148>
     c8c:	69 cf       	rjmp	.-302    	; 0xb60 <Pass_read+0x1a>
		LCD_moveCursor(1,g_counter);


	}/*End of for loop*/

	g_counter =0; /*return the counter to zero */
     c8e:	10 92 e2 00 	sts	0x00E2, r1

}
     c92:	2e 96       	adiw	r28, 0x0e	; 14
     c94:	0f b6       	in	r0, 0x3f	; 63
     c96:	f8 94       	cli
     c98:	de bf       	out	0x3e, r29	; 62
     c9a:	0f be       	out	0x3f, r0	; 63
     c9c:	cd bf       	out	0x3d, r28	; 61
     c9e:	cf 91       	pop	r28
     ca0:	df 91       	pop	r29
     ca2:	08 95       	ret

00000ca4 <Pass_save>:

void Pass_save (void){
     ca4:	df 93       	push	r29
     ca6:	cf 93       	push	r28
     ca8:	cd b7       	in	r28, 0x3d	; 61
     caa:	de b7       	in	r29, 0x3e	; 62
	do{
		LCD_clearScreen();
     cac:	0e 94 e6 16 	call	0x2dcc	; 0x2dcc <LCD_clearScreen>
		LCD_displayString("Plz Enter Pass:");
     cb0:	80 e6       	ldi	r24, 0x60	; 96
     cb2:	90 e0       	ldi	r25, 0x00	; 0
     cb4:	0e 94 3f 16 	call	0x2c7e	; 0x2c7e <LCD_displayString>
		LCD_moveCursor(1,0);
     cb8:	81 e0       	ldi	r24, 0x01	; 1
     cba:	60 e0       	ldi	r22, 0x00	; 0
     cbc:	0e 94 68 16 	call	0x2cd0	; 0x2cd0 <LCD_moveCursor>


		Pass_read();
     cc0:	0e 94 a3 05 	call	0xb46	; 0xb46 <Pass_read>

		/* Send the pressed keys to Control_ECU through UART */
		UART_sendString(g_Password);
     cc4:	8d ec       	ldi	r24, 0xCD	; 205
     cc6:	90 e0       	ldi	r25, 0x00	; 0
     cc8:	0e 94 b0 18 	call	0x3160	; 0x3160 <UART_sendString>


		/*------------------- Re-enter the password ------------------------------------------*/

		LCD_clearScreen();
     ccc:	0e 94 e6 16 	call	0x2dcc	; 0x2dcc <LCD_clearScreen>
		LCD_displayString("Plz re-enter");
     cd0:	80 e7       	ldi	r24, 0x70	; 112
     cd2:	90 e0       	ldi	r25, 0x00	; 0
     cd4:	0e 94 3f 16 	call	0x2c7e	; 0x2c7e <LCD_displayString>
		LCD_moveCursor(1,0);
     cd8:	81 e0       	ldi	r24, 0x01	; 1
     cda:	60 e0       	ldi	r22, 0x00	; 0
     cdc:	0e 94 68 16 	call	0x2cd0	; 0x2cd0 <LCD_moveCursor>

		Pass_read();
     ce0:	0e 94 a3 05 	call	0xb46	; 0xb46 <Pass_read>

		/* Send the pressed keys to Control_ECU through UART */
		UART_sendString(g_Password);
     ce4:	8d ec       	ldi	r24, 0xCD	; 205
     ce6:	90 e0       	ldi	r25, 0x00	; 0
     ce8:	0e 94 b0 18 	call	0x3160	; 0x3160 <UART_sendString>


		/*----------------------- check if it is Wrong --------------------------------------*/

		/* Error_checkByte if = 1 then now error and the opposite is true*/
		g_Error_checkByte = UART_recieveByte();
     cec:	0e 94 a1 18 	call	0x3142	; 0x3142 <UART_recieveByte>
     cf0:	80 93 e3 00 	sts	0x00E3, r24

	}while (g_Error_checkByte == 1);
     cf4:	80 91 e3 00 	lds	r24, 0x00E3
     cf8:	81 30       	cpi	r24, 0x01	; 1
     cfa:	c1 f2       	breq	.-80     	; 0xcac <Pass_save+0x8>
}
     cfc:	cf 91       	pop	r28
     cfe:	df 91       	pop	r29
     d00:	08 95       	ret

00000d02 <Timer_tick>:

void Timer_tick(void){
     d02:	df 93       	push	r29
     d04:	cf 93       	push	r28
     d06:	cd b7       	in	r28, 0x3d	; 61
     d08:	de b7       	in	r29, 0x3e	; 62

	g_Timer_tick++;
     d0a:	80 91 e4 00 	lds	r24, 0x00E4
     d0e:	8f 5f       	subi	r24, 0xFF	; 255
     d10:	80 93 e4 00 	sts	0x00E4, r24

}
     d14:	cf 91       	pop	r28
     d16:	df 91       	pop	r29
     d18:	08 95       	ret

00000d1a <main>:

/*******************************************************************************
 *                        Main Functions                                       *
 *******************************************************************************/

int main(void){
     d1a:	df 93       	push	r29
     d1c:	cf 93       	push	r28
     d1e:	cd b7       	in	r28, 0x3d	; 61
     d20:	de b7       	in	r29, 0x3e	; 62
     d22:	6b 97       	sbiw	r28, 0x1b	; 27
     d24:	0f b6       	in	r0, 0x3f	; 63
     d26:	f8 94       	cli
     d28:	de bf       	out	0x3e, r29	; 62
     d2a:	0f be       	out	0x3f, r0	; 63
     d2c:	cd bf       	out	0x3d, r28	; 61

	/*initialize the used modules */
	Timer1_ConfigType Timer1_Configurations ={Timer1_initial_value,Timer1_compare_value,CLK_1024,CTC};
     d2e:	9e 01       	movw	r18, r28
     d30:	2f 5f       	subi	r18, 0xFF	; 255
     d32:	3f 4f       	sbci	r19, 0xFF	; 255
     d34:	3b 8b       	std	Y+19, r19	; 0x13
     d36:	2a 8b       	std	Y+18, r18	; 0x12
     d38:	8c ed       	ldi	r24, 0xDC	; 220
     d3a:	90 e0       	ldi	r25, 0x00	; 0
     d3c:	9d 8b       	std	Y+21, r25	; 0x15
     d3e:	8c 8b       	std	Y+20, r24	; 0x14
     d40:	96 e0       	ldi	r25, 0x06	; 6
     d42:	9e 8b       	std	Y+22, r25	; 0x16
     d44:	ec 89       	ldd	r30, Y+20	; 0x14
     d46:	fd 89       	ldd	r31, Y+21	; 0x15
     d48:	00 80       	ld	r0, Z
     d4a:	2c 89       	ldd	r18, Y+20	; 0x14
     d4c:	3d 89       	ldd	r19, Y+21	; 0x15
     d4e:	2f 5f       	subi	r18, 0xFF	; 255
     d50:	3f 4f       	sbci	r19, 0xFF	; 255
     d52:	3d 8b       	std	Y+21, r19	; 0x15
     d54:	2c 8b       	std	Y+20, r18	; 0x14
     d56:	ea 89       	ldd	r30, Y+18	; 0x12
     d58:	fb 89       	ldd	r31, Y+19	; 0x13
     d5a:	00 82       	st	Z, r0
     d5c:	2a 89       	ldd	r18, Y+18	; 0x12
     d5e:	3b 89       	ldd	r19, Y+19	; 0x13
     d60:	2f 5f       	subi	r18, 0xFF	; 255
     d62:	3f 4f       	sbci	r19, 0xFF	; 255
     d64:	3b 8b       	std	Y+19, r19	; 0x13
     d66:	2a 8b       	std	Y+18, r18	; 0x12
     d68:	3e 89       	ldd	r19, Y+22	; 0x16
     d6a:	31 50       	subi	r19, 0x01	; 1
     d6c:	3e 8b       	std	Y+22, r19	; 0x16
     d6e:	8e 89       	ldd	r24, Y+22	; 0x16
     d70:	88 23       	and	r24, r24
     d72:	41 f7       	brne	.-48     	; 0xd44 <main+0x2a>

	/* Set the Call back function pointer in the Timer 1 driver */
	Timer1_setCallBack(Timer_tick);
     d74:	81 e8       	ldi	r24, 0x81	; 129
     d76:	96 e0       	ldi	r25, 0x06	; 6
     d78:	0e 94 72 17 	call	0x2ee4	; 0x2ee4 <Timer1_setCallBack>

	/* Initialize the UART driver with Baud-rate = 9600 bits/sec */
	UART_ConfigType UART_Configurations ={Eight_Bit,Even_Parity,One_Bit,Normal_Rate};
     d7c:	fe 01       	movw	r30, r28
     d7e:	37 96       	adiw	r30, 0x07	; 7
     d80:	f8 8f       	std	Y+24, r31	; 0x18
     d82:	ef 8b       	std	Y+23, r30	; 0x17
     d84:	25 ed       	ldi	r18, 0xD5	; 213
     d86:	30 e0       	ldi	r19, 0x00	; 0
     d88:	3a 8f       	std	Y+26, r19	; 0x1a
     d8a:	29 8f       	std	Y+25, r18	; 0x19
     d8c:	37 e0       	ldi	r19, 0x07	; 7
     d8e:	3b 8f       	std	Y+27, r19	; 0x1b
     d90:	e9 8d       	ldd	r30, Y+25	; 0x19
     d92:	fa 8d       	ldd	r31, Y+26	; 0x1a
     d94:	00 80       	ld	r0, Z
     d96:	29 8d       	ldd	r18, Y+25	; 0x19
     d98:	3a 8d       	ldd	r19, Y+26	; 0x1a
     d9a:	2f 5f       	subi	r18, 0xFF	; 255
     d9c:	3f 4f       	sbci	r19, 0xFF	; 255
     d9e:	3a 8f       	std	Y+26, r19	; 0x1a
     da0:	29 8f       	std	Y+25, r18	; 0x19
     da2:	ef 89       	ldd	r30, Y+23	; 0x17
     da4:	f8 8d       	ldd	r31, Y+24	; 0x18
     da6:	00 82       	st	Z, r0
     da8:	2f 89       	ldd	r18, Y+23	; 0x17
     daa:	38 8d       	ldd	r19, Y+24	; 0x18
     dac:	2f 5f       	subi	r18, 0xFF	; 255
     dae:	3f 4f       	sbci	r19, 0xFF	; 255
     db0:	38 8f       	std	Y+24, r19	; 0x18
     db2:	2f 8b       	std	Y+23, r18	; 0x17
     db4:	3b 8d       	ldd	r19, Y+27	; 0x1b
     db6:	31 50       	subi	r19, 0x01	; 1
     db8:	3b 8f       	std	Y+27, r19	; 0x1b
     dba:	8b 8d       	ldd	r24, Y+27	; 0x1b
     dbc:	88 23       	and	r24, r24
     dbe:	41 f7       	brne	.-48     	; 0xd90 <main+0x76>
	UART_init(&UART_Configurations);
     dc0:	ce 01       	movw	r24, r28
     dc2:	07 96       	adiw	r24, 0x07	; 7
     dc4:	0e 94 ea 17 	call	0x2fd4	; 0x2fd4 <UART_init>


	/* Initialize the LCD driver */
	LCD_init();
     dc8:	0e 94 97 0c 	call	0x192e	; 0x192e <LCD_init>


	// Enable global interrupts in MC.
	SREG  |= (1<<7);
     dcc:	af e5       	ldi	r26, 0x5F	; 95
     dce:	b0 e0       	ldi	r27, 0x00	; 0
     dd0:	ef e5       	ldi	r30, 0x5F	; 95
     dd2:	f0 e0       	ldi	r31, 0x00	; 0
     dd4:	80 81       	ld	r24, Z
     dd6:	80 68       	ori	r24, 0x80	; 128
     dd8:	8c 93       	st	X, r24


	while (1){


		switch (g_Fun_return){
     dda:	80 91 d4 00 	lds	r24, 0x00D4
     dde:	e8 2f       	mov	r30, r24
     de0:	f0 e0       	ldi	r31, 0x00	; 0
     de2:	f9 8b       	std	Y+17, r31	; 0x11
     de4:	e8 8b       	std	Y+16, r30	; 0x10
     de6:	28 89       	ldd	r18, Y+16	; 0x10
     de8:	39 89       	ldd	r19, Y+17	; 0x11
     dea:	24 34       	cpi	r18, 0x44	; 68
     dec:	31 05       	cpc	r19, r1
     dee:	61 f0       	breq	.+24     	; 0xe08 <main+0xee>
     df0:	88 89       	ldd	r24, Y+16	; 0x10
     df2:	99 89       	ldd	r25, Y+17	; 0x11
     df4:	82 35       	cpi	r24, 0x52	; 82
     df6:	91 05       	cpc	r25, r1
     df8:	09 f0       	breq	.+2      	; 0xdfc <main+0xe2>
     dfa:	a7 c0       	rjmp	.+334    	; 0xf4a <main+0x230>
		 *The letter 'R' to Rrenter the password
		 *The letter 'E' for Error
		 *The letter 'O' to Open the door */

		case 'R':
			UART_sendByte (g_Fun_return);
     dfc:	80 91 d4 00 	lds	r24, 0x00D4
     e00:	0e 94 8a 18 	call	0x3114	; 0x3114 <UART_sendByte>
			Pass_save ();
     e04:	0e 94 52 06 	call	0xca4	; 0xca4 <Pass_save>
			/*No break as the next step is to Take one of the two options */

		case 'D':
			/*----------------------- Step 2: Display main options --------------------------------*/
			/*The LCD will always display the main system option:*/
			LCD_clearScreen();
     e08:	0e 94 e6 16 	call	0x2dcc	; 0x2dcc <LCD_clearScreen>
			LCD_moveCursor(0,0);
     e0c:	80 e0       	ldi	r24, 0x00	; 0
     e0e:	60 e0       	ldi	r22, 0x00	; 0
     e10:	0e 94 68 16 	call	0x2cd0	; 0x2cd0 <LCD_moveCursor>
			LCD_displayStringRowColumn(0,0,"+ : Open Door");
     e14:	2d e7       	ldi	r18, 0x7D	; 125
     e16:	30 e0       	ldi	r19, 0x00	; 0
     e18:	80 e0       	ldi	r24, 0x00	; 0
     e1a:	60 e0       	ldi	r22, 0x00	; 0
     e1c:	a9 01       	movw	r20, r18
     e1e:	0e 94 aa 16 	call	0x2d54	; 0x2d54 <LCD_displayStringRowColumn>
			LCD_moveCursor(1,0);
     e22:	81 e0       	ldi	r24, 0x01	; 1
     e24:	60 e0       	ldi	r22, 0x00	; 0
     e26:	0e 94 68 16 	call	0x2cd0	; 0x2cd0 <LCD_moveCursor>
			LCD_displayStringRowColumn(0,0,"- : Change Pass");
     e2a:	2b e8       	ldi	r18, 0x8B	; 139
     e2c:	30 e0       	ldi	r19, 0x00	; 0
     e2e:	80 e0       	ldi	r24, 0x00	; 0
     e30:	60 e0       	ldi	r22, 0x00	; 0
     e32:	a9 01       	movw	r20, r18
     e34:	0e 94 aa 16 	call	0x2d54	; 0x2d54 <LCD_displayStringRowColumn>


			/* Get the pressed button from keypad */
			g_key_num = KEYPAD_getPressedKey();
     e38:	0e 94 03 0b 	call	0x1606	; 0x1606 <KEYPAD_getPressedKey>
     e3c:	80 93 e7 00 	sts	0x00E7, r24


			/*----------------------- Step 3:  Open Door -----------------------------------------*/
			switch (g_key_num){
     e40:	80 91 e7 00 	lds	r24, 0x00E7
     e44:	e8 2f       	mov	r30, r24
     e46:	f0 e0       	ldi	r31, 0x00	; 0
     e48:	ff 87       	std	Y+15, r31	; 0x0f
     e4a:	ee 87       	std	Y+14, r30	; 0x0e
     e4c:	2e 85       	ldd	r18, Y+14	; 0x0e
     e4e:	3f 85       	ldd	r19, Y+15	; 0x0f
     e50:	2b 32       	cpi	r18, 0x2B	; 43
     e52:	31 05       	cpc	r19, r1
     e54:	39 f0       	breq	.+14     	; 0xe64 <main+0x14a>
     e56:	8e 85       	ldd	r24, Y+14	; 0x0e
     e58:	9f 85       	ldd	r25, Y+15	; 0x0f
     e5a:	8d 32       	cpi	r24, 0x2D	; 45
     e5c:	91 05       	cpc	r25, r1
     e5e:	09 f4       	brne	.+2      	; 0xe62 <main+0x148>
     e60:	4c c0       	rjmp	.+152    	; 0xefa <main+0x1e0>
     e62:	73 c0       	rjmp	.+230    	; 0xf4a <main+0x230>
			case '+':
				do{
					LCD_clearScreen();
     e64:	0e 94 e6 16 	call	0x2dcc	; 0x2dcc <LCD_clearScreen>
					LCD_displayString("Plz Enter Pass:");
     e68:	80 e6       	ldi	r24, 0x60	; 96
     e6a:	90 e0       	ldi	r25, 0x00	; 0
     e6c:	0e 94 3f 16 	call	0x2c7e	; 0x2c7e <LCD_displayString>
					Pass_read();
     e70:	0e 94 a3 05 	call	0xb46	; 0xb46 <Pass_read>
					/* Send the pressed keys to Control_ECU through UART */
					UART_sendByte ('P');
     e74:	80 e5       	ldi	r24, 0x50	; 80
     e76:	0e 94 8a 18 	call	0x3114	; 0x3114 <UART_sendByte>
					UART_sendString(g_Password);
     e7a:	8d ec       	ldi	r24, 0xCD	; 205
     e7c:	90 e0       	ldi	r25, 0x00	; 0
     e7e:	0e 94 b0 18 	call	0x3160	; 0x3160 <UART_sendString>
					g_Error_checkByte = UART_recieveByte();
     e82:	0e 94 a1 18 	call	0x3142	; 0x3142 <UART_recieveByte>
     e86:	80 93 e3 00 	sts	0x00E3, r24

					if (g_Error_checkByte == 0){
     e8a:	80 91 e3 00 	lds	r24, 0x00E3
     e8e:	88 23       	and	r24, r24
     e90:	49 f5       	brne	.+82     	; 0xee4 <main+0x1ca>
						UART_sendByte ('O');
     e92:	8f e4       	ldi	r24, 0x4F	; 79
     e94:	0e 94 8a 18 	call	0x3114	; 0x3114 <UART_sendByte>
						LCD_clearScreen();
     e98:	0e 94 e6 16 	call	0x2dcc	; 0x2dcc <LCD_clearScreen>
						LCD_displayString("Door is Unlocking");
     e9c:	8b e9       	ldi	r24, 0x9B	; 155
     e9e:	90 e0       	ldi	r25, 0x00	; 0
     ea0:	0e 94 3f 16 	call	0x2c7e	; 0x2c7e <LCD_displayString>
						Timer1_init(&Timer1_Configurations);
     ea4:	ce 01       	movw	r24, r28
     ea6:	01 96       	adiw	r24, 0x01	; 1
     ea8:	0e 94 f0 16 	call	0x2de0	; 0x2de0 <Timer1_init>
						while (g_Timer_tick == 5);
     eac:	80 91 e4 00 	lds	r24, 0x00E4
     eb0:	85 30       	cpi	r24, 0x05	; 5
     eb2:	e1 f3       	breq	.-8      	; 0xeac <main+0x192>
						while (g_Timer_tick == 6);
     eb4:	80 91 e4 00 	lds	r24, 0x00E4
     eb8:	86 30       	cpi	r24, 0x06	; 6
     eba:	e1 f3       	breq	.-8      	; 0xeb4 <main+0x19a>
						LCD_clearScreen();
     ebc:	0e 94 e6 16 	call	0x2dcc	; 0x2dcc <LCD_clearScreen>
						LCD_displayString("Door is locking");
     ec0:	8d ea       	ldi	r24, 0xAD	; 173
     ec2:	90 e0       	ldi	r25, 0x00	; 0
     ec4:	0e 94 3f 16 	call	0x2c7e	; 0x2c7e <LCD_displayString>
						while (g_Timer_tick == 11);
     ec8:	80 91 e4 00 	lds	r24, 0x00E4
     ecc:	8b 30       	cpi	r24, 0x0B	; 11
     ece:	e1 f3       	breq	.-8      	; 0xec8 <main+0x1ae>
						Timer1_deInit();
     ed0:	0e 94 5c 17 	call	0x2eb8	; 0x2eb8 <Timer1_deInit>
						g_Timer_tick = 0;
     ed4:	10 92 e4 00 	sts	0x00E4, r1
						g_counter = 0;
     ed8:	10 92 e2 00 	sts	0x00E2, r1
						g_Fun_return ='D';
     edc:	84 e4       	ldi	r24, 0x44	; 68
     ede:	80 93 d4 00 	sts	0x00D4, r24
     ee2:	05 c0       	rjmp	.+10     	; 0xeee <main+0x1d4>
					}
					else{
						g_counter ++;
     ee4:	80 91 e2 00 	lds	r24, 0x00E2
     ee8:	8f 5f       	subi	r24, 0xFF	; 255
     eea:	80 93 e2 00 	sts	0x00E2, r24
					}

				}while(g_counter == 2);
     eee:	80 91 e2 00 	lds	r24, 0x00E2
     ef2:	82 30       	cpi	r24, 0x02	; 2
     ef4:	09 f4       	brne	.+2      	; 0xef8 <main+0x1de>
     ef6:	b6 cf       	rjmp	.-148    	; 0xe64 <main+0x14a>
     ef8:	28 c0       	rjmp	.+80     	; 0xf4a <main+0x230>

				break;
				/*----------------------- Step 4:  Change Password -----------------------------------*/
			case '-':
				do{
					UART_sendByte ('R');
     efa:	82 e5       	ldi	r24, 0x52	; 82
     efc:	0e 94 8a 18 	call	0x3114	; 0x3114 <UART_sendByte>
					LCD_clearScreen();
     f00:	0e 94 e6 16 	call	0x2dcc	; 0x2dcc <LCD_clearScreen>
					LCD_displayString("Plz Enter Pass:");
     f04:	80 e6       	ldi	r24, 0x60	; 96
     f06:	90 e0       	ldi	r25, 0x00	; 0
     f08:	0e 94 3f 16 	call	0x2c7e	; 0x2c7e <LCD_displayString>
					Pass_read();
     f0c:	0e 94 a3 05 	call	0xb46	; 0xb46 <Pass_read>
					/* Send the pressed keys to Control_ECU through UART */
					UART_sendString(g_Password);
     f10:	8d ec       	ldi	r24, 0xCD	; 205
     f12:	90 e0       	ldi	r25, 0x00	; 0
     f14:	0e 94 b0 18 	call	0x3160	; 0x3160 <UART_sendString>
					g_Error_checkByte = UART_recieveByte();
     f18:	0e 94 a1 18 	call	0x3142	; 0x3142 <UART_recieveByte>
     f1c:	80 93 e3 00 	sts	0x00E3, r24

					if (g_Error_checkByte == 0){
     f20:	80 91 e3 00 	lds	r24, 0x00E3
     f24:	88 23       	and	r24, r24
     f26:	41 f4       	brne	.+16     	; 0xf38 <main+0x21e>
						Pass_save ();
     f28:	0e 94 52 06 	call	0xca4	; 0xca4 <Pass_save>
						g_counter = 0;
     f2c:	10 92 e2 00 	sts	0x00E2, r1
						g_Fun_return ='D';
     f30:	84 e4       	ldi	r24, 0x44	; 68
     f32:	80 93 d4 00 	sts	0x00D4, r24
     f36:	05 c0       	rjmp	.+10     	; 0xf42 <main+0x228>
					}
					else{
						g_counter ++;
     f38:	80 91 e2 00 	lds	r24, 0x00E2
     f3c:	8f 5f       	subi	r24, 0xFF	; 255
     f3e:	80 93 e2 00 	sts	0x00E2, r24
					}
				}while(g_counter == 2);
     f42:	80 91 e2 00 	lds	r24, 0x00E2
     f46:	82 30       	cpi	r24, 0x02	; 2
     f48:	c1 f2       	breq	.-80     	; 0xefa <main+0x1e0>

			} /*End of switch case*/

		}/*End of the large switch cases  */
		/*----------------------- Check for alarm -----------------------------------*/
		if (g_counter == 2){
     f4a:	80 91 e2 00 	lds	r24, 0x00E2
     f4e:	82 30       	cpi	r24, 0x02	; 2
     f50:	09 f0       	breq	.+2      	; 0xf54 <main+0x23a>
     f52:	43 cf       	rjmp	.-378    	; 0xdda <main+0xc0>
			UART_sendByte ('E');
     f54:	85 e4       	ldi	r24, 0x45	; 69
     f56:	0e 94 8a 18 	call	0x3114	; 0x3114 <UART_sendByte>
			LCD_clearScreen();
     f5a:	0e 94 e6 16 	call	0x2dcc	; 0x2dcc <LCD_clearScreen>
			/*calc time for 1min*/
			Timer1_init(&Timer1_Configurations);
     f5e:	ce 01       	movw	r24, r28
     f60:	01 96       	adiw	r24, 0x01	; 1
     f62:	0e 94 f0 16 	call	0x2de0	; 0x2de0 <Timer1_init>
			LCD_displayString(" Alarm ");
     f66:	8d eb       	ldi	r24, 0xBD	; 189
     f68:	90 e0       	ldi	r25, 0x00	; 0
     f6a:	0e 94 3f 16 	call	0x2c7e	; 0x2c7e <LCD_displayString>
			while (g_Timer_tick == 20);
     f6e:	80 91 e4 00 	lds	r24, 0x00E4
     f72:	84 31       	cpi	r24, 0x14	; 20
     f74:	e1 f3       	breq	.-8      	; 0xf6e <main+0x254>
			Timer1_deInit();
     f76:	0e 94 5c 17 	call	0x2eb8	; 0x2eb8 <Timer1_deInit>
			g_Timer_tick = 0;
     f7a:	10 92 e4 00 	sts	0x00E4, r1

			g_counter = 0;
     f7e:	10 92 e2 00 	sts	0x00E2, r1
			g_Fun_return ='D';
     f82:	84 e4       	ldi	r24, 0x44	; 68
     f84:	80 93 d4 00 	sts	0x00D4, r24
     f88:	28 cf       	rjmp	.-432    	; 0xdda <main+0xc0>

00000f8a <GPIO_setupPinDirection>:
 * Description :
 * Setup the direction of the required pin input/output.
 * If the input port number or pin number are not correct, The function will not handle the request.
 */
void GPIO_setupPinDirection(uint8 port_num, uint8 pin_num, GPIO_PinDirectionType direction)
{
     f8a:	df 93       	push	r29
     f8c:	cf 93       	push	r28
     f8e:	00 d0       	rcall	.+0      	; 0xf90 <GPIO_setupPinDirection+0x6>
     f90:	00 d0       	rcall	.+0      	; 0xf92 <GPIO_setupPinDirection+0x8>
     f92:	0f 92       	push	r0
     f94:	cd b7       	in	r28, 0x3d	; 61
     f96:	de b7       	in	r29, 0x3e	; 62
     f98:	89 83       	std	Y+1, r24	; 0x01
     f9a:	6a 83       	std	Y+2, r22	; 0x02
     f9c:	4b 83       	std	Y+3, r20	; 0x03
	/*
	 * Check if the input port number is greater than NUM_OF_PINS_PER_PORT value.
	 * Or if the input pin number is greater than NUM_OF_PINS_PER_PORT value.
	 * In this case the input is not valid port/pin number
	 */
	if((pin_num >= NUM_OF_PINS_PER_PORT) || (port_num >= NUM_OF_PORTS))
     f9e:	8a 81       	ldd	r24, Y+2	; 0x02
     fa0:	88 30       	cpi	r24, 0x08	; 8
     fa2:	08 f0       	brcs	.+2      	; 0xfa6 <GPIO_setupPinDirection+0x1c>
     fa4:	d5 c0       	rjmp	.+426    	; 0x1150 <GPIO_setupPinDirection+0x1c6>
     fa6:	89 81       	ldd	r24, Y+1	; 0x01
     fa8:	84 30       	cpi	r24, 0x04	; 4
     faa:	08 f0       	brcs	.+2      	; 0xfae <GPIO_setupPinDirection+0x24>
     fac:	d1 c0       	rjmp	.+418    	; 0x1150 <GPIO_setupPinDirection+0x1c6>
		/* Do Nothing */
	}
	else
	{
		/* Setup the pin direction as required */
		switch(port_num)
     fae:	89 81       	ldd	r24, Y+1	; 0x01
     fb0:	28 2f       	mov	r18, r24
     fb2:	30 e0       	ldi	r19, 0x00	; 0
     fb4:	3d 83       	std	Y+5, r19	; 0x05
     fb6:	2c 83       	std	Y+4, r18	; 0x04
     fb8:	8c 81       	ldd	r24, Y+4	; 0x04
     fba:	9d 81       	ldd	r25, Y+5	; 0x05
     fbc:	81 30       	cpi	r24, 0x01	; 1
     fbe:	91 05       	cpc	r25, r1
     fc0:	09 f4       	brne	.+2      	; 0xfc4 <GPIO_setupPinDirection+0x3a>
     fc2:	43 c0       	rjmp	.+134    	; 0x104a <GPIO_setupPinDirection+0xc0>
     fc4:	2c 81       	ldd	r18, Y+4	; 0x04
     fc6:	3d 81       	ldd	r19, Y+5	; 0x05
     fc8:	22 30       	cpi	r18, 0x02	; 2
     fca:	31 05       	cpc	r19, r1
     fcc:	2c f4       	brge	.+10     	; 0xfd8 <GPIO_setupPinDirection+0x4e>
     fce:	8c 81       	ldd	r24, Y+4	; 0x04
     fd0:	9d 81       	ldd	r25, Y+5	; 0x05
     fd2:	00 97       	sbiw	r24, 0x00	; 0
     fd4:	71 f0       	breq	.+28     	; 0xff2 <GPIO_setupPinDirection+0x68>
     fd6:	bc c0       	rjmp	.+376    	; 0x1150 <GPIO_setupPinDirection+0x1c6>
     fd8:	2c 81       	ldd	r18, Y+4	; 0x04
     fda:	3d 81       	ldd	r19, Y+5	; 0x05
     fdc:	22 30       	cpi	r18, 0x02	; 2
     fde:	31 05       	cpc	r19, r1
     fe0:	09 f4       	brne	.+2      	; 0xfe4 <GPIO_setupPinDirection+0x5a>
     fe2:	5f c0       	rjmp	.+190    	; 0x10a2 <GPIO_setupPinDirection+0x118>
     fe4:	8c 81       	ldd	r24, Y+4	; 0x04
     fe6:	9d 81       	ldd	r25, Y+5	; 0x05
     fe8:	83 30       	cpi	r24, 0x03	; 3
     fea:	91 05       	cpc	r25, r1
     fec:	09 f4       	brne	.+2      	; 0xff0 <GPIO_setupPinDirection+0x66>
     fee:	85 c0       	rjmp	.+266    	; 0x10fa <GPIO_setupPinDirection+0x170>
     ff0:	af c0       	rjmp	.+350    	; 0x1150 <GPIO_setupPinDirection+0x1c6>
		{
		case PORTA_ID:
			if(direction == PIN_OUTPUT)
     ff2:	8b 81       	ldd	r24, Y+3	; 0x03
     ff4:	81 30       	cpi	r24, 0x01	; 1
     ff6:	a1 f4       	brne	.+40     	; 0x1020 <GPIO_setupPinDirection+0x96>
			{
				SET_BIT(DDRA,pin_num);
     ff8:	aa e3       	ldi	r26, 0x3A	; 58
     ffa:	b0 e0       	ldi	r27, 0x00	; 0
     ffc:	ea e3       	ldi	r30, 0x3A	; 58
     ffe:	f0 e0       	ldi	r31, 0x00	; 0
    1000:	80 81       	ld	r24, Z
    1002:	48 2f       	mov	r20, r24
    1004:	8a 81       	ldd	r24, Y+2	; 0x02
    1006:	28 2f       	mov	r18, r24
    1008:	30 e0       	ldi	r19, 0x00	; 0
    100a:	81 e0       	ldi	r24, 0x01	; 1
    100c:	90 e0       	ldi	r25, 0x00	; 0
    100e:	02 2e       	mov	r0, r18
    1010:	02 c0       	rjmp	.+4      	; 0x1016 <GPIO_setupPinDirection+0x8c>
    1012:	88 0f       	add	r24, r24
    1014:	99 1f       	adc	r25, r25
    1016:	0a 94       	dec	r0
    1018:	e2 f7       	brpl	.-8      	; 0x1012 <GPIO_setupPinDirection+0x88>
    101a:	84 2b       	or	r24, r20
    101c:	8c 93       	st	X, r24
    101e:	98 c0       	rjmp	.+304    	; 0x1150 <GPIO_setupPinDirection+0x1c6>
			}
			else
			{
				CLEAR_BIT(DDRA,pin_num);
    1020:	aa e3       	ldi	r26, 0x3A	; 58
    1022:	b0 e0       	ldi	r27, 0x00	; 0
    1024:	ea e3       	ldi	r30, 0x3A	; 58
    1026:	f0 e0       	ldi	r31, 0x00	; 0
    1028:	80 81       	ld	r24, Z
    102a:	48 2f       	mov	r20, r24
    102c:	8a 81       	ldd	r24, Y+2	; 0x02
    102e:	28 2f       	mov	r18, r24
    1030:	30 e0       	ldi	r19, 0x00	; 0
    1032:	81 e0       	ldi	r24, 0x01	; 1
    1034:	90 e0       	ldi	r25, 0x00	; 0
    1036:	02 2e       	mov	r0, r18
    1038:	02 c0       	rjmp	.+4      	; 0x103e <GPIO_setupPinDirection+0xb4>
    103a:	88 0f       	add	r24, r24
    103c:	99 1f       	adc	r25, r25
    103e:	0a 94       	dec	r0
    1040:	e2 f7       	brpl	.-8      	; 0x103a <GPIO_setupPinDirection+0xb0>
    1042:	80 95       	com	r24
    1044:	84 23       	and	r24, r20
    1046:	8c 93       	st	X, r24
    1048:	83 c0       	rjmp	.+262    	; 0x1150 <GPIO_setupPinDirection+0x1c6>
			}
			break;
		case PORTB_ID:
			if(direction == PIN_OUTPUT)
    104a:	8b 81       	ldd	r24, Y+3	; 0x03
    104c:	81 30       	cpi	r24, 0x01	; 1
    104e:	a1 f4       	brne	.+40     	; 0x1078 <GPIO_setupPinDirection+0xee>
			{
				SET_BIT(DDRB,pin_num);
    1050:	a7 e3       	ldi	r26, 0x37	; 55
    1052:	b0 e0       	ldi	r27, 0x00	; 0
    1054:	e7 e3       	ldi	r30, 0x37	; 55
    1056:	f0 e0       	ldi	r31, 0x00	; 0
    1058:	80 81       	ld	r24, Z
    105a:	48 2f       	mov	r20, r24
    105c:	8a 81       	ldd	r24, Y+2	; 0x02
    105e:	28 2f       	mov	r18, r24
    1060:	30 e0       	ldi	r19, 0x00	; 0
    1062:	81 e0       	ldi	r24, 0x01	; 1
    1064:	90 e0       	ldi	r25, 0x00	; 0
    1066:	02 2e       	mov	r0, r18
    1068:	02 c0       	rjmp	.+4      	; 0x106e <GPIO_setupPinDirection+0xe4>
    106a:	88 0f       	add	r24, r24
    106c:	99 1f       	adc	r25, r25
    106e:	0a 94       	dec	r0
    1070:	e2 f7       	brpl	.-8      	; 0x106a <GPIO_setupPinDirection+0xe0>
    1072:	84 2b       	or	r24, r20
    1074:	8c 93       	st	X, r24
    1076:	6c c0       	rjmp	.+216    	; 0x1150 <GPIO_setupPinDirection+0x1c6>
			}
			else
			{
				CLEAR_BIT(DDRB,pin_num);
    1078:	a7 e3       	ldi	r26, 0x37	; 55
    107a:	b0 e0       	ldi	r27, 0x00	; 0
    107c:	e7 e3       	ldi	r30, 0x37	; 55
    107e:	f0 e0       	ldi	r31, 0x00	; 0
    1080:	80 81       	ld	r24, Z
    1082:	48 2f       	mov	r20, r24
    1084:	8a 81       	ldd	r24, Y+2	; 0x02
    1086:	28 2f       	mov	r18, r24
    1088:	30 e0       	ldi	r19, 0x00	; 0
    108a:	81 e0       	ldi	r24, 0x01	; 1
    108c:	90 e0       	ldi	r25, 0x00	; 0
    108e:	02 2e       	mov	r0, r18
    1090:	02 c0       	rjmp	.+4      	; 0x1096 <GPIO_setupPinDirection+0x10c>
    1092:	88 0f       	add	r24, r24
    1094:	99 1f       	adc	r25, r25
    1096:	0a 94       	dec	r0
    1098:	e2 f7       	brpl	.-8      	; 0x1092 <GPIO_setupPinDirection+0x108>
    109a:	80 95       	com	r24
    109c:	84 23       	and	r24, r20
    109e:	8c 93       	st	X, r24
    10a0:	57 c0       	rjmp	.+174    	; 0x1150 <GPIO_setupPinDirection+0x1c6>
			}
			break;
		case PORTC_ID:
			if(direction == PIN_OUTPUT)
    10a2:	8b 81       	ldd	r24, Y+3	; 0x03
    10a4:	81 30       	cpi	r24, 0x01	; 1
    10a6:	a1 f4       	brne	.+40     	; 0x10d0 <GPIO_setupPinDirection+0x146>
			{
				SET_BIT(DDRC,pin_num);
    10a8:	a4 e3       	ldi	r26, 0x34	; 52
    10aa:	b0 e0       	ldi	r27, 0x00	; 0
    10ac:	e4 e3       	ldi	r30, 0x34	; 52
    10ae:	f0 e0       	ldi	r31, 0x00	; 0
    10b0:	80 81       	ld	r24, Z
    10b2:	48 2f       	mov	r20, r24
    10b4:	8a 81       	ldd	r24, Y+2	; 0x02
    10b6:	28 2f       	mov	r18, r24
    10b8:	30 e0       	ldi	r19, 0x00	; 0
    10ba:	81 e0       	ldi	r24, 0x01	; 1
    10bc:	90 e0       	ldi	r25, 0x00	; 0
    10be:	02 2e       	mov	r0, r18
    10c0:	02 c0       	rjmp	.+4      	; 0x10c6 <GPIO_setupPinDirection+0x13c>
    10c2:	88 0f       	add	r24, r24
    10c4:	99 1f       	adc	r25, r25
    10c6:	0a 94       	dec	r0
    10c8:	e2 f7       	brpl	.-8      	; 0x10c2 <GPIO_setupPinDirection+0x138>
    10ca:	84 2b       	or	r24, r20
    10cc:	8c 93       	st	X, r24
    10ce:	40 c0       	rjmp	.+128    	; 0x1150 <GPIO_setupPinDirection+0x1c6>
			}
			else
			{
				CLEAR_BIT(DDRC,pin_num);
    10d0:	a4 e3       	ldi	r26, 0x34	; 52
    10d2:	b0 e0       	ldi	r27, 0x00	; 0
    10d4:	e4 e3       	ldi	r30, 0x34	; 52
    10d6:	f0 e0       	ldi	r31, 0x00	; 0
    10d8:	80 81       	ld	r24, Z
    10da:	48 2f       	mov	r20, r24
    10dc:	8a 81       	ldd	r24, Y+2	; 0x02
    10de:	28 2f       	mov	r18, r24
    10e0:	30 e0       	ldi	r19, 0x00	; 0
    10e2:	81 e0       	ldi	r24, 0x01	; 1
    10e4:	90 e0       	ldi	r25, 0x00	; 0
    10e6:	02 2e       	mov	r0, r18
    10e8:	02 c0       	rjmp	.+4      	; 0x10ee <GPIO_setupPinDirection+0x164>
    10ea:	88 0f       	add	r24, r24
    10ec:	99 1f       	adc	r25, r25
    10ee:	0a 94       	dec	r0
    10f0:	e2 f7       	brpl	.-8      	; 0x10ea <GPIO_setupPinDirection+0x160>
    10f2:	80 95       	com	r24
    10f4:	84 23       	and	r24, r20
    10f6:	8c 93       	st	X, r24
    10f8:	2b c0       	rjmp	.+86     	; 0x1150 <GPIO_setupPinDirection+0x1c6>
			}
			break;
		case PORTD_ID:
			if(direction == PIN_OUTPUT)
    10fa:	8b 81       	ldd	r24, Y+3	; 0x03
    10fc:	81 30       	cpi	r24, 0x01	; 1
    10fe:	a1 f4       	brne	.+40     	; 0x1128 <GPIO_setupPinDirection+0x19e>
			{
				SET_BIT(DDRD,pin_num);
    1100:	a1 e3       	ldi	r26, 0x31	; 49
    1102:	b0 e0       	ldi	r27, 0x00	; 0
    1104:	e1 e3       	ldi	r30, 0x31	; 49
    1106:	f0 e0       	ldi	r31, 0x00	; 0
    1108:	80 81       	ld	r24, Z
    110a:	48 2f       	mov	r20, r24
    110c:	8a 81       	ldd	r24, Y+2	; 0x02
    110e:	28 2f       	mov	r18, r24
    1110:	30 e0       	ldi	r19, 0x00	; 0
    1112:	81 e0       	ldi	r24, 0x01	; 1
    1114:	90 e0       	ldi	r25, 0x00	; 0
    1116:	02 2e       	mov	r0, r18
    1118:	02 c0       	rjmp	.+4      	; 0x111e <GPIO_setupPinDirection+0x194>
    111a:	88 0f       	add	r24, r24
    111c:	99 1f       	adc	r25, r25
    111e:	0a 94       	dec	r0
    1120:	e2 f7       	brpl	.-8      	; 0x111a <GPIO_setupPinDirection+0x190>
    1122:	84 2b       	or	r24, r20
    1124:	8c 93       	st	X, r24
    1126:	14 c0       	rjmp	.+40     	; 0x1150 <GPIO_setupPinDirection+0x1c6>
			}
			else
			{
				CLEAR_BIT(DDRD,pin_num);
    1128:	a1 e3       	ldi	r26, 0x31	; 49
    112a:	b0 e0       	ldi	r27, 0x00	; 0
    112c:	e1 e3       	ldi	r30, 0x31	; 49
    112e:	f0 e0       	ldi	r31, 0x00	; 0
    1130:	80 81       	ld	r24, Z
    1132:	48 2f       	mov	r20, r24
    1134:	8a 81       	ldd	r24, Y+2	; 0x02
    1136:	28 2f       	mov	r18, r24
    1138:	30 e0       	ldi	r19, 0x00	; 0
    113a:	81 e0       	ldi	r24, 0x01	; 1
    113c:	90 e0       	ldi	r25, 0x00	; 0
    113e:	02 2e       	mov	r0, r18
    1140:	02 c0       	rjmp	.+4      	; 0x1146 <GPIO_setupPinDirection+0x1bc>
    1142:	88 0f       	add	r24, r24
    1144:	99 1f       	adc	r25, r25
    1146:	0a 94       	dec	r0
    1148:	e2 f7       	brpl	.-8      	; 0x1142 <GPIO_setupPinDirection+0x1b8>
    114a:	80 95       	com	r24
    114c:	84 23       	and	r24, r20
    114e:	8c 93       	st	X, r24
			}
			break;
		}
	}
}
    1150:	0f 90       	pop	r0
    1152:	0f 90       	pop	r0
    1154:	0f 90       	pop	r0
    1156:	0f 90       	pop	r0
    1158:	0f 90       	pop	r0
    115a:	cf 91       	pop	r28
    115c:	df 91       	pop	r29
    115e:	08 95       	ret

00001160 <GPIO_writePin>:
 * Write the value Logic High or Logic Low on the required pin.
 * If the input port number or pin number are not correct, The function will not handle the request.
 * If the pin is input, this function will enable/disable the internal pull-up resistor.
 */
void GPIO_writePin(uint8 port_num, uint8 pin_num, uint8 value)
{
    1160:	df 93       	push	r29
    1162:	cf 93       	push	r28
    1164:	00 d0       	rcall	.+0      	; 0x1166 <GPIO_writePin+0x6>
    1166:	00 d0       	rcall	.+0      	; 0x1168 <GPIO_writePin+0x8>
    1168:	0f 92       	push	r0
    116a:	cd b7       	in	r28, 0x3d	; 61
    116c:	de b7       	in	r29, 0x3e	; 62
    116e:	89 83       	std	Y+1, r24	; 0x01
    1170:	6a 83       	std	Y+2, r22	; 0x02
    1172:	4b 83       	std	Y+3, r20	; 0x03
	/*
	 * Check if the input port number is greater than NUM_OF_PINS_PER_PORT value.
	 * Or if the input pin number is greater than NUM_OF_PINS_PER_PORT value.
	 * In this case the input is not valid port/pin number
	 */
	if((pin_num >= NUM_OF_PINS_PER_PORT) || (port_num >= NUM_OF_PORTS))
    1174:	8a 81       	ldd	r24, Y+2	; 0x02
    1176:	88 30       	cpi	r24, 0x08	; 8
    1178:	08 f0       	brcs	.+2      	; 0x117c <GPIO_writePin+0x1c>
    117a:	d5 c0       	rjmp	.+426    	; 0x1326 <GPIO_writePin+0x1c6>
    117c:	89 81       	ldd	r24, Y+1	; 0x01
    117e:	84 30       	cpi	r24, 0x04	; 4
    1180:	08 f0       	brcs	.+2      	; 0x1184 <GPIO_writePin+0x24>
    1182:	d1 c0       	rjmp	.+418    	; 0x1326 <GPIO_writePin+0x1c6>
		/* Do Nothing */
	}
	else
	{
		/* Write the pin value as required */
		switch(port_num)
    1184:	89 81       	ldd	r24, Y+1	; 0x01
    1186:	28 2f       	mov	r18, r24
    1188:	30 e0       	ldi	r19, 0x00	; 0
    118a:	3d 83       	std	Y+5, r19	; 0x05
    118c:	2c 83       	std	Y+4, r18	; 0x04
    118e:	8c 81       	ldd	r24, Y+4	; 0x04
    1190:	9d 81       	ldd	r25, Y+5	; 0x05
    1192:	81 30       	cpi	r24, 0x01	; 1
    1194:	91 05       	cpc	r25, r1
    1196:	09 f4       	brne	.+2      	; 0x119a <GPIO_writePin+0x3a>
    1198:	43 c0       	rjmp	.+134    	; 0x1220 <GPIO_writePin+0xc0>
    119a:	2c 81       	ldd	r18, Y+4	; 0x04
    119c:	3d 81       	ldd	r19, Y+5	; 0x05
    119e:	22 30       	cpi	r18, 0x02	; 2
    11a0:	31 05       	cpc	r19, r1
    11a2:	2c f4       	brge	.+10     	; 0x11ae <GPIO_writePin+0x4e>
    11a4:	8c 81       	ldd	r24, Y+4	; 0x04
    11a6:	9d 81       	ldd	r25, Y+5	; 0x05
    11a8:	00 97       	sbiw	r24, 0x00	; 0
    11aa:	71 f0       	breq	.+28     	; 0x11c8 <GPIO_writePin+0x68>
    11ac:	bc c0       	rjmp	.+376    	; 0x1326 <GPIO_writePin+0x1c6>
    11ae:	2c 81       	ldd	r18, Y+4	; 0x04
    11b0:	3d 81       	ldd	r19, Y+5	; 0x05
    11b2:	22 30       	cpi	r18, 0x02	; 2
    11b4:	31 05       	cpc	r19, r1
    11b6:	09 f4       	brne	.+2      	; 0x11ba <GPIO_writePin+0x5a>
    11b8:	5f c0       	rjmp	.+190    	; 0x1278 <GPIO_writePin+0x118>
    11ba:	8c 81       	ldd	r24, Y+4	; 0x04
    11bc:	9d 81       	ldd	r25, Y+5	; 0x05
    11be:	83 30       	cpi	r24, 0x03	; 3
    11c0:	91 05       	cpc	r25, r1
    11c2:	09 f4       	brne	.+2      	; 0x11c6 <GPIO_writePin+0x66>
    11c4:	85 c0       	rjmp	.+266    	; 0x12d0 <GPIO_writePin+0x170>
    11c6:	af c0       	rjmp	.+350    	; 0x1326 <GPIO_writePin+0x1c6>
		{
		case PORTA_ID:
			if(value == LOGIC_HIGH)
    11c8:	8b 81       	ldd	r24, Y+3	; 0x03
    11ca:	81 30       	cpi	r24, 0x01	; 1
    11cc:	a1 f4       	brne	.+40     	; 0x11f6 <GPIO_writePin+0x96>
			{
				SET_BIT(PORTA,pin_num);
    11ce:	ab e3       	ldi	r26, 0x3B	; 59
    11d0:	b0 e0       	ldi	r27, 0x00	; 0
    11d2:	eb e3       	ldi	r30, 0x3B	; 59
    11d4:	f0 e0       	ldi	r31, 0x00	; 0
    11d6:	80 81       	ld	r24, Z
    11d8:	48 2f       	mov	r20, r24
    11da:	8a 81       	ldd	r24, Y+2	; 0x02
    11dc:	28 2f       	mov	r18, r24
    11de:	30 e0       	ldi	r19, 0x00	; 0
    11e0:	81 e0       	ldi	r24, 0x01	; 1
    11e2:	90 e0       	ldi	r25, 0x00	; 0
    11e4:	02 2e       	mov	r0, r18
    11e6:	02 c0       	rjmp	.+4      	; 0x11ec <GPIO_writePin+0x8c>
    11e8:	88 0f       	add	r24, r24
    11ea:	99 1f       	adc	r25, r25
    11ec:	0a 94       	dec	r0
    11ee:	e2 f7       	brpl	.-8      	; 0x11e8 <GPIO_writePin+0x88>
    11f0:	84 2b       	or	r24, r20
    11f2:	8c 93       	st	X, r24
    11f4:	98 c0       	rjmp	.+304    	; 0x1326 <GPIO_writePin+0x1c6>
			}
			else
			{
				CLEAR_BIT(PORTA,pin_num);
    11f6:	ab e3       	ldi	r26, 0x3B	; 59
    11f8:	b0 e0       	ldi	r27, 0x00	; 0
    11fa:	eb e3       	ldi	r30, 0x3B	; 59
    11fc:	f0 e0       	ldi	r31, 0x00	; 0
    11fe:	80 81       	ld	r24, Z
    1200:	48 2f       	mov	r20, r24
    1202:	8a 81       	ldd	r24, Y+2	; 0x02
    1204:	28 2f       	mov	r18, r24
    1206:	30 e0       	ldi	r19, 0x00	; 0
    1208:	81 e0       	ldi	r24, 0x01	; 1
    120a:	90 e0       	ldi	r25, 0x00	; 0
    120c:	02 2e       	mov	r0, r18
    120e:	02 c0       	rjmp	.+4      	; 0x1214 <GPIO_writePin+0xb4>
    1210:	88 0f       	add	r24, r24
    1212:	99 1f       	adc	r25, r25
    1214:	0a 94       	dec	r0
    1216:	e2 f7       	brpl	.-8      	; 0x1210 <GPIO_writePin+0xb0>
    1218:	80 95       	com	r24
    121a:	84 23       	and	r24, r20
    121c:	8c 93       	st	X, r24
    121e:	83 c0       	rjmp	.+262    	; 0x1326 <GPIO_writePin+0x1c6>
			}
			break;
		case PORTB_ID:
			if(value == LOGIC_HIGH)
    1220:	8b 81       	ldd	r24, Y+3	; 0x03
    1222:	81 30       	cpi	r24, 0x01	; 1
    1224:	a1 f4       	brne	.+40     	; 0x124e <GPIO_writePin+0xee>
			{
				SET_BIT(PORTB,pin_num);
    1226:	a8 e3       	ldi	r26, 0x38	; 56
    1228:	b0 e0       	ldi	r27, 0x00	; 0
    122a:	e8 e3       	ldi	r30, 0x38	; 56
    122c:	f0 e0       	ldi	r31, 0x00	; 0
    122e:	80 81       	ld	r24, Z
    1230:	48 2f       	mov	r20, r24
    1232:	8a 81       	ldd	r24, Y+2	; 0x02
    1234:	28 2f       	mov	r18, r24
    1236:	30 e0       	ldi	r19, 0x00	; 0
    1238:	81 e0       	ldi	r24, 0x01	; 1
    123a:	90 e0       	ldi	r25, 0x00	; 0
    123c:	02 2e       	mov	r0, r18
    123e:	02 c0       	rjmp	.+4      	; 0x1244 <GPIO_writePin+0xe4>
    1240:	88 0f       	add	r24, r24
    1242:	99 1f       	adc	r25, r25
    1244:	0a 94       	dec	r0
    1246:	e2 f7       	brpl	.-8      	; 0x1240 <GPIO_writePin+0xe0>
    1248:	84 2b       	or	r24, r20
    124a:	8c 93       	st	X, r24
    124c:	6c c0       	rjmp	.+216    	; 0x1326 <GPIO_writePin+0x1c6>
			}
			else
			{
				CLEAR_BIT(PORTB,pin_num);
    124e:	a8 e3       	ldi	r26, 0x38	; 56
    1250:	b0 e0       	ldi	r27, 0x00	; 0
    1252:	e8 e3       	ldi	r30, 0x38	; 56
    1254:	f0 e0       	ldi	r31, 0x00	; 0
    1256:	80 81       	ld	r24, Z
    1258:	48 2f       	mov	r20, r24
    125a:	8a 81       	ldd	r24, Y+2	; 0x02
    125c:	28 2f       	mov	r18, r24
    125e:	30 e0       	ldi	r19, 0x00	; 0
    1260:	81 e0       	ldi	r24, 0x01	; 1
    1262:	90 e0       	ldi	r25, 0x00	; 0
    1264:	02 2e       	mov	r0, r18
    1266:	02 c0       	rjmp	.+4      	; 0x126c <GPIO_writePin+0x10c>
    1268:	88 0f       	add	r24, r24
    126a:	99 1f       	adc	r25, r25
    126c:	0a 94       	dec	r0
    126e:	e2 f7       	brpl	.-8      	; 0x1268 <GPIO_writePin+0x108>
    1270:	80 95       	com	r24
    1272:	84 23       	and	r24, r20
    1274:	8c 93       	st	X, r24
    1276:	57 c0       	rjmp	.+174    	; 0x1326 <GPIO_writePin+0x1c6>
			}
			break;
		case PORTC_ID:
			if(value == LOGIC_HIGH)
    1278:	8b 81       	ldd	r24, Y+3	; 0x03
    127a:	81 30       	cpi	r24, 0x01	; 1
    127c:	a1 f4       	brne	.+40     	; 0x12a6 <GPIO_writePin+0x146>
			{
				SET_BIT(PORTC,pin_num);
    127e:	a5 e3       	ldi	r26, 0x35	; 53
    1280:	b0 e0       	ldi	r27, 0x00	; 0
    1282:	e5 e3       	ldi	r30, 0x35	; 53
    1284:	f0 e0       	ldi	r31, 0x00	; 0
    1286:	80 81       	ld	r24, Z
    1288:	48 2f       	mov	r20, r24
    128a:	8a 81       	ldd	r24, Y+2	; 0x02
    128c:	28 2f       	mov	r18, r24
    128e:	30 e0       	ldi	r19, 0x00	; 0
    1290:	81 e0       	ldi	r24, 0x01	; 1
    1292:	90 e0       	ldi	r25, 0x00	; 0
    1294:	02 2e       	mov	r0, r18
    1296:	02 c0       	rjmp	.+4      	; 0x129c <GPIO_writePin+0x13c>
    1298:	88 0f       	add	r24, r24
    129a:	99 1f       	adc	r25, r25
    129c:	0a 94       	dec	r0
    129e:	e2 f7       	brpl	.-8      	; 0x1298 <GPIO_writePin+0x138>
    12a0:	84 2b       	or	r24, r20
    12a2:	8c 93       	st	X, r24
    12a4:	40 c0       	rjmp	.+128    	; 0x1326 <GPIO_writePin+0x1c6>
			}
			else
			{
				CLEAR_BIT(PORTC,pin_num);
    12a6:	a5 e3       	ldi	r26, 0x35	; 53
    12a8:	b0 e0       	ldi	r27, 0x00	; 0
    12aa:	e5 e3       	ldi	r30, 0x35	; 53
    12ac:	f0 e0       	ldi	r31, 0x00	; 0
    12ae:	80 81       	ld	r24, Z
    12b0:	48 2f       	mov	r20, r24
    12b2:	8a 81       	ldd	r24, Y+2	; 0x02
    12b4:	28 2f       	mov	r18, r24
    12b6:	30 e0       	ldi	r19, 0x00	; 0
    12b8:	81 e0       	ldi	r24, 0x01	; 1
    12ba:	90 e0       	ldi	r25, 0x00	; 0
    12bc:	02 2e       	mov	r0, r18
    12be:	02 c0       	rjmp	.+4      	; 0x12c4 <GPIO_writePin+0x164>
    12c0:	88 0f       	add	r24, r24
    12c2:	99 1f       	adc	r25, r25
    12c4:	0a 94       	dec	r0
    12c6:	e2 f7       	brpl	.-8      	; 0x12c0 <GPIO_writePin+0x160>
    12c8:	80 95       	com	r24
    12ca:	84 23       	and	r24, r20
    12cc:	8c 93       	st	X, r24
    12ce:	2b c0       	rjmp	.+86     	; 0x1326 <GPIO_writePin+0x1c6>
			}
			break;
		case PORTD_ID:
			if(value == LOGIC_HIGH)
    12d0:	8b 81       	ldd	r24, Y+3	; 0x03
    12d2:	81 30       	cpi	r24, 0x01	; 1
    12d4:	a1 f4       	brne	.+40     	; 0x12fe <GPIO_writePin+0x19e>
			{
				SET_BIT(PORTD,pin_num);
    12d6:	a2 e3       	ldi	r26, 0x32	; 50
    12d8:	b0 e0       	ldi	r27, 0x00	; 0
    12da:	e2 e3       	ldi	r30, 0x32	; 50
    12dc:	f0 e0       	ldi	r31, 0x00	; 0
    12de:	80 81       	ld	r24, Z
    12e0:	48 2f       	mov	r20, r24
    12e2:	8a 81       	ldd	r24, Y+2	; 0x02
    12e4:	28 2f       	mov	r18, r24
    12e6:	30 e0       	ldi	r19, 0x00	; 0
    12e8:	81 e0       	ldi	r24, 0x01	; 1
    12ea:	90 e0       	ldi	r25, 0x00	; 0
    12ec:	02 2e       	mov	r0, r18
    12ee:	02 c0       	rjmp	.+4      	; 0x12f4 <GPIO_writePin+0x194>
    12f0:	88 0f       	add	r24, r24
    12f2:	99 1f       	adc	r25, r25
    12f4:	0a 94       	dec	r0
    12f6:	e2 f7       	brpl	.-8      	; 0x12f0 <GPIO_writePin+0x190>
    12f8:	84 2b       	or	r24, r20
    12fa:	8c 93       	st	X, r24
    12fc:	14 c0       	rjmp	.+40     	; 0x1326 <GPIO_writePin+0x1c6>
			}
			else
			{
				CLEAR_BIT(PORTD,pin_num);
    12fe:	a2 e3       	ldi	r26, 0x32	; 50
    1300:	b0 e0       	ldi	r27, 0x00	; 0
    1302:	e2 e3       	ldi	r30, 0x32	; 50
    1304:	f0 e0       	ldi	r31, 0x00	; 0
    1306:	80 81       	ld	r24, Z
    1308:	48 2f       	mov	r20, r24
    130a:	8a 81       	ldd	r24, Y+2	; 0x02
    130c:	28 2f       	mov	r18, r24
    130e:	30 e0       	ldi	r19, 0x00	; 0
    1310:	81 e0       	ldi	r24, 0x01	; 1
    1312:	90 e0       	ldi	r25, 0x00	; 0
    1314:	02 2e       	mov	r0, r18
    1316:	02 c0       	rjmp	.+4      	; 0x131c <GPIO_writePin+0x1bc>
    1318:	88 0f       	add	r24, r24
    131a:	99 1f       	adc	r25, r25
    131c:	0a 94       	dec	r0
    131e:	e2 f7       	brpl	.-8      	; 0x1318 <GPIO_writePin+0x1b8>
    1320:	80 95       	com	r24
    1322:	84 23       	and	r24, r20
    1324:	8c 93       	st	X, r24
			}
			break;
		}
	}
}
    1326:	0f 90       	pop	r0
    1328:	0f 90       	pop	r0
    132a:	0f 90       	pop	r0
    132c:	0f 90       	pop	r0
    132e:	0f 90       	pop	r0
    1330:	cf 91       	pop	r28
    1332:	df 91       	pop	r29
    1334:	08 95       	ret

00001336 <GPIO_readPin>:
 * Description :
 * Read and return the value for the required pin, it should be Logic High or Logic Low.
 * If the input port number or pin number are not correct, The function will return Logic Low.
 */
uint8 GPIO_readPin(uint8 port_num, uint8 pin_num)
{
    1336:	df 93       	push	r29
    1338:	cf 93       	push	r28
    133a:	00 d0       	rcall	.+0      	; 0x133c <GPIO_readPin+0x6>
    133c:	00 d0       	rcall	.+0      	; 0x133e <GPIO_readPin+0x8>
    133e:	0f 92       	push	r0
    1340:	cd b7       	in	r28, 0x3d	; 61
    1342:	de b7       	in	r29, 0x3e	; 62
    1344:	8a 83       	std	Y+2, r24	; 0x02
    1346:	6b 83       	std	Y+3, r22	; 0x03
	uint8 pin_value = LOGIC_LOW;
    1348:	19 82       	std	Y+1, r1	; 0x01
	/*
	 * Check if the input port number is greater than NUM_OF_PINS_PER_PORT value.
	 * Or if the input pin number is greater than NUM_OF_PINS_PER_PORT value.
	 * In this case the input is not valid port/pin number
	 */
	if((pin_num >= NUM_OF_PINS_PER_PORT) || (port_num >= NUM_OF_PORTS))
    134a:	8b 81       	ldd	r24, Y+3	; 0x03
    134c:	88 30       	cpi	r24, 0x08	; 8
    134e:	08 f0       	brcs	.+2      	; 0x1352 <GPIO_readPin+0x1c>
    1350:	84 c0       	rjmp	.+264    	; 0x145a <GPIO_readPin+0x124>
    1352:	8a 81       	ldd	r24, Y+2	; 0x02
    1354:	84 30       	cpi	r24, 0x04	; 4
    1356:	08 f0       	brcs	.+2      	; 0x135a <GPIO_readPin+0x24>
    1358:	80 c0       	rjmp	.+256    	; 0x145a <GPIO_readPin+0x124>
		/* Do Nothing */
	}
	else
	{
		/* Read the pin value as required */
		switch(port_num)
    135a:	8a 81       	ldd	r24, Y+2	; 0x02
    135c:	28 2f       	mov	r18, r24
    135e:	30 e0       	ldi	r19, 0x00	; 0
    1360:	3d 83       	std	Y+5, r19	; 0x05
    1362:	2c 83       	std	Y+4, r18	; 0x04
    1364:	4c 81       	ldd	r20, Y+4	; 0x04
    1366:	5d 81       	ldd	r21, Y+5	; 0x05
    1368:	41 30       	cpi	r20, 0x01	; 1
    136a:	51 05       	cpc	r21, r1
    136c:	79 f1       	breq	.+94     	; 0x13cc <GPIO_readPin+0x96>
    136e:	8c 81       	ldd	r24, Y+4	; 0x04
    1370:	9d 81       	ldd	r25, Y+5	; 0x05
    1372:	82 30       	cpi	r24, 0x02	; 2
    1374:	91 05       	cpc	r25, r1
    1376:	34 f4       	brge	.+12     	; 0x1384 <GPIO_readPin+0x4e>
    1378:	2c 81       	ldd	r18, Y+4	; 0x04
    137a:	3d 81       	ldd	r19, Y+5	; 0x05
    137c:	21 15       	cp	r18, r1
    137e:	31 05       	cpc	r19, r1
    1380:	69 f0       	breq	.+26     	; 0x139c <GPIO_readPin+0x66>
    1382:	6b c0       	rjmp	.+214    	; 0x145a <GPIO_readPin+0x124>
    1384:	4c 81       	ldd	r20, Y+4	; 0x04
    1386:	5d 81       	ldd	r21, Y+5	; 0x05
    1388:	42 30       	cpi	r20, 0x02	; 2
    138a:	51 05       	cpc	r21, r1
    138c:	b9 f1       	breq	.+110    	; 0x13fc <GPIO_readPin+0xc6>
    138e:	8c 81       	ldd	r24, Y+4	; 0x04
    1390:	9d 81       	ldd	r25, Y+5	; 0x05
    1392:	83 30       	cpi	r24, 0x03	; 3
    1394:	91 05       	cpc	r25, r1
    1396:	09 f4       	brne	.+2      	; 0x139a <GPIO_readPin+0x64>
    1398:	49 c0       	rjmp	.+146    	; 0x142c <GPIO_readPin+0xf6>
    139a:	5f c0       	rjmp	.+190    	; 0x145a <GPIO_readPin+0x124>
		{
		case PORTA_ID:
			if(BIT_IS_SET(PINA,pin_num))
    139c:	e9 e3       	ldi	r30, 0x39	; 57
    139e:	f0 e0       	ldi	r31, 0x00	; 0
    13a0:	80 81       	ld	r24, Z
    13a2:	28 2f       	mov	r18, r24
    13a4:	30 e0       	ldi	r19, 0x00	; 0
    13a6:	8b 81       	ldd	r24, Y+3	; 0x03
    13a8:	88 2f       	mov	r24, r24
    13aa:	90 e0       	ldi	r25, 0x00	; 0
    13ac:	a9 01       	movw	r20, r18
    13ae:	02 c0       	rjmp	.+4      	; 0x13b4 <GPIO_readPin+0x7e>
    13b0:	55 95       	asr	r21
    13b2:	47 95       	ror	r20
    13b4:	8a 95       	dec	r24
    13b6:	e2 f7       	brpl	.-8      	; 0x13b0 <GPIO_readPin+0x7a>
    13b8:	ca 01       	movw	r24, r20
    13ba:	81 70       	andi	r24, 0x01	; 1
    13bc:	90 70       	andi	r25, 0x00	; 0
    13be:	88 23       	and	r24, r24
    13c0:	19 f0       	breq	.+6      	; 0x13c8 <GPIO_readPin+0x92>
			{
				pin_value = LOGIC_HIGH;
    13c2:	81 e0       	ldi	r24, 0x01	; 1
    13c4:	89 83       	std	Y+1, r24	; 0x01
    13c6:	49 c0       	rjmp	.+146    	; 0x145a <GPIO_readPin+0x124>
			}
			else
			{
				pin_value = LOGIC_LOW;
    13c8:	19 82       	std	Y+1, r1	; 0x01
    13ca:	47 c0       	rjmp	.+142    	; 0x145a <GPIO_readPin+0x124>
			}
			break;
		case PORTB_ID:
			if(BIT_IS_SET(PINB,pin_num))
    13cc:	e6 e3       	ldi	r30, 0x36	; 54
    13ce:	f0 e0       	ldi	r31, 0x00	; 0
    13d0:	80 81       	ld	r24, Z
    13d2:	28 2f       	mov	r18, r24
    13d4:	30 e0       	ldi	r19, 0x00	; 0
    13d6:	8b 81       	ldd	r24, Y+3	; 0x03
    13d8:	88 2f       	mov	r24, r24
    13da:	90 e0       	ldi	r25, 0x00	; 0
    13dc:	a9 01       	movw	r20, r18
    13de:	02 c0       	rjmp	.+4      	; 0x13e4 <GPIO_readPin+0xae>
    13e0:	55 95       	asr	r21
    13e2:	47 95       	ror	r20
    13e4:	8a 95       	dec	r24
    13e6:	e2 f7       	brpl	.-8      	; 0x13e0 <GPIO_readPin+0xaa>
    13e8:	ca 01       	movw	r24, r20
    13ea:	81 70       	andi	r24, 0x01	; 1
    13ec:	90 70       	andi	r25, 0x00	; 0
    13ee:	88 23       	and	r24, r24
    13f0:	19 f0       	breq	.+6      	; 0x13f8 <GPIO_readPin+0xc2>
			{
				pin_value = LOGIC_HIGH;
    13f2:	81 e0       	ldi	r24, 0x01	; 1
    13f4:	89 83       	std	Y+1, r24	; 0x01
    13f6:	31 c0       	rjmp	.+98     	; 0x145a <GPIO_readPin+0x124>
			}
			else
			{
				pin_value = LOGIC_LOW;
    13f8:	19 82       	std	Y+1, r1	; 0x01
    13fa:	2f c0       	rjmp	.+94     	; 0x145a <GPIO_readPin+0x124>
			}
			break;
		case PORTC_ID:
			if(BIT_IS_SET(PINC,pin_num))
    13fc:	e3 e3       	ldi	r30, 0x33	; 51
    13fe:	f0 e0       	ldi	r31, 0x00	; 0
    1400:	80 81       	ld	r24, Z
    1402:	28 2f       	mov	r18, r24
    1404:	30 e0       	ldi	r19, 0x00	; 0
    1406:	8b 81       	ldd	r24, Y+3	; 0x03
    1408:	88 2f       	mov	r24, r24
    140a:	90 e0       	ldi	r25, 0x00	; 0
    140c:	a9 01       	movw	r20, r18
    140e:	02 c0       	rjmp	.+4      	; 0x1414 <GPIO_readPin+0xde>
    1410:	55 95       	asr	r21
    1412:	47 95       	ror	r20
    1414:	8a 95       	dec	r24
    1416:	e2 f7       	brpl	.-8      	; 0x1410 <GPIO_readPin+0xda>
    1418:	ca 01       	movw	r24, r20
    141a:	81 70       	andi	r24, 0x01	; 1
    141c:	90 70       	andi	r25, 0x00	; 0
    141e:	88 23       	and	r24, r24
    1420:	19 f0       	breq	.+6      	; 0x1428 <GPIO_readPin+0xf2>
			{
				pin_value = LOGIC_HIGH;
    1422:	81 e0       	ldi	r24, 0x01	; 1
    1424:	89 83       	std	Y+1, r24	; 0x01
    1426:	19 c0       	rjmp	.+50     	; 0x145a <GPIO_readPin+0x124>
			}
			else
			{
				pin_value = LOGIC_LOW;
    1428:	19 82       	std	Y+1, r1	; 0x01
    142a:	17 c0       	rjmp	.+46     	; 0x145a <GPIO_readPin+0x124>
			}
			break;
		case PORTD_ID:
			if(BIT_IS_SET(PIND,pin_num))
    142c:	e0 e3       	ldi	r30, 0x30	; 48
    142e:	f0 e0       	ldi	r31, 0x00	; 0
    1430:	80 81       	ld	r24, Z
    1432:	28 2f       	mov	r18, r24
    1434:	30 e0       	ldi	r19, 0x00	; 0
    1436:	8b 81       	ldd	r24, Y+3	; 0x03
    1438:	88 2f       	mov	r24, r24
    143a:	90 e0       	ldi	r25, 0x00	; 0
    143c:	a9 01       	movw	r20, r18
    143e:	02 c0       	rjmp	.+4      	; 0x1444 <GPIO_readPin+0x10e>
    1440:	55 95       	asr	r21
    1442:	47 95       	ror	r20
    1444:	8a 95       	dec	r24
    1446:	e2 f7       	brpl	.-8      	; 0x1440 <GPIO_readPin+0x10a>
    1448:	ca 01       	movw	r24, r20
    144a:	81 70       	andi	r24, 0x01	; 1
    144c:	90 70       	andi	r25, 0x00	; 0
    144e:	88 23       	and	r24, r24
    1450:	19 f0       	breq	.+6      	; 0x1458 <GPIO_readPin+0x122>
			{
				pin_value = LOGIC_HIGH;
    1452:	81 e0       	ldi	r24, 0x01	; 1
    1454:	89 83       	std	Y+1, r24	; 0x01
    1456:	01 c0       	rjmp	.+2      	; 0x145a <GPIO_readPin+0x124>
			}
			else
			{
				pin_value = LOGIC_LOW;
    1458:	19 82       	std	Y+1, r1	; 0x01
			}
			break;
		}
	}

	return pin_value;
    145a:	89 81       	ldd	r24, Y+1	; 0x01
}
    145c:	0f 90       	pop	r0
    145e:	0f 90       	pop	r0
    1460:	0f 90       	pop	r0
    1462:	0f 90       	pop	r0
    1464:	0f 90       	pop	r0
    1466:	cf 91       	pop	r28
    1468:	df 91       	pop	r29
    146a:	08 95       	ret

0000146c <GPIO_setupPortDirection>:
 * If the direction value is PORT_INPUT all pins in this port should be input pins.
 * If the direction value is PORT_OUTPUT all pins in this port should be output pins.
 * If the input port number is not correct, The function will not handle the request.
 */
void GPIO_setupPortDirection(uint8 port_num, GPIO_PortDirectionType direction)
{
    146c:	df 93       	push	r29
    146e:	cf 93       	push	r28
    1470:	00 d0       	rcall	.+0      	; 0x1472 <GPIO_setupPortDirection+0x6>
    1472:	00 d0       	rcall	.+0      	; 0x1474 <GPIO_setupPortDirection+0x8>
    1474:	cd b7       	in	r28, 0x3d	; 61
    1476:	de b7       	in	r29, 0x3e	; 62
    1478:	89 83       	std	Y+1, r24	; 0x01
    147a:	6a 83       	std	Y+2, r22	; 0x02
	/*
	 * Check if the input number is greater than NUM_OF_PORTS value.
	 * In this case the input is not valid port number
	 */
	if(port_num >= NUM_OF_PORTS)
    147c:	89 81       	ldd	r24, Y+1	; 0x01
    147e:	84 30       	cpi	r24, 0x04	; 4
    1480:	90 f5       	brcc	.+100    	; 0x14e6 <GPIO_setupPortDirection+0x7a>
		/* Do Nothing */
	}
	else
	{
		/* Setup the port direction as required */
		switch(port_num)
    1482:	89 81       	ldd	r24, Y+1	; 0x01
    1484:	28 2f       	mov	r18, r24
    1486:	30 e0       	ldi	r19, 0x00	; 0
    1488:	3c 83       	std	Y+4, r19	; 0x04
    148a:	2b 83       	std	Y+3, r18	; 0x03
    148c:	8b 81       	ldd	r24, Y+3	; 0x03
    148e:	9c 81       	ldd	r25, Y+4	; 0x04
    1490:	81 30       	cpi	r24, 0x01	; 1
    1492:	91 05       	cpc	r25, r1
    1494:	d1 f0       	breq	.+52     	; 0x14ca <GPIO_setupPortDirection+0x5e>
    1496:	2b 81       	ldd	r18, Y+3	; 0x03
    1498:	3c 81       	ldd	r19, Y+4	; 0x04
    149a:	22 30       	cpi	r18, 0x02	; 2
    149c:	31 05       	cpc	r19, r1
    149e:	2c f4       	brge	.+10     	; 0x14aa <GPIO_setupPortDirection+0x3e>
    14a0:	8b 81       	ldd	r24, Y+3	; 0x03
    14a2:	9c 81       	ldd	r25, Y+4	; 0x04
    14a4:	00 97       	sbiw	r24, 0x00	; 0
    14a6:	61 f0       	breq	.+24     	; 0x14c0 <GPIO_setupPortDirection+0x54>
    14a8:	1e c0       	rjmp	.+60     	; 0x14e6 <GPIO_setupPortDirection+0x7a>
    14aa:	2b 81       	ldd	r18, Y+3	; 0x03
    14ac:	3c 81       	ldd	r19, Y+4	; 0x04
    14ae:	22 30       	cpi	r18, 0x02	; 2
    14b0:	31 05       	cpc	r19, r1
    14b2:	81 f0       	breq	.+32     	; 0x14d4 <GPIO_setupPortDirection+0x68>
    14b4:	8b 81       	ldd	r24, Y+3	; 0x03
    14b6:	9c 81       	ldd	r25, Y+4	; 0x04
    14b8:	83 30       	cpi	r24, 0x03	; 3
    14ba:	91 05       	cpc	r25, r1
    14bc:	81 f0       	breq	.+32     	; 0x14de <GPIO_setupPortDirection+0x72>
    14be:	13 c0       	rjmp	.+38     	; 0x14e6 <GPIO_setupPortDirection+0x7a>
		{
		case PORTA_ID:
			DDRA = direction;
    14c0:	ea e3       	ldi	r30, 0x3A	; 58
    14c2:	f0 e0       	ldi	r31, 0x00	; 0
    14c4:	8a 81       	ldd	r24, Y+2	; 0x02
    14c6:	80 83       	st	Z, r24
    14c8:	0e c0       	rjmp	.+28     	; 0x14e6 <GPIO_setupPortDirection+0x7a>
			break;
		case PORTB_ID:
			DDRB = direction;
    14ca:	e7 e3       	ldi	r30, 0x37	; 55
    14cc:	f0 e0       	ldi	r31, 0x00	; 0
    14ce:	8a 81       	ldd	r24, Y+2	; 0x02
    14d0:	80 83       	st	Z, r24
    14d2:	09 c0       	rjmp	.+18     	; 0x14e6 <GPIO_setupPortDirection+0x7a>
			break;
		case PORTC_ID:
			DDRC = direction;
    14d4:	e4 e3       	ldi	r30, 0x34	; 52
    14d6:	f0 e0       	ldi	r31, 0x00	; 0
    14d8:	8a 81       	ldd	r24, Y+2	; 0x02
    14da:	80 83       	st	Z, r24
    14dc:	04 c0       	rjmp	.+8      	; 0x14e6 <GPIO_setupPortDirection+0x7a>
			break;
		case PORTD_ID:
			DDRD = direction;
    14de:	e1 e3       	ldi	r30, 0x31	; 49
    14e0:	f0 e0       	ldi	r31, 0x00	; 0
    14e2:	8a 81       	ldd	r24, Y+2	; 0x02
    14e4:	80 83       	st	Z, r24
			break;
		}
	}
}
    14e6:	0f 90       	pop	r0
    14e8:	0f 90       	pop	r0
    14ea:	0f 90       	pop	r0
    14ec:	0f 90       	pop	r0
    14ee:	cf 91       	pop	r28
    14f0:	df 91       	pop	r29
    14f2:	08 95       	ret

000014f4 <GPIO_writePort>:
 * If any pin in the port is output pin the value will be written.
 * If any pin in the port is input pin this will activate/deactivate the internal pull-up resistor.
 * If the input port number is not correct, The function will not handle the request.
 */
void GPIO_writePort(uint8 port_num, uint8 value)
{
    14f4:	df 93       	push	r29
    14f6:	cf 93       	push	r28
    14f8:	00 d0       	rcall	.+0      	; 0x14fa <GPIO_writePort+0x6>
    14fa:	00 d0       	rcall	.+0      	; 0x14fc <GPIO_writePort+0x8>
    14fc:	cd b7       	in	r28, 0x3d	; 61
    14fe:	de b7       	in	r29, 0x3e	; 62
    1500:	89 83       	std	Y+1, r24	; 0x01
    1502:	6a 83       	std	Y+2, r22	; 0x02
	/*
	 * Check if the input number is greater than NUM_OF_PORTS value.
	 * In this case the input is not valid port number
	 */
	if(port_num >= NUM_OF_PORTS)
    1504:	89 81       	ldd	r24, Y+1	; 0x01
    1506:	84 30       	cpi	r24, 0x04	; 4
    1508:	90 f5       	brcc	.+100    	; 0x156e <GPIO_writePort+0x7a>
		/* Do Nothing */
	}
	else
	{
		/* Write the port value as required */
		switch(port_num)
    150a:	89 81       	ldd	r24, Y+1	; 0x01
    150c:	28 2f       	mov	r18, r24
    150e:	30 e0       	ldi	r19, 0x00	; 0
    1510:	3c 83       	std	Y+4, r19	; 0x04
    1512:	2b 83       	std	Y+3, r18	; 0x03
    1514:	8b 81       	ldd	r24, Y+3	; 0x03
    1516:	9c 81       	ldd	r25, Y+4	; 0x04
    1518:	81 30       	cpi	r24, 0x01	; 1
    151a:	91 05       	cpc	r25, r1
    151c:	d1 f0       	breq	.+52     	; 0x1552 <GPIO_writePort+0x5e>
    151e:	2b 81       	ldd	r18, Y+3	; 0x03
    1520:	3c 81       	ldd	r19, Y+4	; 0x04
    1522:	22 30       	cpi	r18, 0x02	; 2
    1524:	31 05       	cpc	r19, r1
    1526:	2c f4       	brge	.+10     	; 0x1532 <GPIO_writePort+0x3e>
    1528:	8b 81       	ldd	r24, Y+3	; 0x03
    152a:	9c 81       	ldd	r25, Y+4	; 0x04
    152c:	00 97       	sbiw	r24, 0x00	; 0
    152e:	61 f0       	breq	.+24     	; 0x1548 <GPIO_writePort+0x54>
    1530:	1e c0       	rjmp	.+60     	; 0x156e <GPIO_writePort+0x7a>
    1532:	2b 81       	ldd	r18, Y+3	; 0x03
    1534:	3c 81       	ldd	r19, Y+4	; 0x04
    1536:	22 30       	cpi	r18, 0x02	; 2
    1538:	31 05       	cpc	r19, r1
    153a:	81 f0       	breq	.+32     	; 0x155c <GPIO_writePort+0x68>
    153c:	8b 81       	ldd	r24, Y+3	; 0x03
    153e:	9c 81       	ldd	r25, Y+4	; 0x04
    1540:	83 30       	cpi	r24, 0x03	; 3
    1542:	91 05       	cpc	r25, r1
    1544:	81 f0       	breq	.+32     	; 0x1566 <GPIO_writePort+0x72>
    1546:	13 c0       	rjmp	.+38     	; 0x156e <GPIO_writePort+0x7a>
		{
		case PORTA_ID:
			PORTA = value;
    1548:	eb e3       	ldi	r30, 0x3B	; 59
    154a:	f0 e0       	ldi	r31, 0x00	; 0
    154c:	8a 81       	ldd	r24, Y+2	; 0x02
    154e:	80 83       	st	Z, r24
    1550:	0e c0       	rjmp	.+28     	; 0x156e <GPIO_writePort+0x7a>
			break;
		case PORTB_ID:
			PORTB = value;
    1552:	e8 e3       	ldi	r30, 0x38	; 56
    1554:	f0 e0       	ldi	r31, 0x00	; 0
    1556:	8a 81       	ldd	r24, Y+2	; 0x02
    1558:	80 83       	st	Z, r24
    155a:	09 c0       	rjmp	.+18     	; 0x156e <GPIO_writePort+0x7a>
			break;
		case PORTC_ID:
			PORTC = value;
    155c:	e5 e3       	ldi	r30, 0x35	; 53
    155e:	f0 e0       	ldi	r31, 0x00	; 0
    1560:	8a 81       	ldd	r24, Y+2	; 0x02
    1562:	80 83       	st	Z, r24
    1564:	04 c0       	rjmp	.+8      	; 0x156e <GPIO_writePort+0x7a>
			break;
		case PORTD_ID:
			PORTD = value;
    1566:	e2 e3       	ldi	r30, 0x32	; 50
    1568:	f0 e0       	ldi	r31, 0x00	; 0
    156a:	8a 81       	ldd	r24, Y+2	; 0x02
    156c:	80 83       	st	Z, r24
			break;
		}
	}
}
    156e:	0f 90       	pop	r0
    1570:	0f 90       	pop	r0
    1572:	0f 90       	pop	r0
    1574:	0f 90       	pop	r0
    1576:	cf 91       	pop	r28
    1578:	df 91       	pop	r29
    157a:	08 95       	ret

0000157c <GPIO_readPort>:
 * Description :
 * Read and return the value of the required port.
 * If the input port number is not correct, The function will return ZERO value.
 */
uint8 GPIO_readPort(uint8 port_num)
{
    157c:	df 93       	push	r29
    157e:	cf 93       	push	r28
    1580:	00 d0       	rcall	.+0      	; 0x1582 <GPIO_readPort+0x6>
    1582:	00 d0       	rcall	.+0      	; 0x1584 <GPIO_readPort+0x8>
    1584:	cd b7       	in	r28, 0x3d	; 61
    1586:	de b7       	in	r29, 0x3e	; 62
    1588:	8a 83       	std	Y+2, r24	; 0x02
	uint8 value = LOGIC_LOW;
    158a:	19 82       	std	Y+1, r1	; 0x01

	/*
	 * Check if the input number is greater than NUM_OF_PORTS value.
	 * In this case the input is not valid port number
	 */
	if(port_num >= NUM_OF_PORTS)
    158c:	8a 81       	ldd	r24, Y+2	; 0x02
    158e:	84 30       	cpi	r24, 0x04	; 4
    1590:	90 f5       	brcc	.+100    	; 0x15f6 <GPIO_readPort+0x7a>
		/* Do Nothing */
	}
	else
	{
		/* Read the port value as required */
		switch(port_num)
    1592:	8a 81       	ldd	r24, Y+2	; 0x02
    1594:	28 2f       	mov	r18, r24
    1596:	30 e0       	ldi	r19, 0x00	; 0
    1598:	3c 83       	std	Y+4, r19	; 0x04
    159a:	2b 83       	std	Y+3, r18	; 0x03
    159c:	8b 81       	ldd	r24, Y+3	; 0x03
    159e:	9c 81       	ldd	r25, Y+4	; 0x04
    15a0:	81 30       	cpi	r24, 0x01	; 1
    15a2:	91 05       	cpc	r25, r1
    15a4:	d1 f0       	breq	.+52     	; 0x15da <GPIO_readPort+0x5e>
    15a6:	2b 81       	ldd	r18, Y+3	; 0x03
    15a8:	3c 81       	ldd	r19, Y+4	; 0x04
    15aa:	22 30       	cpi	r18, 0x02	; 2
    15ac:	31 05       	cpc	r19, r1
    15ae:	2c f4       	brge	.+10     	; 0x15ba <GPIO_readPort+0x3e>
    15b0:	8b 81       	ldd	r24, Y+3	; 0x03
    15b2:	9c 81       	ldd	r25, Y+4	; 0x04
    15b4:	00 97       	sbiw	r24, 0x00	; 0
    15b6:	61 f0       	breq	.+24     	; 0x15d0 <GPIO_readPort+0x54>
    15b8:	1e c0       	rjmp	.+60     	; 0x15f6 <GPIO_readPort+0x7a>
    15ba:	2b 81       	ldd	r18, Y+3	; 0x03
    15bc:	3c 81       	ldd	r19, Y+4	; 0x04
    15be:	22 30       	cpi	r18, 0x02	; 2
    15c0:	31 05       	cpc	r19, r1
    15c2:	81 f0       	breq	.+32     	; 0x15e4 <GPIO_readPort+0x68>
    15c4:	8b 81       	ldd	r24, Y+3	; 0x03
    15c6:	9c 81       	ldd	r25, Y+4	; 0x04
    15c8:	83 30       	cpi	r24, 0x03	; 3
    15ca:	91 05       	cpc	r25, r1
    15cc:	81 f0       	breq	.+32     	; 0x15ee <GPIO_readPort+0x72>
    15ce:	13 c0       	rjmp	.+38     	; 0x15f6 <GPIO_readPort+0x7a>
		{
		case PORTA_ID:
			value = PINA;
    15d0:	e9 e3       	ldi	r30, 0x39	; 57
    15d2:	f0 e0       	ldi	r31, 0x00	; 0
    15d4:	80 81       	ld	r24, Z
    15d6:	89 83       	std	Y+1, r24	; 0x01
    15d8:	0e c0       	rjmp	.+28     	; 0x15f6 <GPIO_readPort+0x7a>
			break;
		case PORTB_ID:
			value = PINB;
    15da:	e6 e3       	ldi	r30, 0x36	; 54
    15dc:	f0 e0       	ldi	r31, 0x00	; 0
    15de:	80 81       	ld	r24, Z
    15e0:	89 83       	std	Y+1, r24	; 0x01
    15e2:	09 c0       	rjmp	.+18     	; 0x15f6 <GPIO_readPort+0x7a>
			break;
		case PORTC_ID:
			value = PINC;
    15e4:	e3 e3       	ldi	r30, 0x33	; 51
    15e6:	f0 e0       	ldi	r31, 0x00	; 0
    15e8:	80 81       	ld	r24, Z
    15ea:	89 83       	std	Y+1, r24	; 0x01
    15ec:	04 c0       	rjmp	.+8      	; 0x15f6 <GPIO_readPort+0x7a>
			break;
		case PORTD_ID:
			value = PIND;
    15ee:	e0 e3       	ldi	r30, 0x30	; 48
    15f0:	f0 e0       	ldi	r31, 0x00	; 0
    15f2:	80 81       	ld	r24, Z
    15f4:	89 83       	std	Y+1, r24	; 0x01
			break;
		}
	}

	return value;
    15f6:	89 81       	ldd	r24, Y+1	; 0x01
}
    15f8:	0f 90       	pop	r0
    15fa:	0f 90       	pop	r0
    15fc:	0f 90       	pop	r0
    15fe:	0f 90       	pop	r0
    1600:	cf 91       	pop	r28
    1602:	df 91       	pop	r29
    1604:	08 95       	ret

00001606 <KEYPAD_getPressedKey>:
/*******************************************************************************
 *                      Functions Definitions                                  *
 *******************************************************************************/

uint8 KEYPAD_getPressedKey(void)
{
    1606:	df 93       	push	r29
    1608:	cf 93       	push	r28
    160a:	cd b7       	in	r28, 0x3d	; 61
    160c:	de b7       	in	r29, 0x3e	; 62
    160e:	60 97       	sbiw	r28, 0x10	; 16
    1610:	0f b6       	in	r0, 0x3f	; 63
    1612:	f8 94       	cli
    1614:	de bf       	out	0x3e, r29	; 62
    1616:	0f be       	out	0x3f, r0	; 63
    1618:	cd bf       	out	0x3d, r28	; 61
	uint8 col,row;
	GPIO_setupPinDirection(KEYPAD_ROW_PORT_ID, KEYPAD_FIRST_ROW_PIN_ID, PIN_INPUT);
    161a:	81 e0       	ldi	r24, 0x01	; 1
    161c:	64 e0       	ldi	r22, 0x04	; 4
    161e:	40 e0       	ldi	r20, 0x00	; 0
    1620:	0e 94 c5 07 	call	0xf8a	; 0xf8a <GPIO_setupPinDirection>
	GPIO_setupPinDirection(KEYPAD_ROW_PORT_ID, KEYPAD_FIRST_ROW_PIN_ID+1, PIN_INPUT);
    1624:	81 e0       	ldi	r24, 0x01	; 1
    1626:	65 e0       	ldi	r22, 0x05	; 5
    1628:	40 e0       	ldi	r20, 0x00	; 0
    162a:	0e 94 c5 07 	call	0xf8a	; 0xf8a <GPIO_setupPinDirection>
	GPIO_setupPinDirection(KEYPAD_ROW_PORT_ID, KEYPAD_FIRST_ROW_PIN_ID+2, PIN_INPUT);
    162e:	81 e0       	ldi	r24, 0x01	; 1
    1630:	66 e0       	ldi	r22, 0x06	; 6
    1632:	40 e0       	ldi	r20, 0x00	; 0
    1634:	0e 94 c5 07 	call	0xf8a	; 0xf8a <GPIO_setupPinDirection>
	GPIO_setupPinDirection(KEYPAD_ROW_PORT_ID, KEYPAD_FIRST_ROW_PIN_ID+3, PIN_INPUT);
    1638:	81 e0       	ldi	r24, 0x01	; 1
    163a:	67 e0       	ldi	r22, 0x07	; 7
    163c:	40 e0       	ldi	r20, 0x00	; 0
    163e:	0e 94 c5 07 	call	0xf8a	; 0xf8a <GPIO_setupPinDirection>

	GPIO_setupPinDirection(KEYPAD_COL_PORT_ID, KEYPAD_FIRST_COL_PIN_ID, PIN_INPUT);
    1642:	83 e0       	ldi	r24, 0x03	; 3
    1644:	62 e0       	ldi	r22, 0x02	; 2
    1646:	40 e0       	ldi	r20, 0x00	; 0
    1648:	0e 94 c5 07 	call	0xf8a	; 0xf8a <GPIO_setupPinDirection>
	GPIO_setupPinDirection(KEYPAD_COL_PORT_ID, KEYPAD_FIRST_COL_PIN_ID+1, PIN_INPUT);
    164c:	83 e0       	ldi	r24, 0x03	; 3
    164e:	63 e0       	ldi	r22, 0x03	; 3
    1650:	40 e0       	ldi	r20, 0x00	; 0
    1652:	0e 94 c5 07 	call	0xf8a	; 0xf8a <GPIO_setupPinDirection>
	GPIO_setupPinDirection(KEYPAD_COL_PORT_ID, KEYPAD_FIRST_COL_PIN_ID+2, PIN_INPUT);
    1656:	83 e0       	ldi	r24, 0x03	; 3
    1658:	64 e0       	ldi	r22, 0x04	; 4
    165a:	40 e0       	ldi	r20, 0x00	; 0
    165c:	0e 94 c5 07 	call	0xf8a	; 0xf8a <GPIO_setupPinDirection>
#if(KEYPAD_NUM_COLS == 4)
	GPIO_setupPinDirection(KEYPAD_COL_PORT_ID, KEYPAD_FIRST_COL_PIN_ID+3, PIN_INPUT);
    1660:	83 e0       	ldi	r24, 0x03	; 3
    1662:	65 e0       	ldi	r22, 0x05	; 5
    1664:	40 e0       	ldi	r20, 0x00	; 0
    1666:	0e 94 c5 07 	call	0xf8a	; 0xf8a <GPIO_setupPinDirection>
#endif
	while(1)
	{
		for(row=0 ; row<KEYPAD_NUM_ROWS ; row++) /* loop for rows */
    166a:	1f 86       	std	Y+15, r1	; 0x0f
    166c:	b4 c0       	rjmp	.+360    	; 0x17d6 <KEYPAD_getPressedKey+0x1d0>
		{
			/* 
			 * Each time setup the direction for all keypad port as input pins,
			 * except this row will be output pin
			 */
			GPIO_setupPinDirection(KEYPAD_ROW_PORT_ID,KEYPAD_FIRST_ROW_PIN_ID+row,PIN_OUTPUT);
    166e:	8f 85       	ldd	r24, Y+15	; 0x0f
    1670:	98 2f       	mov	r25, r24
    1672:	9c 5f       	subi	r25, 0xFC	; 252
    1674:	81 e0       	ldi	r24, 0x01	; 1
    1676:	69 2f       	mov	r22, r25
    1678:	41 e0       	ldi	r20, 0x01	; 1
    167a:	0e 94 c5 07 	call	0xf8a	; 0xf8a <GPIO_setupPinDirection>

			/* Set/Clear the row output pin */
			GPIO_writePin(KEYPAD_ROW_PORT_ID, KEYPAD_FIRST_ROW_PIN_ID+row, KEYPAD_BUTTON_PRESSED);
    167e:	8f 85       	ldd	r24, Y+15	; 0x0f
    1680:	98 2f       	mov	r25, r24
    1682:	9c 5f       	subi	r25, 0xFC	; 252
    1684:	81 e0       	ldi	r24, 0x01	; 1
    1686:	69 2f       	mov	r22, r25
    1688:	40 e0       	ldi	r20, 0x00	; 0
    168a:	0e 94 b0 08 	call	0x1160	; 0x1160 <GPIO_writePin>

			for(col=0 ; col<KEYPAD_NUM_COLS ; col++) /* loop for columns */
    168e:	18 8a       	std	Y+16, r1	; 0x10
    1690:	22 c0       	rjmp	.+68     	; 0x16d6 <KEYPAD_getPressedKey+0xd0>
			{
				/* Check if the switch is pressed in this column */
				if(GPIO_readPin(KEYPAD_COL_PORT_ID,KEYPAD_FIRST_COL_PIN_ID+col) == KEYPAD_BUTTON_PRESSED)
    1692:	88 89       	ldd	r24, Y+16	; 0x10
    1694:	98 2f       	mov	r25, r24
    1696:	9e 5f       	subi	r25, 0xFE	; 254
    1698:	83 e0       	ldi	r24, 0x03	; 3
    169a:	69 2f       	mov	r22, r25
    169c:	0e 94 9b 09 	call	0x1336	; 0x1336 <GPIO_readPin>
    16a0:	88 23       	and	r24, r24
    16a2:	b1 f4       	brne	.+44     	; 0x16d0 <KEYPAD_getPressedKey+0xca>
						#endif
					#elif (KEYPAD_NUM_COLS == 4)
						#ifdef STANDARD_KEYPAD
							return ((row*KEYPAD_NUM_COLS)+col+1);
						#else
							return KEYPAD_4x4_adjustKeyNumber((row*KEYPAD_NUM_COLS)+col+1);
    16a4:	8f 85       	ldd	r24, Y+15	; 0x0f
    16a6:	88 2f       	mov	r24, r24
    16a8:	90 e0       	ldi	r25, 0x00	; 0
    16aa:	88 0f       	add	r24, r24
    16ac:	99 1f       	adc	r25, r25
    16ae:	88 0f       	add	r24, r24
    16b0:	99 1f       	adc	r25, r25
    16b2:	98 2f       	mov	r25, r24
    16b4:	88 89       	ldd	r24, Y+16	; 0x10
    16b6:	89 0f       	add	r24, r25
    16b8:	8f 5f       	subi	r24, 0xFF	; 255
    16ba:	0e 94 f0 0b 	call	0x17e0	; 0x17e0 <KEYPAD_4x4_adjustKeyNumber>
			}
			GPIO_setupPinDirection(KEYPAD_ROW_PORT_ID,KEYPAD_FIRST_ROW_PIN_ID+row,PIN_INPUT);
			_delay_ms(5); /* Add small delay to fix CPU load issue in proteus */
		}
	}	
}
    16be:	60 96       	adiw	r28, 0x10	; 16
    16c0:	0f b6       	in	r0, 0x3f	; 63
    16c2:	f8 94       	cli
    16c4:	de bf       	out	0x3e, r29	; 62
    16c6:	0f be       	out	0x3f, r0	; 63
    16c8:	cd bf       	out	0x3d, r28	; 61
    16ca:	cf 91       	pop	r28
    16cc:	df 91       	pop	r29
    16ce:	08 95       	ret
			GPIO_setupPinDirection(KEYPAD_ROW_PORT_ID,KEYPAD_FIRST_ROW_PIN_ID+row,PIN_OUTPUT);

			/* Set/Clear the row output pin */
			GPIO_writePin(KEYPAD_ROW_PORT_ID, KEYPAD_FIRST_ROW_PIN_ID+row, KEYPAD_BUTTON_PRESSED);

			for(col=0 ; col<KEYPAD_NUM_COLS ; col++) /* loop for columns */
    16d0:	88 89       	ldd	r24, Y+16	; 0x10
    16d2:	8f 5f       	subi	r24, 0xFF	; 255
    16d4:	88 8b       	std	Y+16, r24	; 0x10
    16d6:	88 89       	ldd	r24, Y+16	; 0x10
    16d8:	84 30       	cpi	r24, 0x04	; 4
    16da:	d8 f2       	brcs	.-74     	; 0x1692 <KEYPAD_getPressedKey+0x8c>
							return KEYPAD_4x4_adjustKeyNumber((row*KEYPAD_NUM_COLS)+col+1);
						#endif
					#endif
				}
			}
			GPIO_setupPinDirection(KEYPAD_ROW_PORT_ID,KEYPAD_FIRST_ROW_PIN_ID+row,PIN_INPUT);
    16dc:	8f 85       	ldd	r24, Y+15	; 0x0f
    16de:	98 2f       	mov	r25, r24
    16e0:	9c 5f       	subi	r25, 0xFC	; 252
    16e2:	81 e0       	ldi	r24, 0x01	; 1
    16e4:	69 2f       	mov	r22, r25
    16e6:	40 e0       	ldi	r20, 0x00	; 0
    16e8:	0e 94 c5 07 	call	0xf8a	; 0xf8a <GPIO_setupPinDirection>
    16ec:	80 e0       	ldi	r24, 0x00	; 0
    16ee:	90 e0       	ldi	r25, 0x00	; 0
    16f0:	a0 ea       	ldi	r26, 0xA0	; 160
    16f2:	b0 e4       	ldi	r27, 0x40	; 64
    16f4:	8b 87       	std	Y+11, r24	; 0x0b
    16f6:	9c 87       	std	Y+12, r25	; 0x0c
    16f8:	ad 87       	std	Y+13, r26	; 0x0d
    16fa:	be 87       	std	Y+14, r27	; 0x0e
 */
void
_delay_ms(double __ms)
{
	uint16_t __ticks;
	double __tmp = ((F_CPU) / 4e3) * __ms;
    16fc:	6b 85       	ldd	r22, Y+11	; 0x0b
    16fe:	7c 85       	ldd	r23, Y+12	; 0x0c
    1700:	8d 85       	ldd	r24, Y+13	; 0x0d
    1702:	9e 85       	ldd	r25, Y+14	; 0x0e
    1704:	20 e0       	ldi	r18, 0x00	; 0
    1706:	30 e0       	ldi	r19, 0x00	; 0
    1708:	4a ef       	ldi	r20, 0xFA	; 250
    170a:	54 e4       	ldi	r21, 0x44	; 68
    170c:	0e 94 1f 02 	call	0x43e	; 0x43e <__mulsf3>
    1710:	dc 01       	movw	r26, r24
    1712:	cb 01       	movw	r24, r22
    1714:	8f 83       	std	Y+7, r24	; 0x07
    1716:	98 87       	std	Y+8, r25	; 0x08
    1718:	a9 87       	std	Y+9, r26	; 0x09
    171a:	ba 87       	std	Y+10, r27	; 0x0a
	if (__tmp < 1.0)
    171c:	6f 81       	ldd	r22, Y+7	; 0x07
    171e:	78 85       	ldd	r23, Y+8	; 0x08
    1720:	89 85       	ldd	r24, Y+9	; 0x09
    1722:	9a 85       	ldd	r25, Y+10	; 0x0a
    1724:	20 e0       	ldi	r18, 0x00	; 0
    1726:	30 e0       	ldi	r19, 0x00	; 0
    1728:	40 e8       	ldi	r20, 0x80	; 128
    172a:	5f e3       	ldi	r21, 0x3F	; 63
    172c:	0e 94 79 03 	call	0x6f2	; 0x6f2 <__ltsf2>
    1730:	88 23       	and	r24, r24
    1732:	2c f4       	brge	.+10     	; 0x173e <KEYPAD_getPressedKey+0x138>
		__ticks = 1;
    1734:	81 e0       	ldi	r24, 0x01	; 1
    1736:	90 e0       	ldi	r25, 0x00	; 0
    1738:	9e 83       	std	Y+6, r25	; 0x06
    173a:	8d 83       	std	Y+5, r24	; 0x05
    173c:	3f c0       	rjmp	.+126    	; 0x17bc <KEYPAD_getPressedKey+0x1b6>
	else if (__tmp > 65535)
    173e:	6f 81       	ldd	r22, Y+7	; 0x07
    1740:	78 85       	ldd	r23, Y+8	; 0x08
    1742:	89 85       	ldd	r24, Y+9	; 0x09
    1744:	9a 85       	ldd	r25, Y+10	; 0x0a
    1746:	20 e0       	ldi	r18, 0x00	; 0
    1748:	3f ef       	ldi	r19, 0xFF	; 255
    174a:	4f e7       	ldi	r20, 0x7F	; 127
    174c:	57 e4       	ldi	r21, 0x47	; 71
    174e:	0e 94 19 03 	call	0x632	; 0x632 <__gtsf2>
    1752:	18 16       	cp	r1, r24
    1754:	4c f5       	brge	.+82     	; 0x17a8 <KEYPAD_getPressedKey+0x1a2>
	{
		//	__ticks = requested delay in 1/10 ms
		__ticks = (uint16_t) (__ms * 10.0);
    1756:	6b 85       	ldd	r22, Y+11	; 0x0b
    1758:	7c 85       	ldd	r23, Y+12	; 0x0c
    175a:	8d 85       	ldd	r24, Y+13	; 0x0d
    175c:	9e 85       	ldd	r25, Y+14	; 0x0e
    175e:	20 e0       	ldi	r18, 0x00	; 0
    1760:	30 e0       	ldi	r19, 0x00	; 0
    1762:	40 e2       	ldi	r20, 0x20	; 32
    1764:	51 e4       	ldi	r21, 0x41	; 65
    1766:	0e 94 1f 02 	call	0x43e	; 0x43e <__mulsf3>
    176a:	dc 01       	movw	r26, r24
    176c:	cb 01       	movw	r24, r22
    176e:	bc 01       	movw	r22, r24
    1770:	cd 01       	movw	r24, r26
    1772:	0e 94 49 00 	call	0x92	; 0x92 <__fixunssfsi>
    1776:	dc 01       	movw	r26, r24
    1778:	cb 01       	movw	r24, r22
    177a:	9e 83       	std	Y+6, r25	; 0x06
    177c:	8d 83       	std	Y+5, r24	; 0x05
    177e:	0f c0       	rjmp	.+30     	; 0x179e <KEYPAD_getPressedKey+0x198>
    1780:	88 ec       	ldi	r24, 0xC8	; 200
    1782:	90 e0       	ldi	r25, 0x00	; 0
    1784:	9c 83       	std	Y+4, r25	; 0x04
    1786:	8b 83       	std	Y+3, r24	; 0x03
    1788:	8b 81       	ldd	r24, Y+3	; 0x03
    178a:	9c 81       	ldd	r25, Y+4	; 0x04
    178c:	01 97       	sbiw	r24, 0x01	; 1
    178e:	f1 f7       	brne	.-4      	; 0x178c <KEYPAD_getPressedKey+0x186>
    1790:	9c 83       	std	Y+4, r25	; 0x04
    1792:	8b 83       	std	Y+3, r24	; 0x03
		while(__ticks)
		{
			// wait 1/10 ms
			_delay_loop_2(((F_CPU) / 4e3) / 10);
			__ticks --;
    1794:	8d 81       	ldd	r24, Y+5	; 0x05
    1796:	9e 81       	ldd	r25, Y+6	; 0x06
    1798:	01 97       	sbiw	r24, 0x01	; 1
    179a:	9e 83       	std	Y+6, r25	; 0x06
    179c:	8d 83       	std	Y+5, r24	; 0x05
		__ticks = 1;
	else if (__tmp > 65535)
	{
		//	__ticks = requested delay in 1/10 ms
		__ticks = (uint16_t) (__ms * 10.0);
		while(__ticks)
    179e:	8d 81       	ldd	r24, Y+5	; 0x05
    17a0:	9e 81       	ldd	r25, Y+6	; 0x06
    17a2:	00 97       	sbiw	r24, 0x00	; 0
    17a4:	69 f7       	brne	.-38     	; 0x1780 <KEYPAD_getPressedKey+0x17a>
    17a6:	14 c0       	rjmp	.+40     	; 0x17d0 <KEYPAD_getPressedKey+0x1ca>
			__ticks --;
		}
		return;
	}
	else
		__ticks = (uint16_t)__tmp;
    17a8:	6f 81       	ldd	r22, Y+7	; 0x07
    17aa:	78 85       	ldd	r23, Y+8	; 0x08
    17ac:	89 85       	ldd	r24, Y+9	; 0x09
    17ae:	9a 85       	ldd	r25, Y+10	; 0x0a
    17b0:	0e 94 49 00 	call	0x92	; 0x92 <__fixunssfsi>
    17b4:	dc 01       	movw	r26, r24
    17b6:	cb 01       	movw	r24, r22
    17b8:	9e 83       	std	Y+6, r25	; 0x06
    17ba:	8d 83       	std	Y+5, r24	; 0x05
    17bc:	8d 81       	ldd	r24, Y+5	; 0x05
    17be:	9e 81       	ldd	r25, Y+6	; 0x06
    17c0:	9a 83       	std	Y+2, r25	; 0x02
    17c2:	89 83       	std	Y+1, r24	; 0x01
    17c4:	89 81       	ldd	r24, Y+1	; 0x01
    17c6:	9a 81       	ldd	r25, Y+2	; 0x02
    17c8:	01 97       	sbiw	r24, 0x01	; 1
    17ca:	f1 f7       	brne	.-4      	; 0x17c8 <KEYPAD_getPressedKey+0x1c2>
    17cc:	9a 83       	std	Y+2, r25	; 0x02
    17ce:	89 83       	std	Y+1, r24	; 0x01
#if(KEYPAD_NUM_COLS == 4)
	GPIO_setupPinDirection(KEYPAD_COL_PORT_ID, KEYPAD_FIRST_COL_PIN_ID+3, PIN_INPUT);
#endif
	while(1)
	{
		for(row=0 ; row<KEYPAD_NUM_ROWS ; row++) /* loop for rows */
    17d0:	8f 85       	ldd	r24, Y+15	; 0x0f
    17d2:	8f 5f       	subi	r24, 0xFF	; 255
    17d4:	8f 87       	std	Y+15, r24	; 0x0f
    17d6:	8f 85       	ldd	r24, Y+15	; 0x0f
    17d8:	84 30       	cpi	r24, 0x04	; 4
    17da:	08 f4       	brcc	.+2      	; 0x17de <KEYPAD_getPressedKey+0x1d8>
    17dc:	48 cf       	rjmp	.-368    	; 0x166e <KEYPAD_getPressedKey+0x68>
    17de:	45 cf       	rjmp	.-374    	; 0x166a <KEYPAD_getPressedKey+0x64>

000017e0 <KEYPAD_4x4_adjustKeyNumber>:
/*
 * Description :
 * Update the keypad pressed button value with the correct one in keypad 4x4 shape
 */
static uint8 KEYPAD_4x4_adjustKeyNumber(uint8 button_number)
{
    17e0:	df 93       	push	r29
    17e2:	cf 93       	push	r28
    17e4:	00 d0       	rcall	.+0      	; 0x17e6 <KEYPAD_4x4_adjustKeyNumber+0x6>
    17e6:	00 d0       	rcall	.+0      	; 0x17e8 <KEYPAD_4x4_adjustKeyNumber+0x8>
    17e8:	cd b7       	in	r28, 0x3d	; 61
    17ea:	de b7       	in	r29, 0x3e	; 62
    17ec:	8a 83       	std	Y+2, r24	; 0x02
	uint8 keypad_button = 0;
    17ee:	19 82       	std	Y+1, r1	; 0x01
	switch(button_number)
    17f0:	8a 81       	ldd	r24, Y+2	; 0x02
    17f2:	28 2f       	mov	r18, r24
    17f4:	30 e0       	ldi	r19, 0x00	; 0
    17f6:	3c 83       	std	Y+4, r19	; 0x04
    17f8:	2b 83       	std	Y+3, r18	; 0x03
    17fa:	8b 81       	ldd	r24, Y+3	; 0x03
    17fc:	9c 81       	ldd	r25, Y+4	; 0x04
    17fe:	88 30       	cpi	r24, 0x08	; 8
    1800:	91 05       	cpc	r25, r1
    1802:	09 f4       	brne	.+2      	; 0x1806 <KEYPAD_4x4_adjustKeyNumber+0x26>
    1804:	70 c0       	rjmp	.+224    	; 0x18e6 <KEYPAD_4x4_adjustKeyNumber+0x106>
    1806:	2b 81       	ldd	r18, Y+3	; 0x03
    1808:	3c 81       	ldd	r19, Y+4	; 0x04
    180a:	29 30       	cpi	r18, 0x09	; 9
    180c:	31 05       	cpc	r19, r1
    180e:	5c f5       	brge	.+86     	; 0x1866 <KEYPAD_4x4_adjustKeyNumber+0x86>
    1810:	8b 81       	ldd	r24, Y+3	; 0x03
    1812:	9c 81       	ldd	r25, Y+4	; 0x04
    1814:	84 30       	cpi	r24, 0x04	; 4
    1816:	91 05       	cpc	r25, r1
    1818:	09 f4       	brne	.+2      	; 0x181c <KEYPAD_4x4_adjustKeyNumber+0x3c>
    181a:	59 c0       	rjmp	.+178    	; 0x18ce <KEYPAD_4x4_adjustKeyNumber+0xee>
    181c:	2b 81       	ldd	r18, Y+3	; 0x03
    181e:	3c 81       	ldd	r19, Y+4	; 0x04
    1820:	25 30       	cpi	r18, 0x05	; 5
    1822:	31 05       	cpc	r19, r1
    1824:	9c f4       	brge	.+38     	; 0x184c <KEYPAD_4x4_adjustKeyNumber+0x6c>
    1826:	8b 81       	ldd	r24, Y+3	; 0x03
    1828:	9c 81       	ldd	r25, Y+4	; 0x04
    182a:	82 30       	cpi	r24, 0x02	; 2
    182c:	91 05       	cpc	r25, r1
    182e:	09 f4       	brne	.+2      	; 0x1832 <KEYPAD_4x4_adjustKeyNumber+0x52>
    1830:	48 c0       	rjmp	.+144    	; 0x18c2 <KEYPAD_4x4_adjustKeyNumber+0xe2>
    1832:	2b 81       	ldd	r18, Y+3	; 0x03
    1834:	3c 81       	ldd	r19, Y+4	; 0x04
    1836:	23 30       	cpi	r18, 0x03	; 3
    1838:	31 05       	cpc	r19, r1
    183a:	0c f0       	brlt	.+2      	; 0x183e <KEYPAD_4x4_adjustKeyNumber+0x5e>
    183c:	45 c0       	rjmp	.+138    	; 0x18c8 <KEYPAD_4x4_adjustKeyNumber+0xe8>
    183e:	8b 81       	ldd	r24, Y+3	; 0x03
    1840:	9c 81       	ldd	r25, Y+4	; 0x04
    1842:	81 30       	cpi	r24, 0x01	; 1
    1844:	91 05       	cpc	r25, r1
    1846:	09 f4       	brne	.+2      	; 0x184a <KEYPAD_4x4_adjustKeyNumber+0x6a>
    1848:	39 c0       	rjmp	.+114    	; 0x18bc <KEYPAD_4x4_adjustKeyNumber+0xdc>
    184a:	67 c0       	rjmp	.+206    	; 0x191a <KEYPAD_4x4_adjustKeyNumber+0x13a>
    184c:	2b 81       	ldd	r18, Y+3	; 0x03
    184e:	3c 81       	ldd	r19, Y+4	; 0x04
    1850:	26 30       	cpi	r18, 0x06	; 6
    1852:	31 05       	cpc	r19, r1
    1854:	09 f4       	brne	.+2      	; 0x1858 <KEYPAD_4x4_adjustKeyNumber+0x78>
    1856:	41 c0       	rjmp	.+130    	; 0x18da <KEYPAD_4x4_adjustKeyNumber+0xfa>
    1858:	8b 81       	ldd	r24, Y+3	; 0x03
    185a:	9c 81       	ldd	r25, Y+4	; 0x04
    185c:	87 30       	cpi	r24, 0x07	; 7
    185e:	91 05       	cpc	r25, r1
    1860:	0c f0       	brlt	.+2      	; 0x1864 <KEYPAD_4x4_adjustKeyNumber+0x84>
    1862:	3e c0       	rjmp	.+124    	; 0x18e0 <KEYPAD_4x4_adjustKeyNumber+0x100>
    1864:	37 c0       	rjmp	.+110    	; 0x18d4 <KEYPAD_4x4_adjustKeyNumber+0xf4>
    1866:	2b 81       	ldd	r18, Y+3	; 0x03
    1868:	3c 81       	ldd	r19, Y+4	; 0x04
    186a:	2c 30       	cpi	r18, 0x0C	; 12
    186c:	31 05       	cpc	r19, r1
    186e:	09 f4       	brne	.+2      	; 0x1872 <KEYPAD_4x4_adjustKeyNumber+0x92>
    1870:	46 c0       	rjmp	.+140    	; 0x18fe <KEYPAD_4x4_adjustKeyNumber+0x11e>
    1872:	8b 81       	ldd	r24, Y+3	; 0x03
    1874:	9c 81       	ldd	r25, Y+4	; 0x04
    1876:	8d 30       	cpi	r24, 0x0D	; 13
    1878:	91 05       	cpc	r25, r1
    187a:	5c f4       	brge	.+22     	; 0x1892 <KEYPAD_4x4_adjustKeyNumber+0xb2>
    187c:	2b 81       	ldd	r18, Y+3	; 0x03
    187e:	3c 81       	ldd	r19, Y+4	; 0x04
    1880:	2a 30       	cpi	r18, 0x0A	; 10
    1882:	31 05       	cpc	r19, r1
    1884:	b1 f1       	breq	.+108    	; 0x18f2 <KEYPAD_4x4_adjustKeyNumber+0x112>
    1886:	8b 81       	ldd	r24, Y+3	; 0x03
    1888:	9c 81       	ldd	r25, Y+4	; 0x04
    188a:	8b 30       	cpi	r24, 0x0B	; 11
    188c:	91 05       	cpc	r25, r1
    188e:	a4 f5       	brge	.+104    	; 0x18f8 <KEYPAD_4x4_adjustKeyNumber+0x118>
    1890:	2d c0       	rjmp	.+90     	; 0x18ec <KEYPAD_4x4_adjustKeyNumber+0x10c>
    1892:	2b 81       	ldd	r18, Y+3	; 0x03
    1894:	3c 81       	ldd	r19, Y+4	; 0x04
    1896:	2e 30       	cpi	r18, 0x0E	; 14
    1898:	31 05       	cpc	r19, r1
    189a:	b9 f1       	breq	.+110    	; 0x190a <KEYPAD_4x4_adjustKeyNumber+0x12a>
    189c:	8b 81       	ldd	r24, Y+3	; 0x03
    189e:	9c 81       	ldd	r25, Y+4	; 0x04
    18a0:	8e 30       	cpi	r24, 0x0E	; 14
    18a2:	91 05       	cpc	r25, r1
    18a4:	7c f1       	brlt	.+94     	; 0x1904 <KEYPAD_4x4_adjustKeyNumber+0x124>
    18a6:	2b 81       	ldd	r18, Y+3	; 0x03
    18a8:	3c 81       	ldd	r19, Y+4	; 0x04
    18aa:	2f 30       	cpi	r18, 0x0F	; 15
    18ac:	31 05       	cpc	r19, r1
    18ae:	79 f1       	breq	.+94     	; 0x190e <KEYPAD_4x4_adjustKeyNumber+0x12e>
    18b0:	8b 81       	ldd	r24, Y+3	; 0x03
    18b2:	9c 81       	ldd	r25, Y+4	; 0x04
    18b4:	80 31       	cpi	r24, 0x10	; 16
    18b6:	91 05       	cpc	r25, r1
    18b8:	69 f1       	breq	.+90     	; 0x1914 <KEYPAD_4x4_adjustKeyNumber+0x134>
    18ba:	2f c0       	rjmp	.+94     	; 0x191a <KEYPAD_4x4_adjustKeyNumber+0x13a>
	{
		case 1: keypad_button = 7;
    18bc:	87 e0       	ldi	r24, 0x07	; 7
    18be:	89 83       	std	Y+1, r24	; 0x01
    18c0:	2e c0       	rjmp	.+92     	; 0x191e <KEYPAD_4x4_adjustKeyNumber+0x13e>
				break;
		case 2: keypad_button = 8;
    18c2:	88 e0       	ldi	r24, 0x08	; 8
    18c4:	89 83       	std	Y+1, r24	; 0x01
    18c6:	2b c0       	rjmp	.+86     	; 0x191e <KEYPAD_4x4_adjustKeyNumber+0x13e>
				break;
		case 3: keypad_button = 9;
    18c8:	89 e0       	ldi	r24, 0x09	; 9
    18ca:	89 83       	std	Y+1, r24	; 0x01
    18cc:	28 c0       	rjmp	.+80     	; 0x191e <KEYPAD_4x4_adjustKeyNumber+0x13e>
				break;
		case 4: keypad_button = '%'; // ASCII Code of %
    18ce:	85 e2       	ldi	r24, 0x25	; 37
    18d0:	89 83       	std	Y+1, r24	; 0x01
    18d2:	25 c0       	rjmp	.+74     	; 0x191e <KEYPAD_4x4_adjustKeyNumber+0x13e>
				break;
		case 5: keypad_button = 4;
    18d4:	84 e0       	ldi	r24, 0x04	; 4
    18d6:	89 83       	std	Y+1, r24	; 0x01
    18d8:	22 c0       	rjmp	.+68     	; 0x191e <KEYPAD_4x4_adjustKeyNumber+0x13e>
				break;
		case 6: keypad_button = 5;
    18da:	85 e0       	ldi	r24, 0x05	; 5
    18dc:	89 83       	std	Y+1, r24	; 0x01
    18de:	1f c0       	rjmp	.+62     	; 0x191e <KEYPAD_4x4_adjustKeyNumber+0x13e>
				break;
		case 7: keypad_button = 6;
    18e0:	86 e0       	ldi	r24, 0x06	; 6
    18e2:	89 83       	std	Y+1, r24	; 0x01
    18e4:	1c c0       	rjmp	.+56     	; 0x191e <KEYPAD_4x4_adjustKeyNumber+0x13e>
				break;
		case 8: keypad_button = '*'; /* ASCII Code of '*' */
    18e6:	8a e2       	ldi	r24, 0x2A	; 42
    18e8:	89 83       	std	Y+1, r24	; 0x01
    18ea:	19 c0       	rjmp	.+50     	; 0x191e <KEYPAD_4x4_adjustKeyNumber+0x13e>
				break;		
		case 9: keypad_button = 1;
    18ec:	81 e0       	ldi	r24, 0x01	; 1
    18ee:	89 83       	std	Y+1, r24	; 0x01
    18f0:	16 c0       	rjmp	.+44     	; 0x191e <KEYPAD_4x4_adjustKeyNumber+0x13e>
				break;
		case 10: keypad_button = 2;
    18f2:	82 e0       	ldi	r24, 0x02	; 2
    18f4:	89 83       	std	Y+1, r24	; 0x01
    18f6:	13 c0       	rjmp	.+38     	; 0x191e <KEYPAD_4x4_adjustKeyNumber+0x13e>
				break;
		case 11: keypad_button = 3;
    18f8:	83 e0       	ldi	r24, 0x03	; 3
    18fa:	89 83       	std	Y+1, r24	; 0x01
    18fc:	10 c0       	rjmp	.+32     	; 0x191e <KEYPAD_4x4_adjustKeyNumber+0x13e>
				break;
		case 12: keypad_button = '-'; /* ASCII Code of '-' */
    18fe:	8d e2       	ldi	r24, 0x2D	; 45
    1900:	89 83       	std	Y+1, r24	; 0x01
    1902:	0d c0       	rjmp	.+26     	; 0x191e <KEYPAD_4x4_adjustKeyNumber+0x13e>
				break;
		case 13: keypad_button = 13;  /* ASCII of Enter */
    1904:	8d e0       	ldi	r24, 0x0D	; 13
    1906:	89 83       	std	Y+1, r24	; 0x01
    1908:	0a c0       	rjmp	.+20     	; 0x191e <KEYPAD_4x4_adjustKeyNumber+0x13e>
				break;			
		case 14: keypad_button = 0;
    190a:	19 82       	std	Y+1, r1	; 0x01
    190c:	08 c0       	rjmp	.+16     	; 0x191e <KEYPAD_4x4_adjustKeyNumber+0x13e>
				break;
		case 15: keypad_button = '='; /* ASCII Code of '=' */
    190e:	8d e3       	ldi	r24, 0x3D	; 61
    1910:	89 83       	std	Y+1, r24	; 0x01
    1912:	05 c0       	rjmp	.+10     	; 0x191e <KEYPAD_4x4_adjustKeyNumber+0x13e>
				break;
		case 16: keypad_button = '+'; /* ASCII Code of '+' */
    1914:	8b e2       	ldi	r24, 0x2B	; 43
    1916:	89 83       	std	Y+1, r24	; 0x01
    1918:	02 c0       	rjmp	.+4      	; 0x191e <KEYPAD_4x4_adjustKeyNumber+0x13e>
				break;
		default: keypad_button = button_number;
    191a:	8a 81       	ldd	r24, Y+2	; 0x02
    191c:	89 83       	std	Y+1, r24	; 0x01
				break;
	}
	return keypad_button;
    191e:	89 81       	ldd	r24, Y+1	; 0x01
} 
    1920:	0f 90       	pop	r0
    1922:	0f 90       	pop	r0
    1924:	0f 90       	pop	r0
    1926:	0f 90       	pop	r0
    1928:	cf 91       	pop	r28
    192a:	df 91       	pop	r29
    192c:	08 95       	ret

0000192e <LCD_init>:
 * Initialize the LCD:
 * 1. Setup the LCD pins directions by use the GPIO driver.
 * 2. Setup the LCD Data Mode 4-bits or 8-bits.
 */
void LCD_init(void)
{
    192e:	df 93       	push	r29
    1930:	cf 93       	push	r28
    1932:	cd b7       	in	r28, 0x3d	; 61
    1934:	de b7       	in	r29, 0x3e	; 62
    1936:	2e 97       	sbiw	r28, 0x0e	; 14
    1938:	0f b6       	in	r0, 0x3f	; 63
    193a:	f8 94       	cli
    193c:	de bf       	out	0x3e, r29	; 62
    193e:	0f be       	out	0x3f, r0	; 63
    1940:	cd bf       	out	0x3d, r28	; 61
	/* Configure the direction for RS and E pins as output pins */
	GPIO_setupPinDirection(LCD_RS_PORT_ID,LCD_RS_PIN_ID,PIN_OUTPUT);
    1942:	80 e0       	ldi	r24, 0x00	; 0
    1944:	61 e0       	ldi	r22, 0x01	; 1
    1946:	41 e0       	ldi	r20, 0x01	; 1
    1948:	0e 94 c5 07 	call	0xf8a	; 0xf8a <GPIO_setupPinDirection>
	GPIO_setupPinDirection(LCD_E_PORT_ID,LCD_E_PIN_ID,PIN_OUTPUT);
    194c:	80 e0       	ldi	r24, 0x00	; 0
    194e:	62 e0       	ldi	r22, 0x02	; 2
    1950:	41 e0       	ldi	r20, 0x01	; 1
    1952:	0e 94 c5 07 	call	0xf8a	; 0xf8a <GPIO_setupPinDirection>
    1956:	80 e0       	ldi	r24, 0x00	; 0
    1958:	90 e0       	ldi	r25, 0x00	; 0
    195a:	a0 ea       	ldi	r26, 0xA0	; 160
    195c:	b1 e4       	ldi	r27, 0x41	; 65
    195e:	8b 87       	std	Y+11, r24	; 0x0b
    1960:	9c 87       	std	Y+12, r25	; 0x0c
    1962:	ad 87       	std	Y+13, r26	; 0x0d
    1964:	be 87       	std	Y+14, r27	; 0x0e
 */
void
_delay_ms(double __ms)
{
	uint16_t __ticks;
	double __tmp = ((F_CPU) / 4e3) * __ms;
    1966:	6b 85       	ldd	r22, Y+11	; 0x0b
    1968:	7c 85       	ldd	r23, Y+12	; 0x0c
    196a:	8d 85       	ldd	r24, Y+13	; 0x0d
    196c:	9e 85       	ldd	r25, Y+14	; 0x0e
    196e:	20 e0       	ldi	r18, 0x00	; 0
    1970:	30 e0       	ldi	r19, 0x00	; 0
    1972:	4a ef       	ldi	r20, 0xFA	; 250
    1974:	54 e4       	ldi	r21, 0x44	; 68
    1976:	0e 94 1f 02 	call	0x43e	; 0x43e <__mulsf3>
    197a:	dc 01       	movw	r26, r24
    197c:	cb 01       	movw	r24, r22
    197e:	8f 83       	std	Y+7, r24	; 0x07
    1980:	98 87       	std	Y+8, r25	; 0x08
    1982:	a9 87       	std	Y+9, r26	; 0x09
    1984:	ba 87       	std	Y+10, r27	; 0x0a
	if (__tmp < 1.0)
    1986:	6f 81       	ldd	r22, Y+7	; 0x07
    1988:	78 85       	ldd	r23, Y+8	; 0x08
    198a:	89 85       	ldd	r24, Y+9	; 0x09
    198c:	9a 85       	ldd	r25, Y+10	; 0x0a
    198e:	20 e0       	ldi	r18, 0x00	; 0
    1990:	30 e0       	ldi	r19, 0x00	; 0
    1992:	40 e8       	ldi	r20, 0x80	; 128
    1994:	5f e3       	ldi	r21, 0x3F	; 63
    1996:	0e 94 79 03 	call	0x6f2	; 0x6f2 <__ltsf2>
    199a:	88 23       	and	r24, r24
    199c:	2c f4       	brge	.+10     	; 0x19a8 <LCD_init+0x7a>
		__ticks = 1;
    199e:	81 e0       	ldi	r24, 0x01	; 1
    19a0:	90 e0       	ldi	r25, 0x00	; 0
    19a2:	9e 83       	std	Y+6, r25	; 0x06
    19a4:	8d 83       	std	Y+5, r24	; 0x05
    19a6:	3f c0       	rjmp	.+126    	; 0x1a26 <LCD_init+0xf8>
	else if (__tmp > 65535)
    19a8:	6f 81       	ldd	r22, Y+7	; 0x07
    19aa:	78 85       	ldd	r23, Y+8	; 0x08
    19ac:	89 85       	ldd	r24, Y+9	; 0x09
    19ae:	9a 85       	ldd	r25, Y+10	; 0x0a
    19b0:	20 e0       	ldi	r18, 0x00	; 0
    19b2:	3f ef       	ldi	r19, 0xFF	; 255
    19b4:	4f e7       	ldi	r20, 0x7F	; 127
    19b6:	57 e4       	ldi	r21, 0x47	; 71
    19b8:	0e 94 19 03 	call	0x632	; 0x632 <__gtsf2>
    19bc:	18 16       	cp	r1, r24
    19be:	4c f5       	brge	.+82     	; 0x1a12 <LCD_init+0xe4>
	{
		//	__ticks = requested delay in 1/10 ms
		__ticks = (uint16_t) (__ms * 10.0);
    19c0:	6b 85       	ldd	r22, Y+11	; 0x0b
    19c2:	7c 85       	ldd	r23, Y+12	; 0x0c
    19c4:	8d 85       	ldd	r24, Y+13	; 0x0d
    19c6:	9e 85       	ldd	r25, Y+14	; 0x0e
    19c8:	20 e0       	ldi	r18, 0x00	; 0
    19ca:	30 e0       	ldi	r19, 0x00	; 0
    19cc:	40 e2       	ldi	r20, 0x20	; 32
    19ce:	51 e4       	ldi	r21, 0x41	; 65
    19d0:	0e 94 1f 02 	call	0x43e	; 0x43e <__mulsf3>
    19d4:	dc 01       	movw	r26, r24
    19d6:	cb 01       	movw	r24, r22
    19d8:	bc 01       	movw	r22, r24
    19da:	cd 01       	movw	r24, r26
    19dc:	0e 94 49 00 	call	0x92	; 0x92 <__fixunssfsi>
    19e0:	dc 01       	movw	r26, r24
    19e2:	cb 01       	movw	r24, r22
    19e4:	9e 83       	std	Y+6, r25	; 0x06
    19e6:	8d 83       	std	Y+5, r24	; 0x05
    19e8:	0f c0       	rjmp	.+30     	; 0x1a08 <LCD_init+0xda>
    19ea:	88 ec       	ldi	r24, 0xC8	; 200
    19ec:	90 e0       	ldi	r25, 0x00	; 0
    19ee:	9c 83       	std	Y+4, r25	; 0x04
    19f0:	8b 83       	std	Y+3, r24	; 0x03
    19f2:	8b 81       	ldd	r24, Y+3	; 0x03
    19f4:	9c 81       	ldd	r25, Y+4	; 0x04
    19f6:	01 97       	sbiw	r24, 0x01	; 1
    19f8:	f1 f7       	brne	.-4      	; 0x19f6 <LCD_init+0xc8>
    19fa:	9c 83       	std	Y+4, r25	; 0x04
    19fc:	8b 83       	std	Y+3, r24	; 0x03
		while(__ticks)
		{
			// wait 1/10 ms
			_delay_loop_2(((F_CPU) / 4e3) / 10);
			__ticks --;
    19fe:	8d 81       	ldd	r24, Y+5	; 0x05
    1a00:	9e 81       	ldd	r25, Y+6	; 0x06
    1a02:	01 97       	sbiw	r24, 0x01	; 1
    1a04:	9e 83       	std	Y+6, r25	; 0x06
    1a06:	8d 83       	std	Y+5, r24	; 0x05
		__ticks = 1;
	else if (__tmp > 65535)
	{
		//	__ticks = requested delay in 1/10 ms
		__ticks = (uint16_t) (__ms * 10.0);
		while(__ticks)
    1a08:	8d 81       	ldd	r24, Y+5	; 0x05
    1a0a:	9e 81       	ldd	r25, Y+6	; 0x06
    1a0c:	00 97       	sbiw	r24, 0x00	; 0
    1a0e:	69 f7       	brne	.-38     	; 0x19ea <LCD_init+0xbc>
    1a10:	14 c0       	rjmp	.+40     	; 0x1a3a <LCD_init+0x10c>
			__ticks --;
		}
		return;
	}
	else
		__ticks = (uint16_t)__tmp;
    1a12:	6f 81       	ldd	r22, Y+7	; 0x07
    1a14:	78 85       	ldd	r23, Y+8	; 0x08
    1a16:	89 85       	ldd	r24, Y+9	; 0x09
    1a18:	9a 85       	ldd	r25, Y+10	; 0x0a
    1a1a:	0e 94 49 00 	call	0x92	; 0x92 <__fixunssfsi>
    1a1e:	dc 01       	movw	r26, r24
    1a20:	cb 01       	movw	r24, r22
    1a22:	9e 83       	std	Y+6, r25	; 0x06
    1a24:	8d 83       	std	Y+5, r24	; 0x05
    1a26:	8d 81       	ldd	r24, Y+5	; 0x05
    1a28:	9e 81       	ldd	r25, Y+6	; 0x06
    1a2a:	9a 83       	std	Y+2, r25	; 0x02
    1a2c:	89 83       	std	Y+1, r24	; 0x01
    1a2e:	89 81       	ldd	r24, Y+1	; 0x01
    1a30:	9a 81       	ldd	r25, Y+2	; 0x02
    1a32:	01 97       	sbiw	r24, 0x01	; 1
    1a34:	f1 f7       	brne	.-4      	; 0x1a32 <LCD_init+0x104>
    1a36:	9a 83       	std	Y+2, r25	; 0x02
    1a38:	89 83       	std	Y+1, r24	; 0x01

	_delay_ms(20);		/* LCD Power ON delay always > 15ms */

#if(LCD_DATA_BITS_MODE == 4)
	/* Configure 4 pins in the data port as output pins */
	GPIO_setupPinDirection(LCD_DATA_PORT_ID,LCD_DB4_PIN_ID,PIN_OUTPUT);
    1a3a:	80 e0       	ldi	r24, 0x00	; 0
    1a3c:	63 e0       	ldi	r22, 0x03	; 3
    1a3e:	41 e0       	ldi	r20, 0x01	; 1
    1a40:	0e 94 c5 07 	call	0xf8a	; 0xf8a <GPIO_setupPinDirection>
	GPIO_setupPinDirection(LCD_DATA_PORT_ID,LCD_DB5_PIN_ID,PIN_OUTPUT);
    1a44:	80 e0       	ldi	r24, 0x00	; 0
    1a46:	64 e0       	ldi	r22, 0x04	; 4
    1a48:	41 e0       	ldi	r20, 0x01	; 1
    1a4a:	0e 94 c5 07 	call	0xf8a	; 0xf8a <GPIO_setupPinDirection>
	GPIO_setupPinDirection(LCD_DATA_PORT_ID,LCD_DB6_PIN_ID,PIN_OUTPUT);
    1a4e:	80 e0       	ldi	r24, 0x00	; 0
    1a50:	65 e0       	ldi	r22, 0x05	; 5
    1a52:	41 e0       	ldi	r20, 0x01	; 1
    1a54:	0e 94 c5 07 	call	0xf8a	; 0xf8a <GPIO_setupPinDirection>
	GPIO_setupPinDirection(LCD_DATA_PORT_ID,LCD_DB7_PIN_ID,PIN_OUTPUT);
    1a58:	80 e0       	ldi	r24, 0x00	; 0
    1a5a:	66 e0       	ldi	r22, 0x06	; 6
    1a5c:	41 e0       	ldi	r20, 0x01	; 1
    1a5e:	0e 94 c5 07 	call	0xf8a	; 0xf8a <GPIO_setupPinDirection>

	/* Send for 4 bit initialization of LCD  */
	LCD_sendCommand(LCD_TWO_LINES_FOUR_BITS_MODE_INIT1);
    1a62:	83 e3       	ldi	r24, 0x33	; 51
    1a64:	0e 94 49 0d 	call	0x1a92	; 0x1a92 <LCD_sendCommand>
	LCD_sendCommand(LCD_TWO_LINES_FOUR_BITS_MODE_INIT2);
    1a68:	82 e3       	ldi	r24, 0x32	; 50
    1a6a:	0e 94 49 0d 	call	0x1a92	; 0x1a92 <LCD_sendCommand>

	/* use 2-lines LCD + 4-bits Data Mode + 5*7 dot display Mode */
	LCD_sendCommand(LCD_TWO_LINES_FOUR_BITS_MODE);
    1a6e:	88 e2       	ldi	r24, 0x28	; 40
    1a70:	0e 94 49 0d 	call	0x1a92	; 0x1a92 <LCD_sendCommand>
	/* use 2-lines LCD + 8-bits Data Mode + 5*7 dot display Mode */
	LCD_sendCommand(LCD_TWO_LINES_EIGHT_BITS_MODE);

#endif

	LCD_sendCommand(LCD_CURSOR_OFF); /* cursor off */
    1a74:	8c e0       	ldi	r24, 0x0C	; 12
    1a76:	0e 94 49 0d 	call	0x1a92	; 0x1a92 <LCD_sendCommand>
	LCD_sendCommand(LCD_CLEAR_COMMAND); /* clear LCD at the beginning */
    1a7a:	81 e0       	ldi	r24, 0x01	; 1
    1a7c:	0e 94 49 0d 	call	0x1a92	; 0x1a92 <LCD_sendCommand>
}
    1a80:	2e 96       	adiw	r28, 0x0e	; 14
    1a82:	0f b6       	in	r0, 0x3f	; 63
    1a84:	f8 94       	cli
    1a86:	de bf       	out	0x3e, r29	; 62
    1a88:	0f be       	out	0x3f, r0	; 63
    1a8a:	cd bf       	out	0x3d, r28	; 61
    1a8c:	cf 91       	pop	r28
    1a8e:	df 91       	pop	r29
    1a90:	08 95       	ret

00001a92 <LCD_sendCommand>:
/*
 * Description :
 * Send the required command to the screen
 */
void LCD_sendCommand(uint8 command)
{
    1a92:	0f 93       	push	r16
    1a94:	1f 93       	push	r17
    1a96:	df 93       	push	r29
    1a98:	cf 93       	push	r28
    1a9a:	cd b7       	in	r28, 0x3d	; 61
    1a9c:	de b7       	in	r29, 0x3e	; 62
    1a9e:	c3 56       	subi	r28, 0x63	; 99
    1aa0:	d0 40       	sbci	r29, 0x00	; 0
    1aa2:	0f b6       	in	r0, 0x3f	; 63
    1aa4:	f8 94       	cli
    1aa6:	de bf       	out	0x3e, r29	; 62
    1aa8:	0f be       	out	0x3f, r0	; 63
    1aaa:	cd bf       	out	0x3d, r28	; 61
    1aac:	fe 01       	movw	r30, r28
    1aae:	ed 59       	subi	r30, 0x9D	; 157
    1ab0:	ff 4f       	sbci	r31, 0xFF	; 255
    1ab2:	80 83       	st	Z, r24
	GPIO_writePin(LCD_RS_PORT_ID,LCD_RS_PIN_ID,LOGIC_LOW); /* Instruction Mode RS=0 */
    1ab4:	80 e0       	ldi	r24, 0x00	; 0
    1ab6:	61 e0       	ldi	r22, 0x01	; 1
    1ab8:	40 e0       	ldi	r20, 0x00	; 0
    1aba:	0e 94 b0 08 	call	0x1160	; 0x1160 <GPIO_writePin>
    1abe:	fe 01       	movw	r30, r28
    1ac0:	e1 5a       	subi	r30, 0xA1	; 161
    1ac2:	ff 4f       	sbci	r31, 0xFF	; 255
    1ac4:	80 e0       	ldi	r24, 0x00	; 0
    1ac6:	90 e0       	ldi	r25, 0x00	; 0
    1ac8:	a0 e8       	ldi	r26, 0x80	; 128
    1aca:	bf e3       	ldi	r27, 0x3F	; 63
    1acc:	80 83       	st	Z, r24
    1ace:	91 83       	std	Z+1, r25	; 0x01
    1ad0:	a2 83       	std	Z+2, r26	; 0x02
    1ad2:	b3 83       	std	Z+3, r27	; 0x03
 */
void
_delay_ms(double __ms)
{
	uint16_t __ticks;
	double __tmp = ((F_CPU) / 4e3) * __ms;
    1ad4:	8e 01       	movw	r16, r28
    1ad6:	05 5a       	subi	r16, 0xA5	; 165
    1ad8:	1f 4f       	sbci	r17, 0xFF	; 255
    1ada:	fe 01       	movw	r30, r28
    1adc:	e1 5a       	subi	r30, 0xA1	; 161
    1ade:	ff 4f       	sbci	r31, 0xFF	; 255
    1ae0:	60 81       	ld	r22, Z
    1ae2:	71 81       	ldd	r23, Z+1	; 0x01
    1ae4:	82 81       	ldd	r24, Z+2	; 0x02
    1ae6:	93 81       	ldd	r25, Z+3	; 0x03
    1ae8:	20 e0       	ldi	r18, 0x00	; 0
    1aea:	30 e0       	ldi	r19, 0x00	; 0
    1aec:	4a ef       	ldi	r20, 0xFA	; 250
    1aee:	54 e4       	ldi	r21, 0x44	; 68
    1af0:	0e 94 1f 02 	call	0x43e	; 0x43e <__mulsf3>
    1af4:	dc 01       	movw	r26, r24
    1af6:	cb 01       	movw	r24, r22
    1af8:	f8 01       	movw	r30, r16
    1afa:	80 83       	st	Z, r24
    1afc:	91 83       	std	Z+1, r25	; 0x01
    1afe:	a2 83       	std	Z+2, r26	; 0x02
    1b00:	b3 83       	std	Z+3, r27	; 0x03
	if (__tmp < 1.0)
    1b02:	fe 01       	movw	r30, r28
    1b04:	e5 5a       	subi	r30, 0xA5	; 165
    1b06:	ff 4f       	sbci	r31, 0xFF	; 255
    1b08:	60 81       	ld	r22, Z
    1b0a:	71 81       	ldd	r23, Z+1	; 0x01
    1b0c:	82 81       	ldd	r24, Z+2	; 0x02
    1b0e:	93 81       	ldd	r25, Z+3	; 0x03
    1b10:	20 e0       	ldi	r18, 0x00	; 0
    1b12:	30 e0       	ldi	r19, 0x00	; 0
    1b14:	40 e8       	ldi	r20, 0x80	; 128
    1b16:	5f e3       	ldi	r21, 0x3F	; 63
    1b18:	0e 94 79 03 	call	0x6f2	; 0x6f2 <__ltsf2>
    1b1c:	88 23       	and	r24, r24
    1b1e:	44 f4       	brge	.+16     	; 0x1b30 <LCD_sendCommand+0x9e>
		__ticks = 1;
    1b20:	fe 01       	movw	r30, r28
    1b22:	e7 5a       	subi	r30, 0xA7	; 167
    1b24:	ff 4f       	sbci	r31, 0xFF	; 255
    1b26:	81 e0       	ldi	r24, 0x01	; 1
    1b28:	90 e0       	ldi	r25, 0x00	; 0
    1b2a:	91 83       	std	Z+1, r25	; 0x01
    1b2c:	80 83       	st	Z, r24
    1b2e:	64 c0       	rjmp	.+200    	; 0x1bf8 <LCD_sendCommand+0x166>
	else if (__tmp > 65535)
    1b30:	fe 01       	movw	r30, r28
    1b32:	e5 5a       	subi	r30, 0xA5	; 165
    1b34:	ff 4f       	sbci	r31, 0xFF	; 255
    1b36:	60 81       	ld	r22, Z
    1b38:	71 81       	ldd	r23, Z+1	; 0x01
    1b3a:	82 81       	ldd	r24, Z+2	; 0x02
    1b3c:	93 81       	ldd	r25, Z+3	; 0x03
    1b3e:	20 e0       	ldi	r18, 0x00	; 0
    1b40:	3f ef       	ldi	r19, 0xFF	; 255
    1b42:	4f e7       	ldi	r20, 0x7F	; 127
    1b44:	57 e4       	ldi	r21, 0x47	; 71
    1b46:	0e 94 19 03 	call	0x632	; 0x632 <__gtsf2>
    1b4a:	18 16       	cp	r1, r24
    1b4c:	0c f0       	brlt	.+2      	; 0x1b50 <LCD_sendCommand+0xbe>
    1b4e:	43 c0       	rjmp	.+134    	; 0x1bd6 <LCD_sendCommand+0x144>
	{
		//	__ticks = requested delay in 1/10 ms
		__ticks = (uint16_t) (__ms * 10.0);
    1b50:	fe 01       	movw	r30, r28
    1b52:	e1 5a       	subi	r30, 0xA1	; 161
    1b54:	ff 4f       	sbci	r31, 0xFF	; 255
    1b56:	60 81       	ld	r22, Z
    1b58:	71 81       	ldd	r23, Z+1	; 0x01
    1b5a:	82 81       	ldd	r24, Z+2	; 0x02
    1b5c:	93 81       	ldd	r25, Z+3	; 0x03
    1b5e:	20 e0       	ldi	r18, 0x00	; 0
    1b60:	30 e0       	ldi	r19, 0x00	; 0
    1b62:	40 e2       	ldi	r20, 0x20	; 32
    1b64:	51 e4       	ldi	r21, 0x41	; 65
    1b66:	0e 94 1f 02 	call	0x43e	; 0x43e <__mulsf3>
    1b6a:	dc 01       	movw	r26, r24
    1b6c:	cb 01       	movw	r24, r22
    1b6e:	8e 01       	movw	r16, r28
    1b70:	07 5a       	subi	r16, 0xA7	; 167
    1b72:	1f 4f       	sbci	r17, 0xFF	; 255
    1b74:	bc 01       	movw	r22, r24
    1b76:	cd 01       	movw	r24, r26
    1b78:	0e 94 49 00 	call	0x92	; 0x92 <__fixunssfsi>
    1b7c:	dc 01       	movw	r26, r24
    1b7e:	cb 01       	movw	r24, r22
    1b80:	f8 01       	movw	r30, r16
    1b82:	91 83       	std	Z+1, r25	; 0x01
    1b84:	80 83       	st	Z, r24
    1b86:	1f c0       	rjmp	.+62     	; 0x1bc6 <LCD_sendCommand+0x134>
    1b88:	fe 01       	movw	r30, r28
    1b8a:	e9 5a       	subi	r30, 0xA9	; 169
    1b8c:	ff 4f       	sbci	r31, 0xFF	; 255
    1b8e:	88 ec       	ldi	r24, 0xC8	; 200
    1b90:	90 e0       	ldi	r25, 0x00	; 0
    1b92:	91 83       	std	Z+1, r25	; 0x01
    1b94:	80 83       	st	Z, r24
    1b96:	fe 01       	movw	r30, r28
    1b98:	e9 5a       	subi	r30, 0xA9	; 169
    1b9a:	ff 4f       	sbci	r31, 0xFF	; 255
    1b9c:	80 81       	ld	r24, Z
    1b9e:	91 81       	ldd	r25, Z+1	; 0x01
    1ba0:	01 97       	sbiw	r24, 0x01	; 1
    1ba2:	f1 f7       	brne	.-4      	; 0x1ba0 <LCD_sendCommand+0x10e>
    1ba4:	fe 01       	movw	r30, r28
    1ba6:	e9 5a       	subi	r30, 0xA9	; 169
    1ba8:	ff 4f       	sbci	r31, 0xFF	; 255
    1baa:	91 83       	std	Z+1, r25	; 0x01
    1bac:	80 83       	st	Z, r24
		while(__ticks)
		{
			// wait 1/10 ms
			_delay_loop_2(((F_CPU) / 4e3) / 10);
			__ticks --;
    1bae:	de 01       	movw	r26, r28
    1bb0:	a7 5a       	subi	r26, 0xA7	; 167
    1bb2:	bf 4f       	sbci	r27, 0xFF	; 255
    1bb4:	fe 01       	movw	r30, r28
    1bb6:	e7 5a       	subi	r30, 0xA7	; 167
    1bb8:	ff 4f       	sbci	r31, 0xFF	; 255
    1bba:	80 81       	ld	r24, Z
    1bbc:	91 81       	ldd	r25, Z+1	; 0x01
    1bbe:	01 97       	sbiw	r24, 0x01	; 1
    1bc0:	11 96       	adiw	r26, 0x01	; 1
    1bc2:	9c 93       	st	X, r25
    1bc4:	8e 93       	st	-X, r24
		__ticks = 1;
	else if (__tmp > 65535)
	{
		//	__ticks = requested delay in 1/10 ms
		__ticks = (uint16_t) (__ms * 10.0);
		while(__ticks)
    1bc6:	fe 01       	movw	r30, r28
    1bc8:	e7 5a       	subi	r30, 0xA7	; 167
    1bca:	ff 4f       	sbci	r31, 0xFF	; 255
    1bcc:	80 81       	ld	r24, Z
    1bce:	91 81       	ldd	r25, Z+1	; 0x01
    1bd0:	00 97       	sbiw	r24, 0x00	; 0
    1bd2:	d1 f6       	brne	.-76     	; 0x1b88 <LCD_sendCommand+0xf6>
    1bd4:	27 c0       	rjmp	.+78     	; 0x1c24 <LCD_sendCommand+0x192>
			__ticks --;
		}
		return;
	}
	else
		__ticks = (uint16_t)__tmp;
    1bd6:	8e 01       	movw	r16, r28
    1bd8:	07 5a       	subi	r16, 0xA7	; 167
    1bda:	1f 4f       	sbci	r17, 0xFF	; 255
    1bdc:	fe 01       	movw	r30, r28
    1bde:	e5 5a       	subi	r30, 0xA5	; 165
    1be0:	ff 4f       	sbci	r31, 0xFF	; 255
    1be2:	60 81       	ld	r22, Z
    1be4:	71 81       	ldd	r23, Z+1	; 0x01
    1be6:	82 81       	ldd	r24, Z+2	; 0x02
    1be8:	93 81       	ldd	r25, Z+3	; 0x03
    1bea:	0e 94 49 00 	call	0x92	; 0x92 <__fixunssfsi>
    1bee:	dc 01       	movw	r26, r24
    1bf0:	cb 01       	movw	r24, r22
    1bf2:	f8 01       	movw	r30, r16
    1bf4:	91 83       	std	Z+1, r25	; 0x01
    1bf6:	80 83       	st	Z, r24
    1bf8:	de 01       	movw	r26, r28
    1bfa:	ab 5a       	subi	r26, 0xAB	; 171
    1bfc:	bf 4f       	sbci	r27, 0xFF	; 255
    1bfe:	fe 01       	movw	r30, r28
    1c00:	e7 5a       	subi	r30, 0xA7	; 167
    1c02:	ff 4f       	sbci	r31, 0xFF	; 255
    1c04:	80 81       	ld	r24, Z
    1c06:	91 81       	ldd	r25, Z+1	; 0x01
    1c08:	8d 93       	st	X+, r24
    1c0a:	9c 93       	st	X, r25
    1c0c:	fe 01       	movw	r30, r28
    1c0e:	eb 5a       	subi	r30, 0xAB	; 171
    1c10:	ff 4f       	sbci	r31, 0xFF	; 255
    1c12:	80 81       	ld	r24, Z
    1c14:	91 81       	ldd	r25, Z+1	; 0x01
    1c16:	01 97       	sbiw	r24, 0x01	; 1
    1c18:	f1 f7       	brne	.-4      	; 0x1c16 <LCD_sendCommand+0x184>
    1c1a:	fe 01       	movw	r30, r28
    1c1c:	eb 5a       	subi	r30, 0xAB	; 171
    1c1e:	ff 4f       	sbci	r31, 0xFF	; 255
    1c20:	91 83       	std	Z+1, r25	; 0x01
    1c22:	80 83       	st	Z, r24
	_delay_ms(1); /* delay for processing Tas = 50ns */
	GPIO_writePin(LCD_E_PORT_ID,LCD_E_PIN_ID,LOGIC_HIGH); /* Enable LCD E=1 */
    1c24:	80 e0       	ldi	r24, 0x00	; 0
    1c26:	62 e0       	ldi	r22, 0x02	; 2
    1c28:	41 e0       	ldi	r20, 0x01	; 1
    1c2a:	0e 94 b0 08 	call	0x1160	; 0x1160 <GPIO_writePin>
    1c2e:	fe 01       	movw	r30, r28
    1c30:	ef 5a       	subi	r30, 0xAF	; 175
    1c32:	ff 4f       	sbci	r31, 0xFF	; 255
    1c34:	80 e0       	ldi	r24, 0x00	; 0
    1c36:	90 e0       	ldi	r25, 0x00	; 0
    1c38:	a0 e8       	ldi	r26, 0x80	; 128
    1c3a:	bf e3       	ldi	r27, 0x3F	; 63
    1c3c:	80 83       	st	Z, r24
    1c3e:	91 83       	std	Z+1, r25	; 0x01
    1c40:	a2 83       	std	Z+2, r26	; 0x02
    1c42:	b3 83       	std	Z+3, r27	; 0x03
 */
void
_delay_ms(double __ms)
{
	uint16_t __ticks;
	double __tmp = ((F_CPU) / 4e3) * __ms;
    1c44:	8e 01       	movw	r16, r28
    1c46:	03 5b       	subi	r16, 0xB3	; 179
    1c48:	1f 4f       	sbci	r17, 0xFF	; 255
    1c4a:	fe 01       	movw	r30, r28
    1c4c:	ef 5a       	subi	r30, 0xAF	; 175
    1c4e:	ff 4f       	sbci	r31, 0xFF	; 255
    1c50:	60 81       	ld	r22, Z
    1c52:	71 81       	ldd	r23, Z+1	; 0x01
    1c54:	82 81       	ldd	r24, Z+2	; 0x02
    1c56:	93 81       	ldd	r25, Z+3	; 0x03
    1c58:	20 e0       	ldi	r18, 0x00	; 0
    1c5a:	30 e0       	ldi	r19, 0x00	; 0
    1c5c:	4a ef       	ldi	r20, 0xFA	; 250
    1c5e:	54 e4       	ldi	r21, 0x44	; 68
    1c60:	0e 94 1f 02 	call	0x43e	; 0x43e <__mulsf3>
    1c64:	dc 01       	movw	r26, r24
    1c66:	cb 01       	movw	r24, r22
    1c68:	f8 01       	movw	r30, r16
    1c6a:	80 83       	st	Z, r24
    1c6c:	91 83       	std	Z+1, r25	; 0x01
    1c6e:	a2 83       	std	Z+2, r26	; 0x02
    1c70:	b3 83       	std	Z+3, r27	; 0x03
	if (__tmp < 1.0)
    1c72:	fe 01       	movw	r30, r28
    1c74:	e3 5b       	subi	r30, 0xB3	; 179
    1c76:	ff 4f       	sbci	r31, 0xFF	; 255
    1c78:	60 81       	ld	r22, Z
    1c7a:	71 81       	ldd	r23, Z+1	; 0x01
    1c7c:	82 81       	ldd	r24, Z+2	; 0x02
    1c7e:	93 81       	ldd	r25, Z+3	; 0x03
    1c80:	20 e0       	ldi	r18, 0x00	; 0
    1c82:	30 e0       	ldi	r19, 0x00	; 0
    1c84:	40 e8       	ldi	r20, 0x80	; 128
    1c86:	5f e3       	ldi	r21, 0x3F	; 63
    1c88:	0e 94 79 03 	call	0x6f2	; 0x6f2 <__ltsf2>
    1c8c:	88 23       	and	r24, r24
    1c8e:	44 f4       	brge	.+16     	; 0x1ca0 <LCD_sendCommand+0x20e>
		__ticks = 1;
    1c90:	fe 01       	movw	r30, r28
    1c92:	e5 5b       	subi	r30, 0xB5	; 181
    1c94:	ff 4f       	sbci	r31, 0xFF	; 255
    1c96:	81 e0       	ldi	r24, 0x01	; 1
    1c98:	90 e0       	ldi	r25, 0x00	; 0
    1c9a:	91 83       	std	Z+1, r25	; 0x01
    1c9c:	80 83       	st	Z, r24
    1c9e:	64 c0       	rjmp	.+200    	; 0x1d68 <LCD_sendCommand+0x2d6>
	else if (__tmp > 65535)
    1ca0:	fe 01       	movw	r30, r28
    1ca2:	e3 5b       	subi	r30, 0xB3	; 179
    1ca4:	ff 4f       	sbci	r31, 0xFF	; 255
    1ca6:	60 81       	ld	r22, Z
    1ca8:	71 81       	ldd	r23, Z+1	; 0x01
    1caa:	82 81       	ldd	r24, Z+2	; 0x02
    1cac:	93 81       	ldd	r25, Z+3	; 0x03
    1cae:	20 e0       	ldi	r18, 0x00	; 0
    1cb0:	3f ef       	ldi	r19, 0xFF	; 255
    1cb2:	4f e7       	ldi	r20, 0x7F	; 127
    1cb4:	57 e4       	ldi	r21, 0x47	; 71
    1cb6:	0e 94 19 03 	call	0x632	; 0x632 <__gtsf2>
    1cba:	18 16       	cp	r1, r24
    1cbc:	0c f0       	brlt	.+2      	; 0x1cc0 <LCD_sendCommand+0x22e>
    1cbe:	43 c0       	rjmp	.+134    	; 0x1d46 <LCD_sendCommand+0x2b4>
	{
		//	__ticks = requested delay in 1/10 ms
		__ticks = (uint16_t) (__ms * 10.0);
    1cc0:	fe 01       	movw	r30, r28
    1cc2:	ef 5a       	subi	r30, 0xAF	; 175
    1cc4:	ff 4f       	sbci	r31, 0xFF	; 255
    1cc6:	60 81       	ld	r22, Z
    1cc8:	71 81       	ldd	r23, Z+1	; 0x01
    1cca:	82 81       	ldd	r24, Z+2	; 0x02
    1ccc:	93 81       	ldd	r25, Z+3	; 0x03
    1cce:	20 e0       	ldi	r18, 0x00	; 0
    1cd0:	30 e0       	ldi	r19, 0x00	; 0
    1cd2:	40 e2       	ldi	r20, 0x20	; 32
    1cd4:	51 e4       	ldi	r21, 0x41	; 65
    1cd6:	0e 94 1f 02 	call	0x43e	; 0x43e <__mulsf3>
    1cda:	dc 01       	movw	r26, r24
    1cdc:	cb 01       	movw	r24, r22
    1cde:	8e 01       	movw	r16, r28
    1ce0:	05 5b       	subi	r16, 0xB5	; 181
    1ce2:	1f 4f       	sbci	r17, 0xFF	; 255
    1ce4:	bc 01       	movw	r22, r24
    1ce6:	cd 01       	movw	r24, r26
    1ce8:	0e 94 49 00 	call	0x92	; 0x92 <__fixunssfsi>
    1cec:	dc 01       	movw	r26, r24
    1cee:	cb 01       	movw	r24, r22
    1cf0:	f8 01       	movw	r30, r16
    1cf2:	91 83       	std	Z+1, r25	; 0x01
    1cf4:	80 83       	st	Z, r24
    1cf6:	1f c0       	rjmp	.+62     	; 0x1d36 <LCD_sendCommand+0x2a4>
    1cf8:	fe 01       	movw	r30, r28
    1cfa:	e7 5b       	subi	r30, 0xB7	; 183
    1cfc:	ff 4f       	sbci	r31, 0xFF	; 255
    1cfe:	88 ec       	ldi	r24, 0xC8	; 200
    1d00:	90 e0       	ldi	r25, 0x00	; 0
    1d02:	91 83       	std	Z+1, r25	; 0x01
    1d04:	80 83       	st	Z, r24
    1d06:	fe 01       	movw	r30, r28
    1d08:	e7 5b       	subi	r30, 0xB7	; 183
    1d0a:	ff 4f       	sbci	r31, 0xFF	; 255
    1d0c:	80 81       	ld	r24, Z
    1d0e:	91 81       	ldd	r25, Z+1	; 0x01
    1d10:	01 97       	sbiw	r24, 0x01	; 1
    1d12:	f1 f7       	brne	.-4      	; 0x1d10 <LCD_sendCommand+0x27e>
    1d14:	fe 01       	movw	r30, r28
    1d16:	e7 5b       	subi	r30, 0xB7	; 183
    1d18:	ff 4f       	sbci	r31, 0xFF	; 255
    1d1a:	91 83       	std	Z+1, r25	; 0x01
    1d1c:	80 83       	st	Z, r24
		while(__ticks)
		{
			// wait 1/10 ms
			_delay_loop_2(((F_CPU) / 4e3) / 10);
			__ticks --;
    1d1e:	de 01       	movw	r26, r28
    1d20:	a5 5b       	subi	r26, 0xB5	; 181
    1d22:	bf 4f       	sbci	r27, 0xFF	; 255
    1d24:	fe 01       	movw	r30, r28
    1d26:	e5 5b       	subi	r30, 0xB5	; 181
    1d28:	ff 4f       	sbci	r31, 0xFF	; 255
    1d2a:	80 81       	ld	r24, Z
    1d2c:	91 81       	ldd	r25, Z+1	; 0x01
    1d2e:	01 97       	sbiw	r24, 0x01	; 1
    1d30:	11 96       	adiw	r26, 0x01	; 1
    1d32:	9c 93       	st	X, r25
    1d34:	8e 93       	st	-X, r24
		__ticks = 1;
	else if (__tmp > 65535)
	{
		//	__ticks = requested delay in 1/10 ms
		__ticks = (uint16_t) (__ms * 10.0);
		while(__ticks)
    1d36:	fe 01       	movw	r30, r28
    1d38:	e5 5b       	subi	r30, 0xB5	; 181
    1d3a:	ff 4f       	sbci	r31, 0xFF	; 255
    1d3c:	80 81       	ld	r24, Z
    1d3e:	91 81       	ldd	r25, Z+1	; 0x01
    1d40:	00 97       	sbiw	r24, 0x00	; 0
    1d42:	d1 f6       	brne	.-76     	; 0x1cf8 <LCD_sendCommand+0x266>
    1d44:	27 c0       	rjmp	.+78     	; 0x1d94 <LCD_sendCommand+0x302>
			__ticks --;
		}
		return;
	}
	else
		__ticks = (uint16_t)__tmp;
    1d46:	8e 01       	movw	r16, r28
    1d48:	05 5b       	subi	r16, 0xB5	; 181
    1d4a:	1f 4f       	sbci	r17, 0xFF	; 255
    1d4c:	fe 01       	movw	r30, r28
    1d4e:	e3 5b       	subi	r30, 0xB3	; 179
    1d50:	ff 4f       	sbci	r31, 0xFF	; 255
    1d52:	60 81       	ld	r22, Z
    1d54:	71 81       	ldd	r23, Z+1	; 0x01
    1d56:	82 81       	ldd	r24, Z+2	; 0x02
    1d58:	93 81       	ldd	r25, Z+3	; 0x03
    1d5a:	0e 94 49 00 	call	0x92	; 0x92 <__fixunssfsi>
    1d5e:	dc 01       	movw	r26, r24
    1d60:	cb 01       	movw	r24, r22
    1d62:	f8 01       	movw	r30, r16
    1d64:	91 83       	std	Z+1, r25	; 0x01
    1d66:	80 83       	st	Z, r24
    1d68:	de 01       	movw	r26, r28
    1d6a:	a9 5b       	subi	r26, 0xB9	; 185
    1d6c:	bf 4f       	sbci	r27, 0xFF	; 255
    1d6e:	fe 01       	movw	r30, r28
    1d70:	e5 5b       	subi	r30, 0xB5	; 181
    1d72:	ff 4f       	sbci	r31, 0xFF	; 255
    1d74:	80 81       	ld	r24, Z
    1d76:	91 81       	ldd	r25, Z+1	; 0x01
    1d78:	8d 93       	st	X+, r24
    1d7a:	9c 93       	st	X, r25
    1d7c:	fe 01       	movw	r30, r28
    1d7e:	e9 5b       	subi	r30, 0xB9	; 185
    1d80:	ff 4f       	sbci	r31, 0xFF	; 255
    1d82:	80 81       	ld	r24, Z
    1d84:	91 81       	ldd	r25, Z+1	; 0x01
    1d86:	01 97       	sbiw	r24, 0x01	; 1
    1d88:	f1 f7       	brne	.-4      	; 0x1d86 <LCD_sendCommand+0x2f4>
    1d8a:	fe 01       	movw	r30, r28
    1d8c:	e9 5b       	subi	r30, 0xB9	; 185
    1d8e:	ff 4f       	sbci	r31, 0xFF	; 255
    1d90:	91 83       	std	Z+1, r25	; 0x01
    1d92:	80 83       	st	Z, r24
	_delay_ms(1); /* delay for processing Tpw - Tdws = 190ns */

#if(LCD_DATA_BITS_MODE == 4)
	GPIO_writePin(LCD_DATA_PORT_ID,LCD_DB4_PIN_ID,GET_BIT(command,4));
    1d94:	fe 01       	movw	r30, r28
    1d96:	ed 59       	subi	r30, 0x9D	; 157
    1d98:	ff 4f       	sbci	r31, 0xFF	; 255
    1d9a:	80 81       	ld	r24, Z
    1d9c:	88 2f       	mov	r24, r24
    1d9e:	90 e0       	ldi	r25, 0x00	; 0
    1da0:	80 71       	andi	r24, 0x10	; 16
    1da2:	90 70       	andi	r25, 0x00	; 0
    1da4:	95 95       	asr	r25
    1da6:	87 95       	ror	r24
    1da8:	95 95       	asr	r25
    1daa:	87 95       	ror	r24
    1dac:	95 95       	asr	r25
    1dae:	87 95       	ror	r24
    1db0:	95 95       	asr	r25
    1db2:	87 95       	ror	r24
    1db4:	98 2f       	mov	r25, r24
    1db6:	80 e0       	ldi	r24, 0x00	; 0
    1db8:	63 e0       	ldi	r22, 0x03	; 3
    1dba:	49 2f       	mov	r20, r25
    1dbc:	0e 94 b0 08 	call	0x1160	; 0x1160 <GPIO_writePin>
	GPIO_writePin(LCD_DATA_PORT_ID,LCD_DB5_PIN_ID,GET_BIT(command,5));
    1dc0:	fe 01       	movw	r30, r28
    1dc2:	ed 59       	subi	r30, 0x9D	; 157
    1dc4:	ff 4f       	sbci	r31, 0xFF	; 255
    1dc6:	80 81       	ld	r24, Z
    1dc8:	88 2f       	mov	r24, r24
    1dca:	90 e0       	ldi	r25, 0x00	; 0
    1dcc:	80 72       	andi	r24, 0x20	; 32
    1dce:	90 70       	andi	r25, 0x00	; 0
    1dd0:	95 95       	asr	r25
    1dd2:	87 95       	ror	r24
    1dd4:	95 95       	asr	r25
    1dd6:	87 95       	ror	r24
    1dd8:	95 95       	asr	r25
    1dda:	87 95       	ror	r24
    1ddc:	95 95       	asr	r25
    1dde:	87 95       	ror	r24
    1de0:	95 95       	asr	r25
    1de2:	87 95       	ror	r24
    1de4:	98 2f       	mov	r25, r24
    1de6:	80 e0       	ldi	r24, 0x00	; 0
    1de8:	64 e0       	ldi	r22, 0x04	; 4
    1dea:	49 2f       	mov	r20, r25
    1dec:	0e 94 b0 08 	call	0x1160	; 0x1160 <GPIO_writePin>
	GPIO_writePin(LCD_DATA_PORT_ID,LCD_DB6_PIN_ID,GET_BIT(command,6));
    1df0:	fe 01       	movw	r30, r28
    1df2:	ed 59       	subi	r30, 0x9D	; 157
    1df4:	ff 4f       	sbci	r31, 0xFF	; 255
    1df6:	80 81       	ld	r24, Z
    1df8:	88 2f       	mov	r24, r24
    1dfa:	90 e0       	ldi	r25, 0x00	; 0
    1dfc:	80 74       	andi	r24, 0x40	; 64
    1dfe:	90 70       	andi	r25, 0x00	; 0
    1e00:	08 2e       	mov	r0, r24
    1e02:	89 2f       	mov	r24, r25
    1e04:	00 0c       	add	r0, r0
    1e06:	88 1f       	adc	r24, r24
    1e08:	99 0b       	sbc	r25, r25
    1e0a:	00 0c       	add	r0, r0
    1e0c:	88 1f       	adc	r24, r24
    1e0e:	99 1f       	adc	r25, r25
    1e10:	98 2f       	mov	r25, r24
    1e12:	80 e0       	ldi	r24, 0x00	; 0
    1e14:	65 e0       	ldi	r22, 0x05	; 5
    1e16:	49 2f       	mov	r20, r25
    1e18:	0e 94 b0 08 	call	0x1160	; 0x1160 <GPIO_writePin>
	GPIO_writePin(LCD_DATA_PORT_ID,LCD_DB7_PIN_ID,GET_BIT(command,7));
    1e1c:	fe 01       	movw	r30, r28
    1e1e:	ed 59       	subi	r30, 0x9D	; 157
    1e20:	ff 4f       	sbci	r31, 0xFF	; 255
    1e22:	80 81       	ld	r24, Z
    1e24:	98 2f       	mov	r25, r24
    1e26:	99 1f       	adc	r25, r25
    1e28:	99 27       	eor	r25, r25
    1e2a:	99 1f       	adc	r25, r25
    1e2c:	80 e0       	ldi	r24, 0x00	; 0
    1e2e:	66 e0       	ldi	r22, 0x06	; 6
    1e30:	49 2f       	mov	r20, r25
    1e32:	0e 94 b0 08 	call	0x1160	; 0x1160 <GPIO_writePin>
    1e36:	fe 01       	movw	r30, r28
    1e38:	ed 5b       	subi	r30, 0xBD	; 189
    1e3a:	ff 4f       	sbci	r31, 0xFF	; 255
    1e3c:	80 e0       	ldi	r24, 0x00	; 0
    1e3e:	90 e0       	ldi	r25, 0x00	; 0
    1e40:	a0 e8       	ldi	r26, 0x80	; 128
    1e42:	bf e3       	ldi	r27, 0x3F	; 63
    1e44:	80 83       	st	Z, r24
    1e46:	91 83       	std	Z+1, r25	; 0x01
    1e48:	a2 83       	std	Z+2, r26	; 0x02
    1e4a:	b3 83       	std	Z+3, r27	; 0x03
 */
void
_delay_ms(double __ms)
{
	uint16_t __ticks;
	double __tmp = ((F_CPU) / 4e3) * __ms;
    1e4c:	8e 01       	movw	r16, r28
    1e4e:	01 5c       	subi	r16, 0xC1	; 193
    1e50:	1f 4f       	sbci	r17, 0xFF	; 255
    1e52:	fe 01       	movw	r30, r28
    1e54:	ed 5b       	subi	r30, 0xBD	; 189
    1e56:	ff 4f       	sbci	r31, 0xFF	; 255
    1e58:	60 81       	ld	r22, Z
    1e5a:	71 81       	ldd	r23, Z+1	; 0x01
    1e5c:	82 81       	ldd	r24, Z+2	; 0x02
    1e5e:	93 81       	ldd	r25, Z+3	; 0x03
    1e60:	20 e0       	ldi	r18, 0x00	; 0
    1e62:	30 e0       	ldi	r19, 0x00	; 0
    1e64:	4a ef       	ldi	r20, 0xFA	; 250
    1e66:	54 e4       	ldi	r21, 0x44	; 68
    1e68:	0e 94 1f 02 	call	0x43e	; 0x43e <__mulsf3>
    1e6c:	dc 01       	movw	r26, r24
    1e6e:	cb 01       	movw	r24, r22
    1e70:	f8 01       	movw	r30, r16
    1e72:	80 83       	st	Z, r24
    1e74:	91 83       	std	Z+1, r25	; 0x01
    1e76:	a2 83       	std	Z+2, r26	; 0x02
    1e78:	b3 83       	std	Z+3, r27	; 0x03
	if (__tmp < 1.0)
    1e7a:	fe 01       	movw	r30, r28
    1e7c:	ff 96       	adiw	r30, 0x3f	; 63
    1e7e:	60 81       	ld	r22, Z
    1e80:	71 81       	ldd	r23, Z+1	; 0x01
    1e82:	82 81       	ldd	r24, Z+2	; 0x02
    1e84:	93 81       	ldd	r25, Z+3	; 0x03
    1e86:	20 e0       	ldi	r18, 0x00	; 0
    1e88:	30 e0       	ldi	r19, 0x00	; 0
    1e8a:	40 e8       	ldi	r20, 0x80	; 128
    1e8c:	5f e3       	ldi	r21, 0x3F	; 63
    1e8e:	0e 94 79 03 	call	0x6f2	; 0x6f2 <__ltsf2>
    1e92:	88 23       	and	r24, r24
    1e94:	2c f4       	brge	.+10     	; 0x1ea0 <LCD_sendCommand+0x40e>
		__ticks = 1;
    1e96:	81 e0       	ldi	r24, 0x01	; 1
    1e98:	90 e0       	ldi	r25, 0x00	; 0
    1e9a:	9e af       	std	Y+62, r25	; 0x3e
    1e9c:	8d af       	std	Y+61, r24	; 0x3d
    1e9e:	46 c0       	rjmp	.+140    	; 0x1f2c <LCD_sendCommand+0x49a>
	else if (__tmp > 65535)
    1ea0:	fe 01       	movw	r30, r28
    1ea2:	ff 96       	adiw	r30, 0x3f	; 63
    1ea4:	60 81       	ld	r22, Z
    1ea6:	71 81       	ldd	r23, Z+1	; 0x01
    1ea8:	82 81       	ldd	r24, Z+2	; 0x02
    1eaa:	93 81       	ldd	r25, Z+3	; 0x03
    1eac:	20 e0       	ldi	r18, 0x00	; 0
    1eae:	3f ef       	ldi	r19, 0xFF	; 255
    1eb0:	4f e7       	ldi	r20, 0x7F	; 127
    1eb2:	57 e4       	ldi	r21, 0x47	; 71
    1eb4:	0e 94 19 03 	call	0x632	; 0x632 <__gtsf2>
    1eb8:	18 16       	cp	r1, r24
    1eba:	64 f5       	brge	.+88     	; 0x1f14 <LCD_sendCommand+0x482>
	{
		//	__ticks = requested delay in 1/10 ms
		__ticks = (uint16_t) (__ms * 10.0);
    1ebc:	fe 01       	movw	r30, r28
    1ebe:	ed 5b       	subi	r30, 0xBD	; 189
    1ec0:	ff 4f       	sbci	r31, 0xFF	; 255
    1ec2:	60 81       	ld	r22, Z
    1ec4:	71 81       	ldd	r23, Z+1	; 0x01
    1ec6:	82 81       	ldd	r24, Z+2	; 0x02
    1ec8:	93 81       	ldd	r25, Z+3	; 0x03
    1eca:	20 e0       	ldi	r18, 0x00	; 0
    1ecc:	30 e0       	ldi	r19, 0x00	; 0
    1ece:	40 e2       	ldi	r20, 0x20	; 32
    1ed0:	51 e4       	ldi	r21, 0x41	; 65
    1ed2:	0e 94 1f 02 	call	0x43e	; 0x43e <__mulsf3>
    1ed6:	dc 01       	movw	r26, r24
    1ed8:	cb 01       	movw	r24, r22
    1eda:	bc 01       	movw	r22, r24
    1edc:	cd 01       	movw	r24, r26
    1ede:	0e 94 49 00 	call	0x92	; 0x92 <__fixunssfsi>
    1ee2:	dc 01       	movw	r26, r24
    1ee4:	cb 01       	movw	r24, r22
    1ee6:	9e af       	std	Y+62, r25	; 0x3e
    1ee8:	8d af       	std	Y+61, r24	; 0x3d
    1eea:	0f c0       	rjmp	.+30     	; 0x1f0a <LCD_sendCommand+0x478>
    1eec:	88 ec       	ldi	r24, 0xC8	; 200
    1eee:	90 e0       	ldi	r25, 0x00	; 0
    1ef0:	9c af       	std	Y+60, r25	; 0x3c
    1ef2:	8b af       	std	Y+59, r24	; 0x3b
    1ef4:	8b ad       	ldd	r24, Y+59	; 0x3b
    1ef6:	9c ad       	ldd	r25, Y+60	; 0x3c
    1ef8:	01 97       	sbiw	r24, 0x01	; 1
    1efa:	f1 f7       	brne	.-4      	; 0x1ef8 <LCD_sendCommand+0x466>
    1efc:	9c af       	std	Y+60, r25	; 0x3c
    1efe:	8b af       	std	Y+59, r24	; 0x3b
		while(__ticks)
		{
			// wait 1/10 ms
			_delay_loop_2(((F_CPU) / 4e3) / 10);
			__ticks --;
    1f00:	8d ad       	ldd	r24, Y+61	; 0x3d
    1f02:	9e ad       	ldd	r25, Y+62	; 0x3e
    1f04:	01 97       	sbiw	r24, 0x01	; 1
    1f06:	9e af       	std	Y+62, r25	; 0x3e
    1f08:	8d af       	std	Y+61, r24	; 0x3d
		__ticks = 1;
	else if (__tmp > 65535)
	{
		//	__ticks = requested delay in 1/10 ms
		__ticks = (uint16_t) (__ms * 10.0);
		while(__ticks)
    1f0a:	8d ad       	ldd	r24, Y+61	; 0x3d
    1f0c:	9e ad       	ldd	r25, Y+62	; 0x3e
    1f0e:	00 97       	sbiw	r24, 0x00	; 0
    1f10:	69 f7       	brne	.-38     	; 0x1eec <LCD_sendCommand+0x45a>
    1f12:	16 c0       	rjmp	.+44     	; 0x1f40 <LCD_sendCommand+0x4ae>
			__ticks --;
		}
		return;
	}
	else
		__ticks = (uint16_t)__tmp;
    1f14:	fe 01       	movw	r30, r28
    1f16:	ff 96       	adiw	r30, 0x3f	; 63
    1f18:	60 81       	ld	r22, Z
    1f1a:	71 81       	ldd	r23, Z+1	; 0x01
    1f1c:	82 81       	ldd	r24, Z+2	; 0x02
    1f1e:	93 81       	ldd	r25, Z+3	; 0x03
    1f20:	0e 94 49 00 	call	0x92	; 0x92 <__fixunssfsi>
    1f24:	dc 01       	movw	r26, r24
    1f26:	cb 01       	movw	r24, r22
    1f28:	9e af       	std	Y+62, r25	; 0x3e
    1f2a:	8d af       	std	Y+61, r24	; 0x3d
    1f2c:	8d ad       	ldd	r24, Y+61	; 0x3d
    1f2e:	9e ad       	ldd	r25, Y+62	; 0x3e
    1f30:	9a af       	std	Y+58, r25	; 0x3a
    1f32:	89 af       	std	Y+57, r24	; 0x39
    1f34:	89 ad       	ldd	r24, Y+57	; 0x39
    1f36:	9a ad       	ldd	r25, Y+58	; 0x3a
    1f38:	01 97       	sbiw	r24, 0x01	; 1
    1f3a:	f1 f7       	brne	.-4      	; 0x1f38 <LCD_sendCommand+0x4a6>
    1f3c:	9a af       	std	Y+58, r25	; 0x3a
    1f3e:	89 af       	std	Y+57, r24	; 0x39

	_delay_ms(1); /* delay for processing Tdsw = 100ns */
	GPIO_writePin(LCD_E_PORT_ID,LCD_E_PIN_ID,LOGIC_LOW); /* Disable LCD E=0 */
    1f40:	80 e0       	ldi	r24, 0x00	; 0
    1f42:	62 e0       	ldi	r22, 0x02	; 2
    1f44:	40 e0       	ldi	r20, 0x00	; 0
    1f46:	0e 94 b0 08 	call	0x1160	; 0x1160 <GPIO_writePin>
    1f4a:	80 e0       	ldi	r24, 0x00	; 0
    1f4c:	90 e0       	ldi	r25, 0x00	; 0
    1f4e:	a0 e8       	ldi	r26, 0x80	; 128
    1f50:	bf e3       	ldi	r27, 0x3F	; 63
    1f52:	8d ab       	std	Y+53, r24	; 0x35
    1f54:	9e ab       	std	Y+54, r25	; 0x36
    1f56:	af ab       	std	Y+55, r26	; 0x37
    1f58:	b8 af       	std	Y+56, r27	; 0x38
 */
void
_delay_ms(double __ms)
{
	uint16_t __ticks;
	double __tmp = ((F_CPU) / 4e3) * __ms;
    1f5a:	6d a9       	ldd	r22, Y+53	; 0x35
    1f5c:	7e a9       	ldd	r23, Y+54	; 0x36
    1f5e:	8f a9       	ldd	r24, Y+55	; 0x37
    1f60:	98 ad       	ldd	r25, Y+56	; 0x38
    1f62:	20 e0       	ldi	r18, 0x00	; 0
    1f64:	30 e0       	ldi	r19, 0x00	; 0
    1f66:	4a ef       	ldi	r20, 0xFA	; 250
    1f68:	54 e4       	ldi	r21, 0x44	; 68
    1f6a:	0e 94 1f 02 	call	0x43e	; 0x43e <__mulsf3>
    1f6e:	dc 01       	movw	r26, r24
    1f70:	cb 01       	movw	r24, r22
    1f72:	89 ab       	std	Y+49, r24	; 0x31
    1f74:	9a ab       	std	Y+50, r25	; 0x32
    1f76:	ab ab       	std	Y+51, r26	; 0x33
    1f78:	bc ab       	std	Y+52, r27	; 0x34
	if (__tmp < 1.0)
    1f7a:	69 a9       	ldd	r22, Y+49	; 0x31
    1f7c:	7a a9       	ldd	r23, Y+50	; 0x32
    1f7e:	8b a9       	ldd	r24, Y+51	; 0x33
    1f80:	9c a9       	ldd	r25, Y+52	; 0x34
    1f82:	20 e0       	ldi	r18, 0x00	; 0
    1f84:	30 e0       	ldi	r19, 0x00	; 0
    1f86:	40 e8       	ldi	r20, 0x80	; 128
    1f88:	5f e3       	ldi	r21, 0x3F	; 63
    1f8a:	0e 94 79 03 	call	0x6f2	; 0x6f2 <__ltsf2>
    1f8e:	88 23       	and	r24, r24
    1f90:	2c f4       	brge	.+10     	; 0x1f9c <LCD_sendCommand+0x50a>
		__ticks = 1;
    1f92:	81 e0       	ldi	r24, 0x01	; 1
    1f94:	90 e0       	ldi	r25, 0x00	; 0
    1f96:	98 ab       	std	Y+48, r25	; 0x30
    1f98:	8f a7       	std	Y+47, r24	; 0x2f
    1f9a:	3f c0       	rjmp	.+126    	; 0x201a <LCD_sendCommand+0x588>
	else if (__tmp > 65535)
    1f9c:	69 a9       	ldd	r22, Y+49	; 0x31
    1f9e:	7a a9       	ldd	r23, Y+50	; 0x32
    1fa0:	8b a9       	ldd	r24, Y+51	; 0x33
    1fa2:	9c a9       	ldd	r25, Y+52	; 0x34
    1fa4:	20 e0       	ldi	r18, 0x00	; 0
    1fa6:	3f ef       	ldi	r19, 0xFF	; 255
    1fa8:	4f e7       	ldi	r20, 0x7F	; 127
    1faa:	57 e4       	ldi	r21, 0x47	; 71
    1fac:	0e 94 19 03 	call	0x632	; 0x632 <__gtsf2>
    1fb0:	18 16       	cp	r1, r24
    1fb2:	4c f5       	brge	.+82     	; 0x2006 <LCD_sendCommand+0x574>
	{
		//	__ticks = requested delay in 1/10 ms
		__ticks = (uint16_t) (__ms * 10.0);
    1fb4:	6d a9       	ldd	r22, Y+53	; 0x35
    1fb6:	7e a9       	ldd	r23, Y+54	; 0x36
    1fb8:	8f a9       	ldd	r24, Y+55	; 0x37
    1fba:	98 ad       	ldd	r25, Y+56	; 0x38
    1fbc:	20 e0       	ldi	r18, 0x00	; 0
    1fbe:	30 e0       	ldi	r19, 0x00	; 0
    1fc0:	40 e2       	ldi	r20, 0x20	; 32
    1fc2:	51 e4       	ldi	r21, 0x41	; 65
    1fc4:	0e 94 1f 02 	call	0x43e	; 0x43e <__mulsf3>
    1fc8:	dc 01       	movw	r26, r24
    1fca:	cb 01       	movw	r24, r22
    1fcc:	bc 01       	movw	r22, r24
    1fce:	cd 01       	movw	r24, r26
    1fd0:	0e 94 49 00 	call	0x92	; 0x92 <__fixunssfsi>
    1fd4:	dc 01       	movw	r26, r24
    1fd6:	cb 01       	movw	r24, r22
    1fd8:	98 ab       	std	Y+48, r25	; 0x30
    1fda:	8f a7       	std	Y+47, r24	; 0x2f
    1fdc:	0f c0       	rjmp	.+30     	; 0x1ffc <LCD_sendCommand+0x56a>
    1fde:	88 ec       	ldi	r24, 0xC8	; 200
    1fe0:	90 e0       	ldi	r25, 0x00	; 0
    1fe2:	9e a7       	std	Y+46, r25	; 0x2e
    1fe4:	8d a7       	std	Y+45, r24	; 0x2d
    1fe6:	8d a5       	ldd	r24, Y+45	; 0x2d
    1fe8:	9e a5       	ldd	r25, Y+46	; 0x2e
    1fea:	01 97       	sbiw	r24, 0x01	; 1
    1fec:	f1 f7       	brne	.-4      	; 0x1fea <LCD_sendCommand+0x558>
    1fee:	9e a7       	std	Y+46, r25	; 0x2e
    1ff0:	8d a7       	std	Y+45, r24	; 0x2d
		while(__ticks)
		{
			// wait 1/10 ms
			_delay_loop_2(((F_CPU) / 4e3) / 10);
			__ticks --;
    1ff2:	8f a5       	ldd	r24, Y+47	; 0x2f
    1ff4:	98 a9       	ldd	r25, Y+48	; 0x30
    1ff6:	01 97       	sbiw	r24, 0x01	; 1
    1ff8:	98 ab       	std	Y+48, r25	; 0x30
    1ffa:	8f a7       	std	Y+47, r24	; 0x2f
		__ticks = 1;
	else if (__tmp > 65535)
	{
		//	__ticks = requested delay in 1/10 ms
		__ticks = (uint16_t) (__ms * 10.0);
		while(__ticks)
    1ffc:	8f a5       	ldd	r24, Y+47	; 0x2f
    1ffe:	98 a9       	ldd	r25, Y+48	; 0x30
    2000:	00 97       	sbiw	r24, 0x00	; 0
    2002:	69 f7       	brne	.-38     	; 0x1fde <LCD_sendCommand+0x54c>
    2004:	14 c0       	rjmp	.+40     	; 0x202e <LCD_sendCommand+0x59c>
			__ticks --;
		}
		return;
	}
	else
		__ticks = (uint16_t)__tmp;
    2006:	69 a9       	ldd	r22, Y+49	; 0x31
    2008:	7a a9       	ldd	r23, Y+50	; 0x32
    200a:	8b a9       	ldd	r24, Y+51	; 0x33
    200c:	9c a9       	ldd	r25, Y+52	; 0x34
    200e:	0e 94 49 00 	call	0x92	; 0x92 <__fixunssfsi>
    2012:	dc 01       	movw	r26, r24
    2014:	cb 01       	movw	r24, r22
    2016:	98 ab       	std	Y+48, r25	; 0x30
    2018:	8f a7       	std	Y+47, r24	; 0x2f
    201a:	8f a5       	ldd	r24, Y+47	; 0x2f
    201c:	98 a9       	ldd	r25, Y+48	; 0x30
    201e:	9c a7       	std	Y+44, r25	; 0x2c
    2020:	8b a7       	std	Y+43, r24	; 0x2b
    2022:	8b a5       	ldd	r24, Y+43	; 0x2b
    2024:	9c a5       	ldd	r25, Y+44	; 0x2c
    2026:	01 97       	sbiw	r24, 0x01	; 1
    2028:	f1 f7       	brne	.-4      	; 0x2026 <LCD_sendCommand+0x594>
    202a:	9c a7       	std	Y+44, r25	; 0x2c
    202c:	8b a7       	std	Y+43, r24	; 0x2b
	_delay_ms(1); /* delay for processing Th = 13ns */
	GPIO_writePin(LCD_E_PORT_ID,LCD_E_PIN_ID,LOGIC_HIGH); /* Enable LCD E=1 */
    202e:	80 e0       	ldi	r24, 0x00	; 0
    2030:	62 e0       	ldi	r22, 0x02	; 2
    2032:	41 e0       	ldi	r20, 0x01	; 1
    2034:	0e 94 b0 08 	call	0x1160	; 0x1160 <GPIO_writePin>
    2038:	80 e0       	ldi	r24, 0x00	; 0
    203a:	90 e0       	ldi	r25, 0x00	; 0
    203c:	a0 e8       	ldi	r26, 0x80	; 128
    203e:	bf e3       	ldi	r27, 0x3F	; 63
    2040:	8f a3       	std	Y+39, r24	; 0x27
    2042:	98 a7       	std	Y+40, r25	; 0x28
    2044:	a9 a7       	std	Y+41, r26	; 0x29
    2046:	ba a7       	std	Y+42, r27	; 0x2a
 */
void
_delay_ms(double __ms)
{
	uint16_t __ticks;
	double __tmp = ((F_CPU) / 4e3) * __ms;
    2048:	6f a1       	ldd	r22, Y+39	; 0x27
    204a:	78 a5       	ldd	r23, Y+40	; 0x28
    204c:	89 a5       	ldd	r24, Y+41	; 0x29
    204e:	9a a5       	ldd	r25, Y+42	; 0x2a
    2050:	20 e0       	ldi	r18, 0x00	; 0
    2052:	30 e0       	ldi	r19, 0x00	; 0
    2054:	4a ef       	ldi	r20, 0xFA	; 250
    2056:	54 e4       	ldi	r21, 0x44	; 68
    2058:	0e 94 1f 02 	call	0x43e	; 0x43e <__mulsf3>
    205c:	dc 01       	movw	r26, r24
    205e:	cb 01       	movw	r24, r22
    2060:	8b a3       	std	Y+35, r24	; 0x23
    2062:	9c a3       	std	Y+36, r25	; 0x24
    2064:	ad a3       	std	Y+37, r26	; 0x25
    2066:	be a3       	std	Y+38, r27	; 0x26
	if (__tmp < 1.0)
    2068:	6b a1       	ldd	r22, Y+35	; 0x23
    206a:	7c a1       	ldd	r23, Y+36	; 0x24
    206c:	8d a1       	ldd	r24, Y+37	; 0x25
    206e:	9e a1       	ldd	r25, Y+38	; 0x26
    2070:	20 e0       	ldi	r18, 0x00	; 0
    2072:	30 e0       	ldi	r19, 0x00	; 0
    2074:	40 e8       	ldi	r20, 0x80	; 128
    2076:	5f e3       	ldi	r21, 0x3F	; 63
    2078:	0e 94 79 03 	call	0x6f2	; 0x6f2 <__ltsf2>
    207c:	88 23       	and	r24, r24
    207e:	2c f4       	brge	.+10     	; 0x208a <LCD_sendCommand+0x5f8>
		__ticks = 1;
    2080:	81 e0       	ldi	r24, 0x01	; 1
    2082:	90 e0       	ldi	r25, 0x00	; 0
    2084:	9a a3       	std	Y+34, r25	; 0x22
    2086:	89 a3       	std	Y+33, r24	; 0x21
    2088:	3f c0       	rjmp	.+126    	; 0x2108 <LCD_sendCommand+0x676>
	else if (__tmp > 65535)
    208a:	6b a1       	ldd	r22, Y+35	; 0x23
    208c:	7c a1       	ldd	r23, Y+36	; 0x24
    208e:	8d a1       	ldd	r24, Y+37	; 0x25
    2090:	9e a1       	ldd	r25, Y+38	; 0x26
    2092:	20 e0       	ldi	r18, 0x00	; 0
    2094:	3f ef       	ldi	r19, 0xFF	; 255
    2096:	4f e7       	ldi	r20, 0x7F	; 127
    2098:	57 e4       	ldi	r21, 0x47	; 71
    209a:	0e 94 19 03 	call	0x632	; 0x632 <__gtsf2>
    209e:	18 16       	cp	r1, r24
    20a0:	4c f5       	brge	.+82     	; 0x20f4 <LCD_sendCommand+0x662>
	{
		//	__ticks = requested delay in 1/10 ms
		__ticks = (uint16_t) (__ms * 10.0);
    20a2:	6f a1       	ldd	r22, Y+39	; 0x27
    20a4:	78 a5       	ldd	r23, Y+40	; 0x28
    20a6:	89 a5       	ldd	r24, Y+41	; 0x29
    20a8:	9a a5       	ldd	r25, Y+42	; 0x2a
    20aa:	20 e0       	ldi	r18, 0x00	; 0
    20ac:	30 e0       	ldi	r19, 0x00	; 0
    20ae:	40 e2       	ldi	r20, 0x20	; 32
    20b0:	51 e4       	ldi	r21, 0x41	; 65
    20b2:	0e 94 1f 02 	call	0x43e	; 0x43e <__mulsf3>
    20b6:	dc 01       	movw	r26, r24
    20b8:	cb 01       	movw	r24, r22
    20ba:	bc 01       	movw	r22, r24
    20bc:	cd 01       	movw	r24, r26
    20be:	0e 94 49 00 	call	0x92	; 0x92 <__fixunssfsi>
    20c2:	dc 01       	movw	r26, r24
    20c4:	cb 01       	movw	r24, r22
    20c6:	9a a3       	std	Y+34, r25	; 0x22
    20c8:	89 a3       	std	Y+33, r24	; 0x21
    20ca:	0f c0       	rjmp	.+30     	; 0x20ea <LCD_sendCommand+0x658>
    20cc:	88 ec       	ldi	r24, 0xC8	; 200
    20ce:	90 e0       	ldi	r25, 0x00	; 0
    20d0:	98 a3       	std	Y+32, r25	; 0x20
    20d2:	8f 8f       	std	Y+31, r24	; 0x1f
    20d4:	8f 8d       	ldd	r24, Y+31	; 0x1f
    20d6:	98 a1       	ldd	r25, Y+32	; 0x20
    20d8:	01 97       	sbiw	r24, 0x01	; 1
    20da:	f1 f7       	brne	.-4      	; 0x20d8 <LCD_sendCommand+0x646>
    20dc:	98 a3       	std	Y+32, r25	; 0x20
    20de:	8f 8f       	std	Y+31, r24	; 0x1f
		while(__ticks)
		{
			// wait 1/10 ms
			_delay_loop_2(((F_CPU) / 4e3) / 10);
			__ticks --;
    20e0:	89 a1       	ldd	r24, Y+33	; 0x21
    20e2:	9a a1       	ldd	r25, Y+34	; 0x22
    20e4:	01 97       	sbiw	r24, 0x01	; 1
    20e6:	9a a3       	std	Y+34, r25	; 0x22
    20e8:	89 a3       	std	Y+33, r24	; 0x21
		__ticks = 1;
	else if (__tmp > 65535)
	{
		//	__ticks = requested delay in 1/10 ms
		__ticks = (uint16_t) (__ms * 10.0);
		while(__ticks)
    20ea:	89 a1       	ldd	r24, Y+33	; 0x21
    20ec:	9a a1       	ldd	r25, Y+34	; 0x22
    20ee:	00 97       	sbiw	r24, 0x00	; 0
    20f0:	69 f7       	brne	.-38     	; 0x20cc <LCD_sendCommand+0x63a>
    20f2:	14 c0       	rjmp	.+40     	; 0x211c <LCD_sendCommand+0x68a>
			__ticks --;
		}
		return;
	}
	else
		__ticks = (uint16_t)__tmp;
    20f4:	6b a1       	ldd	r22, Y+35	; 0x23
    20f6:	7c a1       	ldd	r23, Y+36	; 0x24
    20f8:	8d a1       	ldd	r24, Y+37	; 0x25
    20fa:	9e a1       	ldd	r25, Y+38	; 0x26
    20fc:	0e 94 49 00 	call	0x92	; 0x92 <__fixunssfsi>
    2100:	dc 01       	movw	r26, r24
    2102:	cb 01       	movw	r24, r22
    2104:	9a a3       	std	Y+34, r25	; 0x22
    2106:	89 a3       	std	Y+33, r24	; 0x21
    2108:	89 a1       	ldd	r24, Y+33	; 0x21
    210a:	9a a1       	ldd	r25, Y+34	; 0x22
    210c:	9e 8f       	std	Y+30, r25	; 0x1e
    210e:	8d 8f       	std	Y+29, r24	; 0x1d
    2110:	8d 8d       	ldd	r24, Y+29	; 0x1d
    2112:	9e 8d       	ldd	r25, Y+30	; 0x1e
    2114:	01 97       	sbiw	r24, 0x01	; 1
    2116:	f1 f7       	brne	.-4      	; 0x2114 <LCD_sendCommand+0x682>
    2118:	9e 8f       	std	Y+30, r25	; 0x1e
    211a:	8d 8f       	std	Y+29, r24	; 0x1d
	_delay_ms(1); /* delay for processing Tpw - Tdws = 190ns */

	GPIO_writePin(LCD_DATA_PORT_ID,LCD_DB4_PIN_ID,GET_BIT(command,0));
    211c:	fe 01       	movw	r30, r28
    211e:	ed 59       	subi	r30, 0x9D	; 157
    2120:	ff 4f       	sbci	r31, 0xFF	; 255
    2122:	80 81       	ld	r24, Z
    2124:	98 2f       	mov	r25, r24
    2126:	91 70       	andi	r25, 0x01	; 1
    2128:	80 e0       	ldi	r24, 0x00	; 0
    212a:	63 e0       	ldi	r22, 0x03	; 3
    212c:	49 2f       	mov	r20, r25
    212e:	0e 94 b0 08 	call	0x1160	; 0x1160 <GPIO_writePin>
	GPIO_writePin(LCD_DATA_PORT_ID,LCD_DB5_PIN_ID,GET_BIT(command,1));
    2132:	fe 01       	movw	r30, r28
    2134:	ed 59       	subi	r30, 0x9D	; 157
    2136:	ff 4f       	sbci	r31, 0xFF	; 255
    2138:	80 81       	ld	r24, Z
    213a:	88 2f       	mov	r24, r24
    213c:	90 e0       	ldi	r25, 0x00	; 0
    213e:	82 70       	andi	r24, 0x02	; 2
    2140:	90 70       	andi	r25, 0x00	; 0
    2142:	95 95       	asr	r25
    2144:	87 95       	ror	r24
    2146:	98 2f       	mov	r25, r24
    2148:	80 e0       	ldi	r24, 0x00	; 0
    214a:	64 e0       	ldi	r22, 0x04	; 4
    214c:	49 2f       	mov	r20, r25
    214e:	0e 94 b0 08 	call	0x1160	; 0x1160 <GPIO_writePin>
	GPIO_writePin(LCD_DATA_PORT_ID,LCD_DB6_PIN_ID,GET_BIT(command,2));
    2152:	fe 01       	movw	r30, r28
    2154:	ed 59       	subi	r30, 0x9D	; 157
    2156:	ff 4f       	sbci	r31, 0xFF	; 255
    2158:	80 81       	ld	r24, Z
    215a:	88 2f       	mov	r24, r24
    215c:	90 e0       	ldi	r25, 0x00	; 0
    215e:	84 70       	andi	r24, 0x04	; 4
    2160:	90 70       	andi	r25, 0x00	; 0
    2162:	95 95       	asr	r25
    2164:	87 95       	ror	r24
    2166:	95 95       	asr	r25
    2168:	87 95       	ror	r24
    216a:	98 2f       	mov	r25, r24
    216c:	80 e0       	ldi	r24, 0x00	; 0
    216e:	65 e0       	ldi	r22, 0x05	; 5
    2170:	49 2f       	mov	r20, r25
    2172:	0e 94 b0 08 	call	0x1160	; 0x1160 <GPIO_writePin>
	GPIO_writePin(LCD_DATA_PORT_ID,LCD_DB7_PIN_ID,GET_BIT(command,3));
    2176:	fe 01       	movw	r30, r28
    2178:	ed 59       	subi	r30, 0x9D	; 157
    217a:	ff 4f       	sbci	r31, 0xFF	; 255
    217c:	80 81       	ld	r24, Z
    217e:	88 2f       	mov	r24, r24
    2180:	90 e0       	ldi	r25, 0x00	; 0
    2182:	88 70       	andi	r24, 0x08	; 8
    2184:	90 70       	andi	r25, 0x00	; 0
    2186:	95 95       	asr	r25
    2188:	87 95       	ror	r24
    218a:	95 95       	asr	r25
    218c:	87 95       	ror	r24
    218e:	95 95       	asr	r25
    2190:	87 95       	ror	r24
    2192:	98 2f       	mov	r25, r24
    2194:	80 e0       	ldi	r24, 0x00	; 0
    2196:	66 e0       	ldi	r22, 0x06	; 6
    2198:	49 2f       	mov	r20, r25
    219a:	0e 94 b0 08 	call	0x1160	; 0x1160 <GPIO_writePin>
    219e:	80 e0       	ldi	r24, 0x00	; 0
    21a0:	90 e0       	ldi	r25, 0x00	; 0
    21a2:	a0 e8       	ldi	r26, 0x80	; 128
    21a4:	bf e3       	ldi	r27, 0x3F	; 63
    21a6:	89 8f       	std	Y+25, r24	; 0x19
    21a8:	9a 8f       	std	Y+26, r25	; 0x1a
    21aa:	ab 8f       	std	Y+27, r26	; 0x1b
    21ac:	bc 8f       	std	Y+28, r27	; 0x1c
 */
void
_delay_ms(double __ms)
{
	uint16_t __ticks;
	double __tmp = ((F_CPU) / 4e3) * __ms;
    21ae:	69 8d       	ldd	r22, Y+25	; 0x19
    21b0:	7a 8d       	ldd	r23, Y+26	; 0x1a
    21b2:	8b 8d       	ldd	r24, Y+27	; 0x1b
    21b4:	9c 8d       	ldd	r25, Y+28	; 0x1c
    21b6:	20 e0       	ldi	r18, 0x00	; 0
    21b8:	30 e0       	ldi	r19, 0x00	; 0
    21ba:	4a ef       	ldi	r20, 0xFA	; 250
    21bc:	54 e4       	ldi	r21, 0x44	; 68
    21be:	0e 94 1f 02 	call	0x43e	; 0x43e <__mulsf3>
    21c2:	dc 01       	movw	r26, r24
    21c4:	cb 01       	movw	r24, r22
    21c6:	8d 8b       	std	Y+21, r24	; 0x15
    21c8:	9e 8b       	std	Y+22, r25	; 0x16
    21ca:	af 8b       	std	Y+23, r26	; 0x17
    21cc:	b8 8f       	std	Y+24, r27	; 0x18
	if (__tmp < 1.0)
    21ce:	6d 89       	ldd	r22, Y+21	; 0x15
    21d0:	7e 89       	ldd	r23, Y+22	; 0x16
    21d2:	8f 89       	ldd	r24, Y+23	; 0x17
    21d4:	98 8d       	ldd	r25, Y+24	; 0x18
    21d6:	20 e0       	ldi	r18, 0x00	; 0
    21d8:	30 e0       	ldi	r19, 0x00	; 0
    21da:	40 e8       	ldi	r20, 0x80	; 128
    21dc:	5f e3       	ldi	r21, 0x3F	; 63
    21de:	0e 94 79 03 	call	0x6f2	; 0x6f2 <__ltsf2>
    21e2:	88 23       	and	r24, r24
    21e4:	2c f4       	brge	.+10     	; 0x21f0 <LCD_sendCommand+0x75e>
		__ticks = 1;
    21e6:	81 e0       	ldi	r24, 0x01	; 1
    21e8:	90 e0       	ldi	r25, 0x00	; 0
    21ea:	9c 8b       	std	Y+20, r25	; 0x14
    21ec:	8b 8b       	std	Y+19, r24	; 0x13
    21ee:	3f c0       	rjmp	.+126    	; 0x226e <LCD_sendCommand+0x7dc>
	else if (__tmp > 65535)
    21f0:	6d 89       	ldd	r22, Y+21	; 0x15
    21f2:	7e 89       	ldd	r23, Y+22	; 0x16
    21f4:	8f 89       	ldd	r24, Y+23	; 0x17
    21f6:	98 8d       	ldd	r25, Y+24	; 0x18
    21f8:	20 e0       	ldi	r18, 0x00	; 0
    21fa:	3f ef       	ldi	r19, 0xFF	; 255
    21fc:	4f e7       	ldi	r20, 0x7F	; 127
    21fe:	57 e4       	ldi	r21, 0x47	; 71
    2200:	0e 94 19 03 	call	0x632	; 0x632 <__gtsf2>
    2204:	18 16       	cp	r1, r24
    2206:	4c f5       	brge	.+82     	; 0x225a <LCD_sendCommand+0x7c8>
	{
		//	__ticks = requested delay in 1/10 ms
		__ticks = (uint16_t) (__ms * 10.0);
    2208:	69 8d       	ldd	r22, Y+25	; 0x19
    220a:	7a 8d       	ldd	r23, Y+26	; 0x1a
    220c:	8b 8d       	ldd	r24, Y+27	; 0x1b
    220e:	9c 8d       	ldd	r25, Y+28	; 0x1c
    2210:	20 e0       	ldi	r18, 0x00	; 0
    2212:	30 e0       	ldi	r19, 0x00	; 0
    2214:	40 e2       	ldi	r20, 0x20	; 32
    2216:	51 e4       	ldi	r21, 0x41	; 65
    2218:	0e 94 1f 02 	call	0x43e	; 0x43e <__mulsf3>
    221c:	dc 01       	movw	r26, r24
    221e:	cb 01       	movw	r24, r22
    2220:	bc 01       	movw	r22, r24
    2222:	cd 01       	movw	r24, r26
    2224:	0e 94 49 00 	call	0x92	; 0x92 <__fixunssfsi>
    2228:	dc 01       	movw	r26, r24
    222a:	cb 01       	movw	r24, r22
    222c:	9c 8b       	std	Y+20, r25	; 0x14
    222e:	8b 8b       	std	Y+19, r24	; 0x13
    2230:	0f c0       	rjmp	.+30     	; 0x2250 <LCD_sendCommand+0x7be>
    2232:	88 ec       	ldi	r24, 0xC8	; 200
    2234:	90 e0       	ldi	r25, 0x00	; 0
    2236:	9a 8b       	std	Y+18, r25	; 0x12
    2238:	89 8b       	std	Y+17, r24	; 0x11
    223a:	89 89       	ldd	r24, Y+17	; 0x11
    223c:	9a 89       	ldd	r25, Y+18	; 0x12
    223e:	01 97       	sbiw	r24, 0x01	; 1
    2240:	f1 f7       	brne	.-4      	; 0x223e <LCD_sendCommand+0x7ac>
    2242:	9a 8b       	std	Y+18, r25	; 0x12
    2244:	89 8b       	std	Y+17, r24	; 0x11
		while(__ticks)
		{
			// wait 1/10 ms
			_delay_loop_2(((F_CPU) / 4e3) / 10);
			__ticks --;
    2246:	8b 89       	ldd	r24, Y+19	; 0x13
    2248:	9c 89       	ldd	r25, Y+20	; 0x14
    224a:	01 97       	sbiw	r24, 0x01	; 1
    224c:	9c 8b       	std	Y+20, r25	; 0x14
    224e:	8b 8b       	std	Y+19, r24	; 0x13
		__ticks = 1;
	else if (__tmp > 65535)
	{
		//	__ticks = requested delay in 1/10 ms
		__ticks = (uint16_t) (__ms * 10.0);
		while(__ticks)
    2250:	8b 89       	ldd	r24, Y+19	; 0x13
    2252:	9c 89       	ldd	r25, Y+20	; 0x14
    2254:	00 97       	sbiw	r24, 0x00	; 0
    2256:	69 f7       	brne	.-38     	; 0x2232 <LCD_sendCommand+0x7a0>
    2258:	14 c0       	rjmp	.+40     	; 0x2282 <LCD_sendCommand+0x7f0>
			__ticks --;
		}
		return;
	}
	else
		__ticks = (uint16_t)__tmp;
    225a:	6d 89       	ldd	r22, Y+21	; 0x15
    225c:	7e 89       	ldd	r23, Y+22	; 0x16
    225e:	8f 89       	ldd	r24, Y+23	; 0x17
    2260:	98 8d       	ldd	r25, Y+24	; 0x18
    2262:	0e 94 49 00 	call	0x92	; 0x92 <__fixunssfsi>
    2266:	dc 01       	movw	r26, r24
    2268:	cb 01       	movw	r24, r22
    226a:	9c 8b       	std	Y+20, r25	; 0x14
    226c:	8b 8b       	std	Y+19, r24	; 0x13
    226e:	8b 89       	ldd	r24, Y+19	; 0x13
    2270:	9c 89       	ldd	r25, Y+20	; 0x14
    2272:	98 8b       	std	Y+16, r25	; 0x10
    2274:	8f 87       	std	Y+15, r24	; 0x0f
    2276:	8f 85       	ldd	r24, Y+15	; 0x0f
    2278:	98 89       	ldd	r25, Y+16	; 0x10
    227a:	01 97       	sbiw	r24, 0x01	; 1
    227c:	f1 f7       	brne	.-4      	; 0x227a <LCD_sendCommand+0x7e8>
    227e:	98 8b       	std	Y+16, r25	; 0x10
    2280:	8f 87       	std	Y+15, r24	; 0x0f

	_delay_ms(1); /* delay for processing Tdsw = 100ns */
	GPIO_writePin(LCD_E_PORT_ID,LCD_E_PIN_ID,LOGIC_LOW); /* Disable LCD E=0 */
    2282:	80 e0       	ldi	r24, 0x00	; 0
    2284:	62 e0       	ldi	r22, 0x02	; 2
    2286:	40 e0       	ldi	r20, 0x00	; 0
    2288:	0e 94 b0 08 	call	0x1160	; 0x1160 <GPIO_writePin>
    228c:	80 e0       	ldi	r24, 0x00	; 0
    228e:	90 e0       	ldi	r25, 0x00	; 0
    2290:	a0 e8       	ldi	r26, 0x80	; 128
    2292:	bf e3       	ldi	r27, 0x3F	; 63
    2294:	8b 87       	std	Y+11, r24	; 0x0b
    2296:	9c 87       	std	Y+12, r25	; 0x0c
    2298:	ad 87       	std	Y+13, r26	; 0x0d
    229a:	be 87       	std	Y+14, r27	; 0x0e
 */
void
_delay_ms(double __ms)
{
	uint16_t __ticks;
	double __tmp = ((F_CPU) / 4e3) * __ms;
    229c:	6b 85       	ldd	r22, Y+11	; 0x0b
    229e:	7c 85       	ldd	r23, Y+12	; 0x0c
    22a0:	8d 85       	ldd	r24, Y+13	; 0x0d
    22a2:	9e 85       	ldd	r25, Y+14	; 0x0e
    22a4:	20 e0       	ldi	r18, 0x00	; 0
    22a6:	30 e0       	ldi	r19, 0x00	; 0
    22a8:	4a ef       	ldi	r20, 0xFA	; 250
    22aa:	54 e4       	ldi	r21, 0x44	; 68
    22ac:	0e 94 1f 02 	call	0x43e	; 0x43e <__mulsf3>
    22b0:	dc 01       	movw	r26, r24
    22b2:	cb 01       	movw	r24, r22
    22b4:	8f 83       	std	Y+7, r24	; 0x07
    22b6:	98 87       	std	Y+8, r25	; 0x08
    22b8:	a9 87       	std	Y+9, r26	; 0x09
    22ba:	ba 87       	std	Y+10, r27	; 0x0a
	if (__tmp < 1.0)
    22bc:	6f 81       	ldd	r22, Y+7	; 0x07
    22be:	78 85       	ldd	r23, Y+8	; 0x08
    22c0:	89 85       	ldd	r24, Y+9	; 0x09
    22c2:	9a 85       	ldd	r25, Y+10	; 0x0a
    22c4:	20 e0       	ldi	r18, 0x00	; 0
    22c6:	30 e0       	ldi	r19, 0x00	; 0
    22c8:	40 e8       	ldi	r20, 0x80	; 128
    22ca:	5f e3       	ldi	r21, 0x3F	; 63
    22cc:	0e 94 79 03 	call	0x6f2	; 0x6f2 <__ltsf2>
    22d0:	88 23       	and	r24, r24
    22d2:	2c f4       	brge	.+10     	; 0x22de <LCD_sendCommand+0x84c>
		__ticks = 1;
    22d4:	81 e0       	ldi	r24, 0x01	; 1
    22d6:	90 e0       	ldi	r25, 0x00	; 0
    22d8:	9e 83       	std	Y+6, r25	; 0x06
    22da:	8d 83       	std	Y+5, r24	; 0x05
    22dc:	3f c0       	rjmp	.+126    	; 0x235c <LCD_sendCommand+0x8ca>
	else if (__tmp > 65535)
    22de:	6f 81       	ldd	r22, Y+7	; 0x07
    22e0:	78 85       	ldd	r23, Y+8	; 0x08
    22e2:	89 85       	ldd	r24, Y+9	; 0x09
    22e4:	9a 85       	ldd	r25, Y+10	; 0x0a
    22e6:	20 e0       	ldi	r18, 0x00	; 0
    22e8:	3f ef       	ldi	r19, 0xFF	; 255
    22ea:	4f e7       	ldi	r20, 0x7F	; 127
    22ec:	57 e4       	ldi	r21, 0x47	; 71
    22ee:	0e 94 19 03 	call	0x632	; 0x632 <__gtsf2>
    22f2:	18 16       	cp	r1, r24
    22f4:	4c f5       	brge	.+82     	; 0x2348 <LCD_sendCommand+0x8b6>
	{
		//	__ticks = requested delay in 1/10 ms
		__ticks = (uint16_t) (__ms * 10.0);
    22f6:	6b 85       	ldd	r22, Y+11	; 0x0b
    22f8:	7c 85       	ldd	r23, Y+12	; 0x0c
    22fa:	8d 85       	ldd	r24, Y+13	; 0x0d
    22fc:	9e 85       	ldd	r25, Y+14	; 0x0e
    22fe:	20 e0       	ldi	r18, 0x00	; 0
    2300:	30 e0       	ldi	r19, 0x00	; 0
    2302:	40 e2       	ldi	r20, 0x20	; 32
    2304:	51 e4       	ldi	r21, 0x41	; 65
    2306:	0e 94 1f 02 	call	0x43e	; 0x43e <__mulsf3>
    230a:	dc 01       	movw	r26, r24
    230c:	cb 01       	movw	r24, r22
    230e:	bc 01       	movw	r22, r24
    2310:	cd 01       	movw	r24, r26
    2312:	0e 94 49 00 	call	0x92	; 0x92 <__fixunssfsi>
    2316:	dc 01       	movw	r26, r24
    2318:	cb 01       	movw	r24, r22
    231a:	9e 83       	std	Y+6, r25	; 0x06
    231c:	8d 83       	std	Y+5, r24	; 0x05
    231e:	0f c0       	rjmp	.+30     	; 0x233e <LCD_sendCommand+0x8ac>
    2320:	88 ec       	ldi	r24, 0xC8	; 200
    2322:	90 e0       	ldi	r25, 0x00	; 0
    2324:	9c 83       	std	Y+4, r25	; 0x04
    2326:	8b 83       	std	Y+3, r24	; 0x03
    2328:	8b 81       	ldd	r24, Y+3	; 0x03
    232a:	9c 81       	ldd	r25, Y+4	; 0x04
    232c:	01 97       	sbiw	r24, 0x01	; 1
    232e:	f1 f7       	brne	.-4      	; 0x232c <LCD_sendCommand+0x89a>
    2330:	9c 83       	std	Y+4, r25	; 0x04
    2332:	8b 83       	std	Y+3, r24	; 0x03
		while(__ticks)
		{
			// wait 1/10 ms
			_delay_loop_2(((F_CPU) / 4e3) / 10);
			__ticks --;
    2334:	8d 81       	ldd	r24, Y+5	; 0x05
    2336:	9e 81       	ldd	r25, Y+6	; 0x06
    2338:	01 97       	sbiw	r24, 0x01	; 1
    233a:	9e 83       	std	Y+6, r25	; 0x06
    233c:	8d 83       	std	Y+5, r24	; 0x05
		__ticks = 1;
	else if (__tmp > 65535)
	{
		//	__ticks = requested delay in 1/10 ms
		__ticks = (uint16_t) (__ms * 10.0);
		while(__ticks)
    233e:	8d 81       	ldd	r24, Y+5	; 0x05
    2340:	9e 81       	ldd	r25, Y+6	; 0x06
    2342:	00 97       	sbiw	r24, 0x00	; 0
    2344:	69 f7       	brne	.-38     	; 0x2320 <LCD_sendCommand+0x88e>
    2346:	14 c0       	rjmp	.+40     	; 0x2370 <LCD_sendCommand+0x8de>
			__ticks --;
		}
		return;
	}
	else
		__ticks = (uint16_t)__tmp;
    2348:	6f 81       	ldd	r22, Y+7	; 0x07
    234a:	78 85       	ldd	r23, Y+8	; 0x08
    234c:	89 85       	ldd	r24, Y+9	; 0x09
    234e:	9a 85       	ldd	r25, Y+10	; 0x0a
    2350:	0e 94 49 00 	call	0x92	; 0x92 <__fixunssfsi>
    2354:	dc 01       	movw	r26, r24
    2356:	cb 01       	movw	r24, r22
    2358:	9e 83       	std	Y+6, r25	; 0x06
    235a:	8d 83       	std	Y+5, r24	; 0x05
    235c:	8d 81       	ldd	r24, Y+5	; 0x05
    235e:	9e 81       	ldd	r25, Y+6	; 0x06
    2360:	9a 83       	std	Y+2, r25	; 0x02
    2362:	89 83       	std	Y+1, r24	; 0x01
    2364:	89 81       	ldd	r24, Y+1	; 0x01
    2366:	9a 81       	ldd	r25, Y+2	; 0x02
    2368:	01 97       	sbiw	r24, 0x01	; 1
    236a:	f1 f7       	brne	.-4      	; 0x2368 <LCD_sendCommand+0x8d6>
    236c:	9a 83       	std	Y+2, r25	; 0x02
    236e:	89 83       	std	Y+1, r24	; 0x01
	GPIO_writePort(LCD_DATA_PORT_ID,command); /* out the required command to the data bus D0 --> D7 */
	_delay_ms(1); /* delay for processing Tdsw = 100ns */
	GPIO_writePin(LCD_E_PORT_ID,LCD_E_PIN_ID,LOGIC_LOW); /* Disable LCD E=0 */
	_delay_ms(1); /* delay for processing Th = 13ns */
#endif
}
    2370:	cd 59       	subi	r28, 0x9D	; 157
    2372:	df 4f       	sbci	r29, 0xFF	; 255
    2374:	0f b6       	in	r0, 0x3f	; 63
    2376:	f8 94       	cli
    2378:	de bf       	out	0x3e, r29	; 62
    237a:	0f be       	out	0x3f, r0	; 63
    237c:	cd bf       	out	0x3d, r28	; 61
    237e:	cf 91       	pop	r28
    2380:	df 91       	pop	r29
    2382:	1f 91       	pop	r17
    2384:	0f 91       	pop	r16
    2386:	08 95       	ret

00002388 <LCD_displayCharacter>:
/*
 * Description :
 * Display the required character on the screen
 */
void LCD_displayCharacter(uint8 data)
{
    2388:	0f 93       	push	r16
    238a:	1f 93       	push	r17
    238c:	df 93       	push	r29
    238e:	cf 93       	push	r28
    2390:	cd b7       	in	r28, 0x3d	; 61
    2392:	de b7       	in	r29, 0x3e	; 62
    2394:	c3 56       	subi	r28, 0x63	; 99
    2396:	d0 40       	sbci	r29, 0x00	; 0
    2398:	0f b6       	in	r0, 0x3f	; 63
    239a:	f8 94       	cli
    239c:	de bf       	out	0x3e, r29	; 62
    239e:	0f be       	out	0x3f, r0	; 63
    23a0:	cd bf       	out	0x3d, r28	; 61
    23a2:	fe 01       	movw	r30, r28
    23a4:	ed 59       	subi	r30, 0x9D	; 157
    23a6:	ff 4f       	sbci	r31, 0xFF	; 255
    23a8:	80 83       	st	Z, r24
	GPIO_writePin(LCD_RS_PORT_ID,LCD_RS_PIN_ID,LOGIC_HIGH); /* Data Mode RS=1 */
    23aa:	80 e0       	ldi	r24, 0x00	; 0
    23ac:	61 e0       	ldi	r22, 0x01	; 1
    23ae:	41 e0       	ldi	r20, 0x01	; 1
    23b0:	0e 94 b0 08 	call	0x1160	; 0x1160 <GPIO_writePin>
    23b4:	fe 01       	movw	r30, r28
    23b6:	e1 5a       	subi	r30, 0xA1	; 161
    23b8:	ff 4f       	sbci	r31, 0xFF	; 255
    23ba:	80 e0       	ldi	r24, 0x00	; 0
    23bc:	90 e0       	ldi	r25, 0x00	; 0
    23be:	a0 e8       	ldi	r26, 0x80	; 128
    23c0:	bf e3       	ldi	r27, 0x3F	; 63
    23c2:	80 83       	st	Z, r24
    23c4:	91 83       	std	Z+1, r25	; 0x01
    23c6:	a2 83       	std	Z+2, r26	; 0x02
    23c8:	b3 83       	std	Z+3, r27	; 0x03
 */
void
_delay_ms(double __ms)
{
	uint16_t __ticks;
	double __tmp = ((F_CPU) / 4e3) * __ms;
    23ca:	8e 01       	movw	r16, r28
    23cc:	05 5a       	subi	r16, 0xA5	; 165
    23ce:	1f 4f       	sbci	r17, 0xFF	; 255
    23d0:	fe 01       	movw	r30, r28
    23d2:	e1 5a       	subi	r30, 0xA1	; 161
    23d4:	ff 4f       	sbci	r31, 0xFF	; 255
    23d6:	60 81       	ld	r22, Z
    23d8:	71 81       	ldd	r23, Z+1	; 0x01
    23da:	82 81       	ldd	r24, Z+2	; 0x02
    23dc:	93 81       	ldd	r25, Z+3	; 0x03
    23de:	20 e0       	ldi	r18, 0x00	; 0
    23e0:	30 e0       	ldi	r19, 0x00	; 0
    23e2:	4a ef       	ldi	r20, 0xFA	; 250
    23e4:	54 e4       	ldi	r21, 0x44	; 68
    23e6:	0e 94 1f 02 	call	0x43e	; 0x43e <__mulsf3>
    23ea:	dc 01       	movw	r26, r24
    23ec:	cb 01       	movw	r24, r22
    23ee:	f8 01       	movw	r30, r16
    23f0:	80 83       	st	Z, r24
    23f2:	91 83       	std	Z+1, r25	; 0x01
    23f4:	a2 83       	std	Z+2, r26	; 0x02
    23f6:	b3 83       	std	Z+3, r27	; 0x03
	if (__tmp < 1.0)
    23f8:	fe 01       	movw	r30, r28
    23fa:	e5 5a       	subi	r30, 0xA5	; 165
    23fc:	ff 4f       	sbci	r31, 0xFF	; 255
    23fe:	60 81       	ld	r22, Z
    2400:	71 81       	ldd	r23, Z+1	; 0x01
    2402:	82 81       	ldd	r24, Z+2	; 0x02
    2404:	93 81       	ldd	r25, Z+3	; 0x03
    2406:	20 e0       	ldi	r18, 0x00	; 0
    2408:	30 e0       	ldi	r19, 0x00	; 0
    240a:	40 e8       	ldi	r20, 0x80	; 128
    240c:	5f e3       	ldi	r21, 0x3F	; 63
    240e:	0e 94 79 03 	call	0x6f2	; 0x6f2 <__ltsf2>
    2412:	88 23       	and	r24, r24
    2414:	44 f4       	brge	.+16     	; 0x2426 <LCD_displayCharacter+0x9e>
		__ticks = 1;
    2416:	fe 01       	movw	r30, r28
    2418:	e7 5a       	subi	r30, 0xA7	; 167
    241a:	ff 4f       	sbci	r31, 0xFF	; 255
    241c:	81 e0       	ldi	r24, 0x01	; 1
    241e:	90 e0       	ldi	r25, 0x00	; 0
    2420:	91 83       	std	Z+1, r25	; 0x01
    2422:	80 83       	st	Z, r24
    2424:	64 c0       	rjmp	.+200    	; 0x24ee <LCD_displayCharacter+0x166>
	else if (__tmp > 65535)
    2426:	fe 01       	movw	r30, r28
    2428:	e5 5a       	subi	r30, 0xA5	; 165
    242a:	ff 4f       	sbci	r31, 0xFF	; 255
    242c:	60 81       	ld	r22, Z
    242e:	71 81       	ldd	r23, Z+1	; 0x01
    2430:	82 81       	ldd	r24, Z+2	; 0x02
    2432:	93 81       	ldd	r25, Z+3	; 0x03
    2434:	20 e0       	ldi	r18, 0x00	; 0
    2436:	3f ef       	ldi	r19, 0xFF	; 255
    2438:	4f e7       	ldi	r20, 0x7F	; 127
    243a:	57 e4       	ldi	r21, 0x47	; 71
    243c:	0e 94 19 03 	call	0x632	; 0x632 <__gtsf2>
    2440:	18 16       	cp	r1, r24
    2442:	0c f0       	brlt	.+2      	; 0x2446 <LCD_displayCharacter+0xbe>
    2444:	43 c0       	rjmp	.+134    	; 0x24cc <LCD_displayCharacter+0x144>
	{
		//	__ticks = requested delay in 1/10 ms
		__ticks = (uint16_t) (__ms * 10.0);
    2446:	fe 01       	movw	r30, r28
    2448:	e1 5a       	subi	r30, 0xA1	; 161
    244a:	ff 4f       	sbci	r31, 0xFF	; 255
    244c:	60 81       	ld	r22, Z
    244e:	71 81       	ldd	r23, Z+1	; 0x01
    2450:	82 81       	ldd	r24, Z+2	; 0x02
    2452:	93 81       	ldd	r25, Z+3	; 0x03
    2454:	20 e0       	ldi	r18, 0x00	; 0
    2456:	30 e0       	ldi	r19, 0x00	; 0
    2458:	40 e2       	ldi	r20, 0x20	; 32
    245a:	51 e4       	ldi	r21, 0x41	; 65
    245c:	0e 94 1f 02 	call	0x43e	; 0x43e <__mulsf3>
    2460:	dc 01       	movw	r26, r24
    2462:	cb 01       	movw	r24, r22
    2464:	8e 01       	movw	r16, r28
    2466:	07 5a       	subi	r16, 0xA7	; 167
    2468:	1f 4f       	sbci	r17, 0xFF	; 255
    246a:	bc 01       	movw	r22, r24
    246c:	cd 01       	movw	r24, r26
    246e:	0e 94 49 00 	call	0x92	; 0x92 <__fixunssfsi>
    2472:	dc 01       	movw	r26, r24
    2474:	cb 01       	movw	r24, r22
    2476:	f8 01       	movw	r30, r16
    2478:	91 83       	std	Z+1, r25	; 0x01
    247a:	80 83       	st	Z, r24
    247c:	1f c0       	rjmp	.+62     	; 0x24bc <LCD_displayCharacter+0x134>
    247e:	fe 01       	movw	r30, r28
    2480:	e9 5a       	subi	r30, 0xA9	; 169
    2482:	ff 4f       	sbci	r31, 0xFF	; 255
    2484:	88 ec       	ldi	r24, 0xC8	; 200
    2486:	90 e0       	ldi	r25, 0x00	; 0
    2488:	91 83       	std	Z+1, r25	; 0x01
    248a:	80 83       	st	Z, r24
    248c:	fe 01       	movw	r30, r28
    248e:	e9 5a       	subi	r30, 0xA9	; 169
    2490:	ff 4f       	sbci	r31, 0xFF	; 255
    2492:	80 81       	ld	r24, Z
    2494:	91 81       	ldd	r25, Z+1	; 0x01
    2496:	01 97       	sbiw	r24, 0x01	; 1
    2498:	f1 f7       	brne	.-4      	; 0x2496 <LCD_displayCharacter+0x10e>
    249a:	fe 01       	movw	r30, r28
    249c:	e9 5a       	subi	r30, 0xA9	; 169
    249e:	ff 4f       	sbci	r31, 0xFF	; 255
    24a0:	91 83       	std	Z+1, r25	; 0x01
    24a2:	80 83       	st	Z, r24
		while(__ticks)
		{
			// wait 1/10 ms
			_delay_loop_2(((F_CPU) / 4e3) / 10);
			__ticks --;
    24a4:	de 01       	movw	r26, r28
    24a6:	a7 5a       	subi	r26, 0xA7	; 167
    24a8:	bf 4f       	sbci	r27, 0xFF	; 255
    24aa:	fe 01       	movw	r30, r28
    24ac:	e7 5a       	subi	r30, 0xA7	; 167
    24ae:	ff 4f       	sbci	r31, 0xFF	; 255
    24b0:	80 81       	ld	r24, Z
    24b2:	91 81       	ldd	r25, Z+1	; 0x01
    24b4:	01 97       	sbiw	r24, 0x01	; 1
    24b6:	11 96       	adiw	r26, 0x01	; 1
    24b8:	9c 93       	st	X, r25
    24ba:	8e 93       	st	-X, r24
		__ticks = 1;
	else if (__tmp > 65535)
	{
		//	__ticks = requested delay in 1/10 ms
		__ticks = (uint16_t) (__ms * 10.0);
		while(__ticks)
    24bc:	fe 01       	movw	r30, r28
    24be:	e7 5a       	subi	r30, 0xA7	; 167
    24c0:	ff 4f       	sbci	r31, 0xFF	; 255
    24c2:	80 81       	ld	r24, Z
    24c4:	91 81       	ldd	r25, Z+1	; 0x01
    24c6:	00 97       	sbiw	r24, 0x00	; 0
    24c8:	d1 f6       	brne	.-76     	; 0x247e <LCD_displayCharacter+0xf6>
    24ca:	27 c0       	rjmp	.+78     	; 0x251a <LCD_displayCharacter+0x192>
			__ticks --;
		}
		return;
	}
	else
		__ticks = (uint16_t)__tmp;
    24cc:	8e 01       	movw	r16, r28
    24ce:	07 5a       	subi	r16, 0xA7	; 167
    24d0:	1f 4f       	sbci	r17, 0xFF	; 255
    24d2:	fe 01       	movw	r30, r28
    24d4:	e5 5a       	subi	r30, 0xA5	; 165
    24d6:	ff 4f       	sbci	r31, 0xFF	; 255
    24d8:	60 81       	ld	r22, Z
    24da:	71 81       	ldd	r23, Z+1	; 0x01
    24dc:	82 81       	ldd	r24, Z+2	; 0x02
    24de:	93 81       	ldd	r25, Z+3	; 0x03
    24e0:	0e 94 49 00 	call	0x92	; 0x92 <__fixunssfsi>
    24e4:	dc 01       	movw	r26, r24
    24e6:	cb 01       	movw	r24, r22
    24e8:	f8 01       	movw	r30, r16
    24ea:	91 83       	std	Z+1, r25	; 0x01
    24ec:	80 83       	st	Z, r24
    24ee:	de 01       	movw	r26, r28
    24f0:	ab 5a       	subi	r26, 0xAB	; 171
    24f2:	bf 4f       	sbci	r27, 0xFF	; 255
    24f4:	fe 01       	movw	r30, r28
    24f6:	e7 5a       	subi	r30, 0xA7	; 167
    24f8:	ff 4f       	sbci	r31, 0xFF	; 255
    24fa:	80 81       	ld	r24, Z
    24fc:	91 81       	ldd	r25, Z+1	; 0x01
    24fe:	8d 93       	st	X+, r24
    2500:	9c 93       	st	X, r25
    2502:	fe 01       	movw	r30, r28
    2504:	eb 5a       	subi	r30, 0xAB	; 171
    2506:	ff 4f       	sbci	r31, 0xFF	; 255
    2508:	80 81       	ld	r24, Z
    250a:	91 81       	ldd	r25, Z+1	; 0x01
    250c:	01 97       	sbiw	r24, 0x01	; 1
    250e:	f1 f7       	brne	.-4      	; 0x250c <LCD_displayCharacter+0x184>
    2510:	fe 01       	movw	r30, r28
    2512:	eb 5a       	subi	r30, 0xAB	; 171
    2514:	ff 4f       	sbci	r31, 0xFF	; 255
    2516:	91 83       	std	Z+1, r25	; 0x01
    2518:	80 83       	st	Z, r24
	_delay_ms(1); /* delay for processing Tas = 50ns */
	GPIO_writePin(LCD_E_PORT_ID,LCD_E_PIN_ID,LOGIC_HIGH); /* Enable LCD E=1 */
    251a:	80 e0       	ldi	r24, 0x00	; 0
    251c:	62 e0       	ldi	r22, 0x02	; 2
    251e:	41 e0       	ldi	r20, 0x01	; 1
    2520:	0e 94 b0 08 	call	0x1160	; 0x1160 <GPIO_writePin>
    2524:	fe 01       	movw	r30, r28
    2526:	ef 5a       	subi	r30, 0xAF	; 175
    2528:	ff 4f       	sbci	r31, 0xFF	; 255
    252a:	80 e0       	ldi	r24, 0x00	; 0
    252c:	90 e0       	ldi	r25, 0x00	; 0
    252e:	a0 e8       	ldi	r26, 0x80	; 128
    2530:	bf e3       	ldi	r27, 0x3F	; 63
    2532:	80 83       	st	Z, r24
    2534:	91 83       	std	Z+1, r25	; 0x01
    2536:	a2 83       	std	Z+2, r26	; 0x02
    2538:	b3 83       	std	Z+3, r27	; 0x03
 */
void
_delay_ms(double __ms)
{
	uint16_t __ticks;
	double __tmp = ((F_CPU) / 4e3) * __ms;
    253a:	8e 01       	movw	r16, r28
    253c:	03 5b       	subi	r16, 0xB3	; 179
    253e:	1f 4f       	sbci	r17, 0xFF	; 255
    2540:	fe 01       	movw	r30, r28
    2542:	ef 5a       	subi	r30, 0xAF	; 175
    2544:	ff 4f       	sbci	r31, 0xFF	; 255
    2546:	60 81       	ld	r22, Z
    2548:	71 81       	ldd	r23, Z+1	; 0x01
    254a:	82 81       	ldd	r24, Z+2	; 0x02
    254c:	93 81       	ldd	r25, Z+3	; 0x03
    254e:	20 e0       	ldi	r18, 0x00	; 0
    2550:	30 e0       	ldi	r19, 0x00	; 0
    2552:	4a ef       	ldi	r20, 0xFA	; 250
    2554:	54 e4       	ldi	r21, 0x44	; 68
    2556:	0e 94 1f 02 	call	0x43e	; 0x43e <__mulsf3>
    255a:	dc 01       	movw	r26, r24
    255c:	cb 01       	movw	r24, r22
    255e:	f8 01       	movw	r30, r16
    2560:	80 83       	st	Z, r24
    2562:	91 83       	std	Z+1, r25	; 0x01
    2564:	a2 83       	std	Z+2, r26	; 0x02
    2566:	b3 83       	std	Z+3, r27	; 0x03
	if (__tmp < 1.0)
    2568:	fe 01       	movw	r30, r28
    256a:	e3 5b       	subi	r30, 0xB3	; 179
    256c:	ff 4f       	sbci	r31, 0xFF	; 255
    256e:	60 81       	ld	r22, Z
    2570:	71 81       	ldd	r23, Z+1	; 0x01
    2572:	82 81       	ldd	r24, Z+2	; 0x02
    2574:	93 81       	ldd	r25, Z+3	; 0x03
    2576:	20 e0       	ldi	r18, 0x00	; 0
    2578:	30 e0       	ldi	r19, 0x00	; 0
    257a:	40 e8       	ldi	r20, 0x80	; 128
    257c:	5f e3       	ldi	r21, 0x3F	; 63
    257e:	0e 94 79 03 	call	0x6f2	; 0x6f2 <__ltsf2>
    2582:	88 23       	and	r24, r24
    2584:	44 f4       	brge	.+16     	; 0x2596 <LCD_displayCharacter+0x20e>
		__ticks = 1;
    2586:	fe 01       	movw	r30, r28
    2588:	e5 5b       	subi	r30, 0xB5	; 181
    258a:	ff 4f       	sbci	r31, 0xFF	; 255
    258c:	81 e0       	ldi	r24, 0x01	; 1
    258e:	90 e0       	ldi	r25, 0x00	; 0
    2590:	91 83       	std	Z+1, r25	; 0x01
    2592:	80 83       	st	Z, r24
    2594:	64 c0       	rjmp	.+200    	; 0x265e <LCD_displayCharacter+0x2d6>
	else if (__tmp > 65535)
    2596:	fe 01       	movw	r30, r28
    2598:	e3 5b       	subi	r30, 0xB3	; 179
    259a:	ff 4f       	sbci	r31, 0xFF	; 255
    259c:	60 81       	ld	r22, Z
    259e:	71 81       	ldd	r23, Z+1	; 0x01
    25a0:	82 81       	ldd	r24, Z+2	; 0x02
    25a2:	93 81       	ldd	r25, Z+3	; 0x03
    25a4:	20 e0       	ldi	r18, 0x00	; 0
    25a6:	3f ef       	ldi	r19, 0xFF	; 255
    25a8:	4f e7       	ldi	r20, 0x7F	; 127
    25aa:	57 e4       	ldi	r21, 0x47	; 71
    25ac:	0e 94 19 03 	call	0x632	; 0x632 <__gtsf2>
    25b0:	18 16       	cp	r1, r24
    25b2:	0c f0       	brlt	.+2      	; 0x25b6 <LCD_displayCharacter+0x22e>
    25b4:	43 c0       	rjmp	.+134    	; 0x263c <LCD_displayCharacter+0x2b4>
	{
		//	__ticks = requested delay in 1/10 ms
		__ticks = (uint16_t) (__ms * 10.0);
    25b6:	fe 01       	movw	r30, r28
    25b8:	ef 5a       	subi	r30, 0xAF	; 175
    25ba:	ff 4f       	sbci	r31, 0xFF	; 255
    25bc:	60 81       	ld	r22, Z
    25be:	71 81       	ldd	r23, Z+1	; 0x01
    25c0:	82 81       	ldd	r24, Z+2	; 0x02
    25c2:	93 81       	ldd	r25, Z+3	; 0x03
    25c4:	20 e0       	ldi	r18, 0x00	; 0
    25c6:	30 e0       	ldi	r19, 0x00	; 0
    25c8:	40 e2       	ldi	r20, 0x20	; 32
    25ca:	51 e4       	ldi	r21, 0x41	; 65
    25cc:	0e 94 1f 02 	call	0x43e	; 0x43e <__mulsf3>
    25d0:	dc 01       	movw	r26, r24
    25d2:	cb 01       	movw	r24, r22
    25d4:	8e 01       	movw	r16, r28
    25d6:	05 5b       	subi	r16, 0xB5	; 181
    25d8:	1f 4f       	sbci	r17, 0xFF	; 255
    25da:	bc 01       	movw	r22, r24
    25dc:	cd 01       	movw	r24, r26
    25de:	0e 94 49 00 	call	0x92	; 0x92 <__fixunssfsi>
    25e2:	dc 01       	movw	r26, r24
    25e4:	cb 01       	movw	r24, r22
    25e6:	f8 01       	movw	r30, r16
    25e8:	91 83       	std	Z+1, r25	; 0x01
    25ea:	80 83       	st	Z, r24
    25ec:	1f c0       	rjmp	.+62     	; 0x262c <LCD_displayCharacter+0x2a4>
    25ee:	fe 01       	movw	r30, r28
    25f0:	e7 5b       	subi	r30, 0xB7	; 183
    25f2:	ff 4f       	sbci	r31, 0xFF	; 255
    25f4:	88 ec       	ldi	r24, 0xC8	; 200
    25f6:	90 e0       	ldi	r25, 0x00	; 0
    25f8:	91 83       	std	Z+1, r25	; 0x01
    25fa:	80 83       	st	Z, r24
    25fc:	fe 01       	movw	r30, r28
    25fe:	e7 5b       	subi	r30, 0xB7	; 183
    2600:	ff 4f       	sbci	r31, 0xFF	; 255
    2602:	80 81       	ld	r24, Z
    2604:	91 81       	ldd	r25, Z+1	; 0x01
    2606:	01 97       	sbiw	r24, 0x01	; 1
    2608:	f1 f7       	brne	.-4      	; 0x2606 <LCD_displayCharacter+0x27e>
    260a:	fe 01       	movw	r30, r28
    260c:	e7 5b       	subi	r30, 0xB7	; 183
    260e:	ff 4f       	sbci	r31, 0xFF	; 255
    2610:	91 83       	std	Z+1, r25	; 0x01
    2612:	80 83       	st	Z, r24
		while(__ticks)
		{
			// wait 1/10 ms
			_delay_loop_2(((F_CPU) / 4e3) / 10);
			__ticks --;
    2614:	de 01       	movw	r26, r28
    2616:	a5 5b       	subi	r26, 0xB5	; 181
    2618:	bf 4f       	sbci	r27, 0xFF	; 255
    261a:	fe 01       	movw	r30, r28
    261c:	e5 5b       	subi	r30, 0xB5	; 181
    261e:	ff 4f       	sbci	r31, 0xFF	; 255
    2620:	80 81       	ld	r24, Z
    2622:	91 81       	ldd	r25, Z+1	; 0x01
    2624:	01 97       	sbiw	r24, 0x01	; 1
    2626:	11 96       	adiw	r26, 0x01	; 1
    2628:	9c 93       	st	X, r25
    262a:	8e 93       	st	-X, r24
		__ticks = 1;
	else if (__tmp > 65535)
	{
		//	__ticks = requested delay in 1/10 ms
		__ticks = (uint16_t) (__ms * 10.0);
		while(__ticks)
    262c:	fe 01       	movw	r30, r28
    262e:	e5 5b       	subi	r30, 0xB5	; 181
    2630:	ff 4f       	sbci	r31, 0xFF	; 255
    2632:	80 81       	ld	r24, Z
    2634:	91 81       	ldd	r25, Z+1	; 0x01
    2636:	00 97       	sbiw	r24, 0x00	; 0
    2638:	d1 f6       	brne	.-76     	; 0x25ee <LCD_displayCharacter+0x266>
    263a:	27 c0       	rjmp	.+78     	; 0x268a <LCD_displayCharacter+0x302>
			__ticks --;
		}
		return;
	}
	else
		__ticks = (uint16_t)__tmp;
    263c:	8e 01       	movw	r16, r28
    263e:	05 5b       	subi	r16, 0xB5	; 181
    2640:	1f 4f       	sbci	r17, 0xFF	; 255
    2642:	fe 01       	movw	r30, r28
    2644:	e3 5b       	subi	r30, 0xB3	; 179
    2646:	ff 4f       	sbci	r31, 0xFF	; 255
    2648:	60 81       	ld	r22, Z
    264a:	71 81       	ldd	r23, Z+1	; 0x01
    264c:	82 81       	ldd	r24, Z+2	; 0x02
    264e:	93 81       	ldd	r25, Z+3	; 0x03
    2650:	0e 94 49 00 	call	0x92	; 0x92 <__fixunssfsi>
    2654:	dc 01       	movw	r26, r24
    2656:	cb 01       	movw	r24, r22
    2658:	f8 01       	movw	r30, r16
    265a:	91 83       	std	Z+1, r25	; 0x01
    265c:	80 83       	st	Z, r24
    265e:	de 01       	movw	r26, r28
    2660:	a9 5b       	subi	r26, 0xB9	; 185
    2662:	bf 4f       	sbci	r27, 0xFF	; 255
    2664:	fe 01       	movw	r30, r28
    2666:	e5 5b       	subi	r30, 0xB5	; 181
    2668:	ff 4f       	sbci	r31, 0xFF	; 255
    266a:	80 81       	ld	r24, Z
    266c:	91 81       	ldd	r25, Z+1	; 0x01
    266e:	8d 93       	st	X+, r24
    2670:	9c 93       	st	X, r25
    2672:	fe 01       	movw	r30, r28
    2674:	e9 5b       	subi	r30, 0xB9	; 185
    2676:	ff 4f       	sbci	r31, 0xFF	; 255
    2678:	80 81       	ld	r24, Z
    267a:	91 81       	ldd	r25, Z+1	; 0x01
    267c:	01 97       	sbiw	r24, 0x01	; 1
    267e:	f1 f7       	brne	.-4      	; 0x267c <LCD_displayCharacter+0x2f4>
    2680:	fe 01       	movw	r30, r28
    2682:	e9 5b       	subi	r30, 0xB9	; 185
    2684:	ff 4f       	sbci	r31, 0xFF	; 255
    2686:	91 83       	std	Z+1, r25	; 0x01
    2688:	80 83       	st	Z, r24
	_delay_ms(1); /* delay for processing Tpw - Tdws = 190ns */

#if(LCD_DATA_BITS_MODE == 4)
	GPIO_writePin(LCD_DATA_PORT_ID,LCD_DB4_PIN_ID,GET_BIT(data,4));
    268a:	fe 01       	movw	r30, r28
    268c:	ed 59       	subi	r30, 0x9D	; 157
    268e:	ff 4f       	sbci	r31, 0xFF	; 255
    2690:	80 81       	ld	r24, Z
    2692:	88 2f       	mov	r24, r24
    2694:	90 e0       	ldi	r25, 0x00	; 0
    2696:	80 71       	andi	r24, 0x10	; 16
    2698:	90 70       	andi	r25, 0x00	; 0
    269a:	95 95       	asr	r25
    269c:	87 95       	ror	r24
    269e:	95 95       	asr	r25
    26a0:	87 95       	ror	r24
    26a2:	95 95       	asr	r25
    26a4:	87 95       	ror	r24
    26a6:	95 95       	asr	r25
    26a8:	87 95       	ror	r24
    26aa:	98 2f       	mov	r25, r24
    26ac:	80 e0       	ldi	r24, 0x00	; 0
    26ae:	63 e0       	ldi	r22, 0x03	; 3
    26b0:	49 2f       	mov	r20, r25
    26b2:	0e 94 b0 08 	call	0x1160	; 0x1160 <GPIO_writePin>
	GPIO_writePin(LCD_DATA_PORT_ID,LCD_DB5_PIN_ID,GET_BIT(data,5));
    26b6:	fe 01       	movw	r30, r28
    26b8:	ed 59       	subi	r30, 0x9D	; 157
    26ba:	ff 4f       	sbci	r31, 0xFF	; 255
    26bc:	80 81       	ld	r24, Z
    26be:	88 2f       	mov	r24, r24
    26c0:	90 e0       	ldi	r25, 0x00	; 0
    26c2:	80 72       	andi	r24, 0x20	; 32
    26c4:	90 70       	andi	r25, 0x00	; 0
    26c6:	95 95       	asr	r25
    26c8:	87 95       	ror	r24
    26ca:	95 95       	asr	r25
    26cc:	87 95       	ror	r24
    26ce:	95 95       	asr	r25
    26d0:	87 95       	ror	r24
    26d2:	95 95       	asr	r25
    26d4:	87 95       	ror	r24
    26d6:	95 95       	asr	r25
    26d8:	87 95       	ror	r24
    26da:	98 2f       	mov	r25, r24
    26dc:	80 e0       	ldi	r24, 0x00	; 0
    26de:	64 e0       	ldi	r22, 0x04	; 4
    26e0:	49 2f       	mov	r20, r25
    26e2:	0e 94 b0 08 	call	0x1160	; 0x1160 <GPIO_writePin>
	GPIO_writePin(LCD_DATA_PORT_ID,LCD_DB6_PIN_ID,GET_BIT(data,6));
    26e6:	fe 01       	movw	r30, r28
    26e8:	ed 59       	subi	r30, 0x9D	; 157
    26ea:	ff 4f       	sbci	r31, 0xFF	; 255
    26ec:	80 81       	ld	r24, Z
    26ee:	88 2f       	mov	r24, r24
    26f0:	90 e0       	ldi	r25, 0x00	; 0
    26f2:	80 74       	andi	r24, 0x40	; 64
    26f4:	90 70       	andi	r25, 0x00	; 0
    26f6:	08 2e       	mov	r0, r24
    26f8:	89 2f       	mov	r24, r25
    26fa:	00 0c       	add	r0, r0
    26fc:	88 1f       	adc	r24, r24
    26fe:	99 0b       	sbc	r25, r25
    2700:	00 0c       	add	r0, r0
    2702:	88 1f       	adc	r24, r24
    2704:	99 1f       	adc	r25, r25
    2706:	98 2f       	mov	r25, r24
    2708:	80 e0       	ldi	r24, 0x00	; 0
    270a:	65 e0       	ldi	r22, 0x05	; 5
    270c:	49 2f       	mov	r20, r25
    270e:	0e 94 b0 08 	call	0x1160	; 0x1160 <GPIO_writePin>
	GPIO_writePin(LCD_DATA_PORT_ID,LCD_DB7_PIN_ID,GET_BIT(data,7));
    2712:	fe 01       	movw	r30, r28
    2714:	ed 59       	subi	r30, 0x9D	; 157
    2716:	ff 4f       	sbci	r31, 0xFF	; 255
    2718:	80 81       	ld	r24, Z
    271a:	98 2f       	mov	r25, r24
    271c:	99 1f       	adc	r25, r25
    271e:	99 27       	eor	r25, r25
    2720:	99 1f       	adc	r25, r25
    2722:	80 e0       	ldi	r24, 0x00	; 0
    2724:	66 e0       	ldi	r22, 0x06	; 6
    2726:	49 2f       	mov	r20, r25
    2728:	0e 94 b0 08 	call	0x1160	; 0x1160 <GPIO_writePin>
    272c:	fe 01       	movw	r30, r28
    272e:	ed 5b       	subi	r30, 0xBD	; 189
    2730:	ff 4f       	sbci	r31, 0xFF	; 255
    2732:	80 e0       	ldi	r24, 0x00	; 0
    2734:	90 e0       	ldi	r25, 0x00	; 0
    2736:	a0 e8       	ldi	r26, 0x80	; 128
    2738:	bf e3       	ldi	r27, 0x3F	; 63
    273a:	80 83       	st	Z, r24
    273c:	91 83       	std	Z+1, r25	; 0x01
    273e:	a2 83       	std	Z+2, r26	; 0x02
    2740:	b3 83       	std	Z+3, r27	; 0x03
 */
void
_delay_ms(double __ms)
{
	uint16_t __ticks;
	double __tmp = ((F_CPU) / 4e3) * __ms;
    2742:	8e 01       	movw	r16, r28
    2744:	01 5c       	subi	r16, 0xC1	; 193
    2746:	1f 4f       	sbci	r17, 0xFF	; 255
    2748:	fe 01       	movw	r30, r28
    274a:	ed 5b       	subi	r30, 0xBD	; 189
    274c:	ff 4f       	sbci	r31, 0xFF	; 255
    274e:	60 81       	ld	r22, Z
    2750:	71 81       	ldd	r23, Z+1	; 0x01
    2752:	82 81       	ldd	r24, Z+2	; 0x02
    2754:	93 81       	ldd	r25, Z+3	; 0x03
    2756:	20 e0       	ldi	r18, 0x00	; 0
    2758:	30 e0       	ldi	r19, 0x00	; 0
    275a:	4a ef       	ldi	r20, 0xFA	; 250
    275c:	54 e4       	ldi	r21, 0x44	; 68
    275e:	0e 94 1f 02 	call	0x43e	; 0x43e <__mulsf3>
    2762:	dc 01       	movw	r26, r24
    2764:	cb 01       	movw	r24, r22
    2766:	f8 01       	movw	r30, r16
    2768:	80 83       	st	Z, r24
    276a:	91 83       	std	Z+1, r25	; 0x01
    276c:	a2 83       	std	Z+2, r26	; 0x02
    276e:	b3 83       	std	Z+3, r27	; 0x03
	if (__tmp < 1.0)
    2770:	fe 01       	movw	r30, r28
    2772:	ff 96       	adiw	r30, 0x3f	; 63
    2774:	60 81       	ld	r22, Z
    2776:	71 81       	ldd	r23, Z+1	; 0x01
    2778:	82 81       	ldd	r24, Z+2	; 0x02
    277a:	93 81       	ldd	r25, Z+3	; 0x03
    277c:	20 e0       	ldi	r18, 0x00	; 0
    277e:	30 e0       	ldi	r19, 0x00	; 0
    2780:	40 e8       	ldi	r20, 0x80	; 128
    2782:	5f e3       	ldi	r21, 0x3F	; 63
    2784:	0e 94 79 03 	call	0x6f2	; 0x6f2 <__ltsf2>
    2788:	88 23       	and	r24, r24
    278a:	2c f4       	brge	.+10     	; 0x2796 <LCD_displayCharacter+0x40e>
		__ticks = 1;
    278c:	81 e0       	ldi	r24, 0x01	; 1
    278e:	90 e0       	ldi	r25, 0x00	; 0
    2790:	9e af       	std	Y+62, r25	; 0x3e
    2792:	8d af       	std	Y+61, r24	; 0x3d
    2794:	46 c0       	rjmp	.+140    	; 0x2822 <LCD_displayCharacter+0x49a>
	else if (__tmp > 65535)
    2796:	fe 01       	movw	r30, r28
    2798:	ff 96       	adiw	r30, 0x3f	; 63
    279a:	60 81       	ld	r22, Z
    279c:	71 81       	ldd	r23, Z+1	; 0x01
    279e:	82 81       	ldd	r24, Z+2	; 0x02
    27a0:	93 81       	ldd	r25, Z+3	; 0x03
    27a2:	20 e0       	ldi	r18, 0x00	; 0
    27a4:	3f ef       	ldi	r19, 0xFF	; 255
    27a6:	4f e7       	ldi	r20, 0x7F	; 127
    27a8:	57 e4       	ldi	r21, 0x47	; 71
    27aa:	0e 94 19 03 	call	0x632	; 0x632 <__gtsf2>
    27ae:	18 16       	cp	r1, r24
    27b0:	64 f5       	brge	.+88     	; 0x280a <LCD_displayCharacter+0x482>
	{
		//	__ticks = requested delay in 1/10 ms
		__ticks = (uint16_t) (__ms * 10.0);
    27b2:	fe 01       	movw	r30, r28
    27b4:	ed 5b       	subi	r30, 0xBD	; 189
    27b6:	ff 4f       	sbci	r31, 0xFF	; 255
    27b8:	60 81       	ld	r22, Z
    27ba:	71 81       	ldd	r23, Z+1	; 0x01
    27bc:	82 81       	ldd	r24, Z+2	; 0x02
    27be:	93 81       	ldd	r25, Z+3	; 0x03
    27c0:	20 e0       	ldi	r18, 0x00	; 0
    27c2:	30 e0       	ldi	r19, 0x00	; 0
    27c4:	40 e2       	ldi	r20, 0x20	; 32
    27c6:	51 e4       	ldi	r21, 0x41	; 65
    27c8:	0e 94 1f 02 	call	0x43e	; 0x43e <__mulsf3>
    27cc:	dc 01       	movw	r26, r24
    27ce:	cb 01       	movw	r24, r22
    27d0:	bc 01       	movw	r22, r24
    27d2:	cd 01       	movw	r24, r26
    27d4:	0e 94 49 00 	call	0x92	; 0x92 <__fixunssfsi>
    27d8:	dc 01       	movw	r26, r24
    27da:	cb 01       	movw	r24, r22
    27dc:	9e af       	std	Y+62, r25	; 0x3e
    27de:	8d af       	std	Y+61, r24	; 0x3d
    27e0:	0f c0       	rjmp	.+30     	; 0x2800 <LCD_displayCharacter+0x478>
    27e2:	88 ec       	ldi	r24, 0xC8	; 200
    27e4:	90 e0       	ldi	r25, 0x00	; 0
    27e6:	9c af       	std	Y+60, r25	; 0x3c
    27e8:	8b af       	std	Y+59, r24	; 0x3b
    27ea:	8b ad       	ldd	r24, Y+59	; 0x3b
    27ec:	9c ad       	ldd	r25, Y+60	; 0x3c
    27ee:	01 97       	sbiw	r24, 0x01	; 1
    27f0:	f1 f7       	brne	.-4      	; 0x27ee <LCD_displayCharacter+0x466>
    27f2:	9c af       	std	Y+60, r25	; 0x3c
    27f4:	8b af       	std	Y+59, r24	; 0x3b
		while(__ticks)
		{
			// wait 1/10 ms
			_delay_loop_2(((F_CPU) / 4e3) / 10);
			__ticks --;
    27f6:	8d ad       	ldd	r24, Y+61	; 0x3d
    27f8:	9e ad       	ldd	r25, Y+62	; 0x3e
    27fa:	01 97       	sbiw	r24, 0x01	; 1
    27fc:	9e af       	std	Y+62, r25	; 0x3e
    27fe:	8d af       	std	Y+61, r24	; 0x3d
		__ticks = 1;
	else if (__tmp > 65535)
	{
		//	__ticks = requested delay in 1/10 ms
		__ticks = (uint16_t) (__ms * 10.0);
		while(__ticks)
    2800:	8d ad       	ldd	r24, Y+61	; 0x3d
    2802:	9e ad       	ldd	r25, Y+62	; 0x3e
    2804:	00 97       	sbiw	r24, 0x00	; 0
    2806:	69 f7       	brne	.-38     	; 0x27e2 <LCD_displayCharacter+0x45a>
    2808:	16 c0       	rjmp	.+44     	; 0x2836 <LCD_displayCharacter+0x4ae>
			__ticks --;
		}
		return;
	}
	else
		__ticks = (uint16_t)__tmp;
    280a:	fe 01       	movw	r30, r28
    280c:	ff 96       	adiw	r30, 0x3f	; 63
    280e:	60 81       	ld	r22, Z
    2810:	71 81       	ldd	r23, Z+1	; 0x01
    2812:	82 81       	ldd	r24, Z+2	; 0x02
    2814:	93 81       	ldd	r25, Z+3	; 0x03
    2816:	0e 94 49 00 	call	0x92	; 0x92 <__fixunssfsi>
    281a:	dc 01       	movw	r26, r24
    281c:	cb 01       	movw	r24, r22
    281e:	9e af       	std	Y+62, r25	; 0x3e
    2820:	8d af       	std	Y+61, r24	; 0x3d
    2822:	8d ad       	ldd	r24, Y+61	; 0x3d
    2824:	9e ad       	ldd	r25, Y+62	; 0x3e
    2826:	9a af       	std	Y+58, r25	; 0x3a
    2828:	89 af       	std	Y+57, r24	; 0x39
    282a:	89 ad       	ldd	r24, Y+57	; 0x39
    282c:	9a ad       	ldd	r25, Y+58	; 0x3a
    282e:	01 97       	sbiw	r24, 0x01	; 1
    2830:	f1 f7       	brne	.-4      	; 0x282e <LCD_displayCharacter+0x4a6>
    2832:	9a af       	std	Y+58, r25	; 0x3a
    2834:	89 af       	std	Y+57, r24	; 0x39

	_delay_ms(1); /* delay for processing Tdsw = 100ns */
	GPIO_writePin(LCD_E_PORT_ID,LCD_E_PIN_ID,LOGIC_LOW); /* Disable LCD E=0 */
    2836:	80 e0       	ldi	r24, 0x00	; 0
    2838:	62 e0       	ldi	r22, 0x02	; 2
    283a:	40 e0       	ldi	r20, 0x00	; 0
    283c:	0e 94 b0 08 	call	0x1160	; 0x1160 <GPIO_writePin>
    2840:	80 e0       	ldi	r24, 0x00	; 0
    2842:	90 e0       	ldi	r25, 0x00	; 0
    2844:	a0 e8       	ldi	r26, 0x80	; 128
    2846:	bf e3       	ldi	r27, 0x3F	; 63
    2848:	8d ab       	std	Y+53, r24	; 0x35
    284a:	9e ab       	std	Y+54, r25	; 0x36
    284c:	af ab       	std	Y+55, r26	; 0x37
    284e:	b8 af       	std	Y+56, r27	; 0x38
 */
void
_delay_ms(double __ms)
{
	uint16_t __ticks;
	double __tmp = ((F_CPU) / 4e3) * __ms;
    2850:	6d a9       	ldd	r22, Y+53	; 0x35
    2852:	7e a9       	ldd	r23, Y+54	; 0x36
    2854:	8f a9       	ldd	r24, Y+55	; 0x37
    2856:	98 ad       	ldd	r25, Y+56	; 0x38
    2858:	20 e0       	ldi	r18, 0x00	; 0
    285a:	30 e0       	ldi	r19, 0x00	; 0
    285c:	4a ef       	ldi	r20, 0xFA	; 250
    285e:	54 e4       	ldi	r21, 0x44	; 68
    2860:	0e 94 1f 02 	call	0x43e	; 0x43e <__mulsf3>
    2864:	dc 01       	movw	r26, r24
    2866:	cb 01       	movw	r24, r22
    2868:	89 ab       	std	Y+49, r24	; 0x31
    286a:	9a ab       	std	Y+50, r25	; 0x32
    286c:	ab ab       	std	Y+51, r26	; 0x33
    286e:	bc ab       	std	Y+52, r27	; 0x34
	if (__tmp < 1.0)
    2870:	69 a9       	ldd	r22, Y+49	; 0x31
    2872:	7a a9       	ldd	r23, Y+50	; 0x32
    2874:	8b a9       	ldd	r24, Y+51	; 0x33
    2876:	9c a9       	ldd	r25, Y+52	; 0x34
    2878:	20 e0       	ldi	r18, 0x00	; 0
    287a:	30 e0       	ldi	r19, 0x00	; 0
    287c:	40 e8       	ldi	r20, 0x80	; 128
    287e:	5f e3       	ldi	r21, 0x3F	; 63
    2880:	0e 94 79 03 	call	0x6f2	; 0x6f2 <__ltsf2>
    2884:	88 23       	and	r24, r24
    2886:	2c f4       	brge	.+10     	; 0x2892 <LCD_displayCharacter+0x50a>
		__ticks = 1;
    2888:	81 e0       	ldi	r24, 0x01	; 1
    288a:	90 e0       	ldi	r25, 0x00	; 0
    288c:	98 ab       	std	Y+48, r25	; 0x30
    288e:	8f a7       	std	Y+47, r24	; 0x2f
    2890:	3f c0       	rjmp	.+126    	; 0x2910 <LCD_displayCharacter+0x588>
	else if (__tmp > 65535)
    2892:	69 a9       	ldd	r22, Y+49	; 0x31
    2894:	7a a9       	ldd	r23, Y+50	; 0x32
    2896:	8b a9       	ldd	r24, Y+51	; 0x33
    2898:	9c a9       	ldd	r25, Y+52	; 0x34
    289a:	20 e0       	ldi	r18, 0x00	; 0
    289c:	3f ef       	ldi	r19, 0xFF	; 255
    289e:	4f e7       	ldi	r20, 0x7F	; 127
    28a0:	57 e4       	ldi	r21, 0x47	; 71
    28a2:	0e 94 19 03 	call	0x632	; 0x632 <__gtsf2>
    28a6:	18 16       	cp	r1, r24
    28a8:	4c f5       	brge	.+82     	; 0x28fc <LCD_displayCharacter+0x574>
	{
		//	__ticks = requested delay in 1/10 ms
		__ticks = (uint16_t) (__ms * 10.0);
    28aa:	6d a9       	ldd	r22, Y+53	; 0x35
    28ac:	7e a9       	ldd	r23, Y+54	; 0x36
    28ae:	8f a9       	ldd	r24, Y+55	; 0x37
    28b0:	98 ad       	ldd	r25, Y+56	; 0x38
    28b2:	20 e0       	ldi	r18, 0x00	; 0
    28b4:	30 e0       	ldi	r19, 0x00	; 0
    28b6:	40 e2       	ldi	r20, 0x20	; 32
    28b8:	51 e4       	ldi	r21, 0x41	; 65
    28ba:	0e 94 1f 02 	call	0x43e	; 0x43e <__mulsf3>
    28be:	dc 01       	movw	r26, r24
    28c0:	cb 01       	movw	r24, r22
    28c2:	bc 01       	movw	r22, r24
    28c4:	cd 01       	movw	r24, r26
    28c6:	0e 94 49 00 	call	0x92	; 0x92 <__fixunssfsi>
    28ca:	dc 01       	movw	r26, r24
    28cc:	cb 01       	movw	r24, r22
    28ce:	98 ab       	std	Y+48, r25	; 0x30
    28d0:	8f a7       	std	Y+47, r24	; 0x2f
    28d2:	0f c0       	rjmp	.+30     	; 0x28f2 <LCD_displayCharacter+0x56a>
    28d4:	88 ec       	ldi	r24, 0xC8	; 200
    28d6:	90 e0       	ldi	r25, 0x00	; 0
    28d8:	9e a7       	std	Y+46, r25	; 0x2e
    28da:	8d a7       	std	Y+45, r24	; 0x2d
    28dc:	8d a5       	ldd	r24, Y+45	; 0x2d
    28de:	9e a5       	ldd	r25, Y+46	; 0x2e
    28e0:	01 97       	sbiw	r24, 0x01	; 1
    28e2:	f1 f7       	brne	.-4      	; 0x28e0 <LCD_displayCharacter+0x558>
    28e4:	9e a7       	std	Y+46, r25	; 0x2e
    28e6:	8d a7       	std	Y+45, r24	; 0x2d
		while(__ticks)
		{
			// wait 1/10 ms
			_delay_loop_2(((F_CPU) / 4e3) / 10);
			__ticks --;
    28e8:	8f a5       	ldd	r24, Y+47	; 0x2f
    28ea:	98 a9       	ldd	r25, Y+48	; 0x30
    28ec:	01 97       	sbiw	r24, 0x01	; 1
    28ee:	98 ab       	std	Y+48, r25	; 0x30
    28f0:	8f a7       	std	Y+47, r24	; 0x2f
		__ticks = 1;
	else if (__tmp > 65535)
	{
		//	__ticks = requested delay in 1/10 ms
		__ticks = (uint16_t) (__ms * 10.0);
		while(__ticks)
    28f2:	8f a5       	ldd	r24, Y+47	; 0x2f
    28f4:	98 a9       	ldd	r25, Y+48	; 0x30
    28f6:	00 97       	sbiw	r24, 0x00	; 0
    28f8:	69 f7       	brne	.-38     	; 0x28d4 <LCD_displayCharacter+0x54c>
    28fa:	14 c0       	rjmp	.+40     	; 0x2924 <LCD_displayCharacter+0x59c>
			__ticks --;
		}
		return;
	}
	else
		__ticks = (uint16_t)__tmp;
    28fc:	69 a9       	ldd	r22, Y+49	; 0x31
    28fe:	7a a9       	ldd	r23, Y+50	; 0x32
    2900:	8b a9       	ldd	r24, Y+51	; 0x33
    2902:	9c a9       	ldd	r25, Y+52	; 0x34
    2904:	0e 94 49 00 	call	0x92	; 0x92 <__fixunssfsi>
    2908:	dc 01       	movw	r26, r24
    290a:	cb 01       	movw	r24, r22
    290c:	98 ab       	std	Y+48, r25	; 0x30
    290e:	8f a7       	std	Y+47, r24	; 0x2f
    2910:	8f a5       	ldd	r24, Y+47	; 0x2f
    2912:	98 a9       	ldd	r25, Y+48	; 0x30
    2914:	9c a7       	std	Y+44, r25	; 0x2c
    2916:	8b a7       	std	Y+43, r24	; 0x2b
    2918:	8b a5       	ldd	r24, Y+43	; 0x2b
    291a:	9c a5       	ldd	r25, Y+44	; 0x2c
    291c:	01 97       	sbiw	r24, 0x01	; 1
    291e:	f1 f7       	brne	.-4      	; 0x291c <LCD_displayCharacter+0x594>
    2920:	9c a7       	std	Y+44, r25	; 0x2c
    2922:	8b a7       	std	Y+43, r24	; 0x2b
	_delay_ms(1); /* delay for processing Th = 13ns */
	GPIO_writePin(LCD_E_PORT_ID,LCD_E_PIN_ID,LOGIC_HIGH); /* Enable LCD E=1 */
    2924:	80 e0       	ldi	r24, 0x00	; 0
    2926:	62 e0       	ldi	r22, 0x02	; 2
    2928:	41 e0       	ldi	r20, 0x01	; 1
    292a:	0e 94 b0 08 	call	0x1160	; 0x1160 <GPIO_writePin>
    292e:	80 e0       	ldi	r24, 0x00	; 0
    2930:	90 e0       	ldi	r25, 0x00	; 0
    2932:	a0 e8       	ldi	r26, 0x80	; 128
    2934:	bf e3       	ldi	r27, 0x3F	; 63
    2936:	8f a3       	std	Y+39, r24	; 0x27
    2938:	98 a7       	std	Y+40, r25	; 0x28
    293a:	a9 a7       	std	Y+41, r26	; 0x29
    293c:	ba a7       	std	Y+42, r27	; 0x2a
 */
void
_delay_ms(double __ms)
{
	uint16_t __ticks;
	double __tmp = ((F_CPU) / 4e3) * __ms;
    293e:	6f a1       	ldd	r22, Y+39	; 0x27
    2940:	78 a5       	ldd	r23, Y+40	; 0x28
    2942:	89 a5       	ldd	r24, Y+41	; 0x29
    2944:	9a a5       	ldd	r25, Y+42	; 0x2a
    2946:	20 e0       	ldi	r18, 0x00	; 0
    2948:	30 e0       	ldi	r19, 0x00	; 0
    294a:	4a ef       	ldi	r20, 0xFA	; 250
    294c:	54 e4       	ldi	r21, 0x44	; 68
    294e:	0e 94 1f 02 	call	0x43e	; 0x43e <__mulsf3>
    2952:	dc 01       	movw	r26, r24
    2954:	cb 01       	movw	r24, r22
    2956:	8b a3       	std	Y+35, r24	; 0x23
    2958:	9c a3       	std	Y+36, r25	; 0x24
    295a:	ad a3       	std	Y+37, r26	; 0x25
    295c:	be a3       	std	Y+38, r27	; 0x26
	if (__tmp < 1.0)
    295e:	6b a1       	ldd	r22, Y+35	; 0x23
    2960:	7c a1       	ldd	r23, Y+36	; 0x24
    2962:	8d a1       	ldd	r24, Y+37	; 0x25
    2964:	9e a1       	ldd	r25, Y+38	; 0x26
    2966:	20 e0       	ldi	r18, 0x00	; 0
    2968:	30 e0       	ldi	r19, 0x00	; 0
    296a:	40 e8       	ldi	r20, 0x80	; 128
    296c:	5f e3       	ldi	r21, 0x3F	; 63
    296e:	0e 94 79 03 	call	0x6f2	; 0x6f2 <__ltsf2>
    2972:	88 23       	and	r24, r24
    2974:	2c f4       	brge	.+10     	; 0x2980 <LCD_displayCharacter+0x5f8>
		__ticks = 1;
    2976:	81 e0       	ldi	r24, 0x01	; 1
    2978:	90 e0       	ldi	r25, 0x00	; 0
    297a:	9a a3       	std	Y+34, r25	; 0x22
    297c:	89 a3       	std	Y+33, r24	; 0x21
    297e:	3f c0       	rjmp	.+126    	; 0x29fe <LCD_displayCharacter+0x676>
	else if (__tmp > 65535)
    2980:	6b a1       	ldd	r22, Y+35	; 0x23
    2982:	7c a1       	ldd	r23, Y+36	; 0x24
    2984:	8d a1       	ldd	r24, Y+37	; 0x25
    2986:	9e a1       	ldd	r25, Y+38	; 0x26
    2988:	20 e0       	ldi	r18, 0x00	; 0
    298a:	3f ef       	ldi	r19, 0xFF	; 255
    298c:	4f e7       	ldi	r20, 0x7F	; 127
    298e:	57 e4       	ldi	r21, 0x47	; 71
    2990:	0e 94 19 03 	call	0x632	; 0x632 <__gtsf2>
    2994:	18 16       	cp	r1, r24
    2996:	4c f5       	brge	.+82     	; 0x29ea <LCD_displayCharacter+0x662>
	{
		//	__ticks = requested delay in 1/10 ms
		__ticks = (uint16_t) (__ms * 10.0);
    2998:	6f a1       	ldd	r22, Y+39	; 0x27
    299a:	78 a5       	ldd	r23, Y+40	; 0x28
    299c:	89 a5       	ldd	r24, Y+41	; 0x29
    299e:	9a a5       	ldd	r25, Y+42	; 0x2a
    29a0:	20 e0       	ldi	r18, 0x00	; 0
    29a2:	30 e0       	ldi	r19, 0x00	; 0
    29a4:	40 e2       	ldi	r20, 0x20	; 32
    29a6:	51 e4       	ldi	r21, 0x41	; 65
    29a8:	0e 94 1f 02 	call	0x43e	; 0x43e <__mulsf3>
    29ac:	dc 01       	movw	r26, r24
    29ae:	cb 01       	movw	r24, r22
    29b0:	bc 01       	movw	r22, r24
    29b2:	cd 01       	movw	r24, r26
    29b4:	0e 94 49 00 	call	0x92	; 0x92 <__fixunssfsi>
    29b8:	dc 01       	movw	r26, r24
    29ba:	cb 01       	movw	r24, r22
    29bc:	9a a3       	std	Y+34, r25	; 0x22
    29be:	89 a3       	std	Y+33, r24	; 0x21
    29c0:	0f c0       	rjmp	.+30     	; 0x29e0 <LCD_displayCharacter+0x658>
    29c2:	88 ec       	ldi	r24, 0xC8	; 200
    29c4:	90 e0       	ldi	r25, 0x00	; 0
    29c6:	98 a3       	std	Y+32, r25	; 0x20
    29c8:	8f 8f       	std	Y+31, r24	; 0x1f
    29ca:	8f 8d       	ldd	r24, Y+31	; 0x1f
    29cc:	98 a1       	ldd	r25, Y+32	; 0x20
    29ce:	01 97       	sbiw	r24, 0x01	; 1
    29d0:	f1 f7       	brne	.-4      	; 0x29ce <LCD_displayCharacter+0x646>
    29d2:	98 a3       	std	Y+32, r25	; 0x20
    29d4:	8f 8f       	std	Y+31, r24	; 0x1f
		while(__ticks)
		{
			// wait 1/10 ms
			_delay_loop_2(((F_CPU) / 4e3) / 10);
			__ticks --;
    29d6:	89 a1       	ldd	r24, Y+33	; 0x21
    29d8:	9a a1       	ldd	r25, Y+34	; 0x22
    29da:	01 97       	sbiw	r24, 0x01	; 1
    29dc:	9a a3       	std	Y+34, r25	; 0x22
    29de:	89 a3       	std	Y+33, r24	; 0x21
		__ticks = 1;
	else if (__tmp > 65535)
	{
		//	__ticks = requested delay in 1/10 ms
		__ticks = (uint16_t) (__ms * 10.0);
		while(__ticks)
    29e0:	89 a1       	ldd	r24, Y+33	; 0x21
    29e2:	9a a1       	ldd	r25, Y+34	; 0x22
    29e4:	00 97       	sbiw	r24, 0x00	; 0
    29e6:	69 f7       	brne	.-38     	; 0x29c2 <LCD_displayCharacter+0x63a>
    29e8:	14 c0       	rjmp	.+40     	; 0x2a12 <LCD_displayCharacter+0x68a>
			__ticks --;
		}
		return;
	}
	else
		__ticks = (uint16_t)__tmp;
    29ea:	6b a1       	ldd	r22, Y+35	; 0x23
    29ec:	7c a1       	ldd	r23, Y+36	; 0x24
    29ee:	8d a1       	ldd	r24, Y+37	; 0x25
    29f0:	9e a1       	ldd	r25, Y+38	; 0x26
    29f2:	0e 94 49 00 	call	0x92	; 0x92 <__fixunssfsi>
    29f6:	dc 01       	movw	r26, r24
    29f8:	cb 01       	movw	r24, r22
    29fa:	9a a3       	std	Y+34, r25	; 0x22
    29fc:	89 a3       	std	Y+33, r24	; 0x21
    29fe:	89 a1       	ldd	r24, Y+33	; 0x21
    2a00:	9a a1       	ldd	r25, Y+34	; 0x22
    2a02:	9e 8f       	std	Y+30, r25	; 0x1e
    2a04:	8d 8f       	std	Y+29, r24	; 0x1d
    2a06:	8d 8d       	ldd	r24, Y+29	; 0x1d
    2a08:	9e 8d       	ldd	r25, Y+30	; 0x1e
    2a0a:	01 97       	sbiw	r24, 0x01	; 1
    2a0c:	f1 f7       	brne	.-4      	; 0x2a0a <LCD_displayCharacter+0x682>
    2a0e:	9e 8f       	std	Y+30, r25	; 0x1e
    2a10:	8d 8f       	std	Y+29, r24	; 0x1d
	_delay_ms(1); /* delay for processing Tpw - Tdws = 190ns */

	GPIO_writePin(LCD_DATA_PORT_ID,LCD_DB4_PIN_ID,GET_BIT(data,0));
    2a12:	fe 01       	movw	r30, r28
    2a14:	ed 59       	subi	r30, 0x9D	; 157
    2a16:	ff 4f       	sbci	r31, 0xFF	; 255
    2a18:	80 81       	ld	r24, Z
    2a1a:	98 2f       	mov	r25, r24
    2a1c:	91 70       	andi	r25, 0x01	; 1
    2a1e:	80 e0       	ldi	r24, 0x00	; 0
    2a20:	63 e0       	ldi	r22, 0x03	; 3
    2a22:	49 2f       	mov	r20, r25
    2a24:	0e 94 b0 08 	call	0x1160	; 0x1160 <GPIO_writePin>
	GPIO_writePin(LCD_DATA_PORT_ID,LCD_DB5_PIN_ID,GET_BIT(data,1));
    2a28:	fe 01       	movw	r30, r28
    2a2a:	ed 59       	subi	r30, 0x9D	; 157
    2a2c:	ff 4f       	sbci	r31, 0xFF	; 255
    2a2e:	80 81       	ld	r24, Z
    2a30:	88 2f       	mov	r24, r24
    2a32:	90 e0       	ldi	r25, 0x00	; 0
    2a34:	82 70       	andi	r24, 0x02	; 2
    2a36:	90 70       	andi	r25, 0x00	; 0
    2a38:	95 95       	asr	r25
    2a3a:	87 95       	ror	r24
    2a3c:	98 2f       	mov	r25, r24
    2a3e:	80 e0       	ldi	r24, 0x00	; 0
    2a40:	64 e0       	ldi	r22, 0x04	; 4
    2a42:	49 2f       	mov	r20, r25
    2a44:	0e 94 b0 08 	call	0x1160	; 0x1160 <GPIO_writePin>
	GPIO_writePin(LCD_DATA_PORT_ID,LCD_DB6_PIN_ID,GET_BIT(data,2));
    2a48:	fe 01       	movw	r30, r28
    2a4a:	ed 59       	subi	r30, 0x9D	; 157
    2a4c:	ff 4f       	sbci	r31, 0xFF	; 255
    2a4e:	80 81       	ld	r24, Z
    2a50:	88 2f       	mov	r24, r24
    2a52:	90 e0       	ldi	r25, 0x00	; 0
    2a54:	84 70       	andi	r24, 0x04	; 4
    2a56:	90 70       	andi	r25, 0x00	; 0
    2a58:	95 95       	asr	r25
    2a5a:	87 95       	ror	r24
    2a5c:	95 95       	asr	r25
    2a5e:	87 95       	ror	r24
    2a60:	98 2f       	mov	r25, r24
    2a62:	80 e0       	ldi	r24, 0x00	; 0
    2a64:	65 e0       	ldi	r22, 0x05	; 5
    2a66:	49 2f       	mov	r20, r25
    2a68:	0e 94 b0 08 	call	0x1160	; 0x1160 <GPIO_writePin>
	GPIO_writePin(LCD_DATA_PORT_ID,LCD_DB7_PIN_ID,GET_BIT(data,3));
    2a6c:	fe 01       	movw	r30, r28
    2a6e:	ed 59       	subi	r30, 0x9D	; 157
    2a70:	ff 4f       	sbci	r31, 0xFF	; 255
    2a72:	80 81       	ld	r24, Z
    2a74:	88 2f       	mov	r24, r24
    2a76:	90 e0       	ldi	r25, 0x00	; 0
    2a78:	88 70       	andi	r24, 0x08	; 8
    2a7a:	90 70       	andi	r25, 0x00	; 0
    2a7c:	95 95       	asr	r25
    2a7e:	87 95       	ror	r24
    2a80:	95 95       	asr	r25
    2a82:	87 95       	ror	r24
    2a84:	95 95       	asr	r25
    2a86:	87 95       	ror	r24
    2a88:	98 2f       	mov	r25, r24
    2a8a:	80 e0       	ldi	r24, 0x00	; 0
    2a8c:	66 e0       	ldi	r22, 0x06	; 6
    2a8e:	49 2f       	mov	r20, r25
    2a90:	0e 94 b0 08 	call	0x1160	; 0x1160 <GPIO_writePin>
    2a94:	80 e0       	ldi	r24, 0x00	; 0
    2a96:	90 e0       	ldi	r25, 0x00	; 0
    2a98:	a0 e8       	ldi	r26, 0x80	; 128
    2a9a:	bf e3       	ldi	r27, 0x3F	; 63
    2a9c:	89 8f       	std	Y+25, r24	; 0x19
    2a9e:	9a 8f       	std	Y+26, r25	; 0x1a
    2aa0:	ab 8f       	std	Y+27, r26	; 0x1b
    2aa2:	bc 8f       	std	Y+28, r27	; 0x1c
 */
void
_delay_ms(double __ms)
{
	uint16_t __ticks;
	double __tmp = ((F_CPU) / 4e3) * __ms;
    2aa4:	69 8d       	ldd	r22, Y+25	; 0x19
    2aa6:	7a 8d       	ldd	r23, Y+26	; 0x1a
    2aa8:	8b 8d       	ldd	r24, Y+27	; 0x1b
    2aaa:	9c 8d       	ldd	r25, Y+28	; 0x1c
    2aac:	20 e0       	ldi	r18, 0x00	; 0
    2aae:	30 e0       	ldi	r19, 0x00	; 0
    2ab0:	4a ef       	ldi	r20, 0xFA	; 250
    2ab2:	54 e4       	ldi	r21, 0x44	; 68
    2ab4:	0e 94 1f 02 	call	0x43e	; 0x43e <__mulsf3>
    2ab8:	dc 01       	movw	r26, r24
    2aba:	cb 01       	movw	r24, r22
    2abc:	8d 8b       	std	Y+21, r24	; 0x15
    2abe:	9e 8b       	std	Y+22, r25	; 0x16
    2ac0:	af 8b       	std	Y+23, r26	; 0x17
    2ac2:	b8 8f       	std	Y+24, r27	; 0x18
	if (__tmp < 1.0)
    2ac4:	6d 89       	ldd	r22, Y+21	; 0x15
    2ac6:	7e 89       	ldd	r23, Y+22	; 0x16
    2ac8:	8f 89       	ldd	r24, Y+23	; 0x17
    2aca:	98 8d       	ldd	r25, Y+24	; 0x18
    2acc:	20 e0       	ldi	r18, 0x00	; 0
    2ace:	30 e0       	ldi	r19, 0x00	; 0
    2ad0:	40 e8       	ldi	r20, 0x80	; 128
    2ad2:	5f e3       	ldi	r21, 0x3F	; 63
    2ad4:	0e 94 79 03 	call	0x6f2	; 0x6f2 <__ltsf2>
    2ad8:	88 23       	and	r24, r24
    2ada:	2c f4       	brge	.+10     	; 0x2ae6 <LCD_displayCharacter+0x75e>
		__ticks = 1;
    2adc:	81 e0       	ldi	r24, 0x01	; 1
    2ade:	90 e0       	ldi	r25, 0x00	; 0
    2ae0:	9c 8b       	std	Y+20, r25	; 0x14
    2ae2:	8b 8b       	std	Y+19, r24	; 0x13
    2ae4:	3f c0       	rjmp	.+126    	; 0x2b64 <LCD_displayCharacter+0x7dc>
	else if (__tmp > 65535)
    2ae6:	6d 89       	ldd	r22, Y+21	; 0x15
    2ae8:	7e 89       	ldd	r23, Y+22	; 0x16
    2aea:	8f 89       	ldd	r24, Y+23	; 0x17
    2aec:	98 8d       	ldd	r25, Y+24	; 0x18
    2aee:	20 e0       	ldi	r18, 0x00	; 0
    2af0:	3f ef       	ldi	r19, 0xFF	; 255
    2af2:	4f e7       	ldi	r20, 0x7F	; 127
    2af4:	57 e4       	ldi	r21, 0x47	; 71
    2af6:	0e 94 19 03 	call	0x632	; 0x632 <__gtsf2>
    2afa:	18 16       	cp	r1, r24
    2afc:	4c f5       	brge	.+82     	; 0x2b50 <LCD_displayCharacter+0x7c8>
	{
		//	__ticks = requested delay in 1/10 ms
		__ticks = (uint16_t) (__ms * 10.0);
    2afe:	69 8d       	ldd	r22, Y+25	; 0x19
    2b00:	7a 8d       	ldd	r23, Y+26	; 0x1a
    2b02:	8b 8d       	ldd	r24, Y+27	; 0x1b
    2b04:	9c 8d       	ldd	r25, Y+28	; 0x1c
    2b06:	20 e0       	ldi	r18, 0x00	; 0
    2b08:	30 e0       	ldi	r19, 0x00	; 0
    2b0a:	40 e2       	ldi	r20, 0x20	; 32
    2b0c:	51 e4       	ldi	r21, 0x41	; 65
    2b0e:	0e 94 1f 02 	call	0x43e	; 0x43e <__mulsf3>
    2b12:	dc 01       	movw	r26, r24
    2b14:	cb 01       	movw	r24, r22
    2b16:	bc 01       	movw	r22, r24
    2b18:	cd 01       	movw	r24, r26
    2b1a:	0e 94 49 00 	call	0x92	; 0x92 <__fixunssfsi>
    2b1e:	dc 01       	movw	r26, r24
    2b20:	cb 01       	movw	r24, r22
    2b22:	9c 8b       	std	Y+20, r25	; 0x14
    2b24:	8b 8b       	std	Y+19, r24	; 0x13
    2b26:	0f c0       	rjmp	.+30     	; 0x2b46 <LCD_displayCharacter+0x7be>
    2b28:	88 ec       	ldi	r24, 0xC8	; 200
    2b2a:	90 e0       	ldi	r25, 0x00	; 0
    2b2c:	9a 8b       	std	Y+18, r25	; 0x12
    2b2e:	89 8b       	std	Y+17, r24	; 0x11
    2b30:	89 89       	ldd	r24, Y+17	; 0x11
    2b32:	9a 89       	ldd	r25, Y+18	; 0x12
    2b34:	01 97       	sbiw	r24, 0x01	; 1
    2b36:	f1 f7       	brne	.-4      	; 0x2b34 <LCD_displayCharacter+0x7ac>
    2b38:	9a 8b       	std	Y+18, r25	; 0x12
    2b3a:	89 8b       	std	Y+17, r24	; 0x11
		while(__ticks)
		{
			// wait 1/10 ms
			_delay_loop_2(((F_CPU) / 4e3) / 10);
			__ticks --;
    2b3c:	8b 89       	ldd	r24, Y+19	; 0x13
    2b3e:	9c 89       	ldd	r25, Y+20	; 0x14
    2b40:	01 97       	sbiw	r24, 0x01	; 1
    2b42:	9c 8b       	std	Y+20, r25	; 0x14
    2b44:	8b 8b       	std	Y+19, r24	; 0x13
		__ticks = 1;
	else if (__tmp > 65535)
	{
		//	__ticks = requested delay in 1/10 ms
		__ticks = (uint16_t) (__ms * 10.0);
		while(__ticks)
    2b46:	8b 89       	ldd	r24, Y+19	; 0x13
    2b48:	9c 89       	ldd	r25, Y+20	; 0x14
    2b4a:	00 97       	sbiw	r24, 0x00	; 0
    2b4c:	69 f7       	brne	.-38     	; 0x2b28 <LCD_displayCharacter+0x7a0>
    2b4e:	14 c0       	rjmp	.+40     	; 0x2b78 <LCD_displayCharacter+0x7f0>
			__ticks --;
		}
		return;
	}
	else
		__ticks = (uint16_t)__tmp;
    2b50:	6d 89       	ldd	r22, Y+21	; 0x15
    2b52:	7e 89       	ldd	r23, Y+22	; 0x16
    2b54:	8f 89       	ldd	r24, Y+23	; 0x17
    2b56:	98 8d       	ldd	r25, Y+24	; 0x18
    2b58:	0e 94 49 00 	call	0x92	; 0x92 <__fixunssfsi>
    2b5c:	dc 01       	movw	r26, r24
    2b5e:	cb 01       	movw	r24, r22
    2b60:	9c 8b       	std	Y+20, r25	; 0x14
    2b62:	8b 8b       	std	Y+19, r24	; 0x13
    2b64:	8b 89       	ldd	r24, Y+19	; 0x13
    2b66:	9c 89       	ldd	r25, Y+20	; 0x14
    2b68:	98 8b       	std	Y+16, r25	; 0x10
    2b6a:	8f 87       	std	Y+15, r24	; 0x0f
    2b6c:	8f 85       	ldd	r24, Y+15	; 0x0f
    2b6e:	98 89       	ldd	r25, Y+16	; 0x10
    2b70:	01 97       	sbiw	r24, 0x01	; 1
    2b72:	f1 f7       	brne	.-4      	; 0x2b70 <LCD_displayCharacter+0x7e8>
    2b74:	98 8b       	std	Y+16, r25	; 0x10
    2b76:	8f 87       	std	Y+15, r24	; 0x0f

	_delay_ms(1); /* delay for processing Tdsw = 100ns */
	GPIO_writePin(LCD_E_PORT_ID,LCD_E_PIN_ID,LOGIC_LOW); /* Disable LCD E=0 */
    2b78:	80 e0       	ldi	r24, 0x00	; 0
    2b7a:	62 e0       	ldi	r22, 0x02	; 2
    2b7c:	40 e0       	ldi	r20, 0x00	; 0
    2b7e:	0e 94 b0 08 	call	0x1160	; 0x1160 <GPIO_writePin>
    2b82:	80 e0       	ldi	r24, 0x00	; 0
    2b84:	90 e0       	ldi	r25, 0x00	; 0
    2b86:	a0 e8       	ldi	r26, 0x80	; 128
    2b88:	bf e3       	ldi	r27, 0x3F	; 63
    2b8a:	8b 87       	std	Y+11, r24	; 0x0b
    2b8c:	9c 87       	std	Y+12, r25	; 0x0c
    2b8e:	ad 87       	std	Y+13, r26	; 0x0d
    2b90:	be 87       	std	Y+14, r27	; 0x0e
 */
void
_delay_ms(double __ms)
{
	uint16_t __ticks;
	double __tmp = ((F_CPU) / 4e3) * __ms;
    2b92:	6b 85       	ldd	r22, Y+11	; 0x0b
    2b94:	7c 85       	ldd	r23, Y+12	; 0x0c
    2b96:	8d 85       	ldd	r24, Y+13	; 0x0d
    2b98:	9e 85       	ldd	r25, Y+14	; 0x0e
    2b9a:	20 e0       	ldi	r18, 0x00	; 0
    2b9c:	30 e0       	ldi	r19, 0x00	; 0
    2b9e:	4a ef       	ldi	r20, 0xFA	; 250
    2ba0:	54 e4       	ldi	r21, 0x44	; 68
    2ba2:	0e 94 1f 02 	call	0x43e	; 0x43e <__mulsf3>
    2ba6:	dc 01       	movw	r26, r24
    2ba8:	cb 01       	movw	r24, r22
    2baa:	8f 83       	std	Y+7, r24	; 0x07
    2bac:	98 87       	std	Y+8, r25	; 0x08
    2bae:	a9 87       	std	Y+9, r26	; 0x09
    2bb0:	ba 87       	std	Y+10, r27	; 0x0a
	if (__tmp < 1.0)
    2bb2:	6f 81       	ldd	r22, Y+7	; 0x07
    2bb4:	78 85       	ldd	r23, Y+8	; 0x08
    2bb6:	89 85       	ldd	r24, Y+9	; 0x09
    2bb8:	9a 85       	ldd	r25, Y+10	; 0x0a
    2bba:	20 e0       	ldi	r18, 0x00	; 0
    2bbc:	30 e0       	ldi	r19, 0x00	; 0
    2bbe:	40 e8       	ldi	r20, 0x80	; 128
    2bc0:	5f e3       	ldi	r21, 0x3F	; 63
    2bc2:	0e 94 79 03 	call	0x6f2	; 0x6f2 <__ltsf2>
    2bc6:	88 23       	and	r24, r24
    2bc8:	2c f4       	brge	.+10     	; 0x2bd4 <LCD_displayCharacter+0x84c>
		__ticks = 1;
    2bca:	81 e0       	ldi	r24, 0x01	; 1
    2bcc:	90 e0       	ldi	r25, 0x00	; 0
    2bce:	9e 83       	std	Y+6, r25	; 0x06
    2bd0:	8d 83       	std	Y+5, r24	; 0x05
    2bd2:	3f c0       	rjmp	.+126    	; 0x2c52 <LCD_displayCharacter+0x8ca>
	else if (__tmp > 65535)
    2bd4:	6f 81       	ldd	r22, Y+7	; 0x07
    2bd6:	78 85       	ldd	r23, Y+8	; 0x08
    2bd8:	89 85       	ldd	r24, Y+9	; 0x09
    2bda:	9a 85       	ldd	r25, Y+10	; 0x0a
    2bdc:	20 e0       	ldi	r18, 0x00	; 0
    2bde:	3f ef       	ldi	r19, 0xFF	; 255
    2be0:	4f e7       	ldi	r20, 0x7F	; 127
    2be2:	57 e4       	ldi	r21, 0x47	; 71
    2be4:	0e 94 19 03 	call	0x632	; 0x632 <__gtsf2>
    2be8:	18 16       	cp	r1, r24
    2bea:	4c f5       	brge	.+82     	; 0x2c3e <LCD_displayCharacter+0x8b6>
	{
		//	__ticks = requested delay in 1/10 ms
		__ticks = (uint16_t) (__ms * 10.0);
    2bec:	6b 85       	ldd	r22, Y+11	; 0x0b
    2bee:	7c 85       	ldd	r23, Y+12	; 0x0c
    2bf0:	8d 85       	ldd	r24, Y+13	; 0x0d
    2bf2:	9e 85       	ldd	r25, Y+14	; 0x0e
    2bf4:	20 e0       	ldi	r18, 0x00	; 0
    2bf6:	30 e0       	ldi	r19, 0x00	; 0
    2bf8:	40 e2       	ldi	r20, 0x20	; 32
    2bfa:	51 e4       	ldi	r21, 0x41	; 65
    2bfc:	0e 94 1f 02 	call	0x43e	; 0x43e <__mulsf3>
    2c00:	dc 01       	movw	r26, r24
    2c02:	cb 01       	movw	r24, r22
    2c04:	bc 01       	movw	r22, r24
    2c06:	cd 01       	movw	r24, r26
    2c08:	0e 94 49 00 	call	0x92	; 0x92 <__fixunssfsi>
    2c0c:	dc 01       	movw	r26, r24
    2c0e:	cb 01       	movw	r24, r22
    2c10:	9e 83       	std	Y+6, r25	; 0x06
    2c12:	8d 83       	std	Y+5, r24	; 0x05
    2c14:	0f c0       	rjmp	.+30     	; 0x2c34 <LCD_displayCharacter+0x8ac>
    2c16:	88 ec       	ldi	r24, 0xC8	; 200
    2c18:	90 e0       	ldi	r25, 0x00	; 0
    2c1a:	9c 83       	std	Y+4, r25	; 0x04
    2c1c:	8b 83       	std	Y+3, r24	; 0x03
    2c1e:	8b 81       	ldd	r24, Y+3	; 0x03
    2c20:	9c 81       	ldd	r25, Y+4	; 0x04
    2c22:	01 97       	sbiw	r24, 0x01	; 1
    2c24:	f1 f7       	brne	.-4      	; 0x2c22 <LCD_displayCharacter+0x89a>
    2c26:	9c 83       	std	Y+4, r25	; 0x04
    2c28:	8b 83       	std	Y+3, r24	; 0x03
		while(__ticks)
		{
			// wait 1/10 ms
			_delay_loop_2(((F_CPU) / 4e3) / 10);
			__ticks --;
    2c2a:	8d 81       	ldd	r24, Y+5	; 0x05
    2c2c:	9e 81       	ldd	r25, Y+6	; 0x06
    2c2e:	01 97       	sbiw	r24, 0x01	; 1
    2c30:	9e 83       	std	Y+6, r25	; 0x06
    2c32:	8d 83       	std	Y+5, r24	; 0x05
		__ticks = 1;
	else if (__tmp > 65535)
	{
		//	__ticks = requested delay in 1/10 ms
		__ticks = (uint16_t) (__ms * 10.0);
		while(__ticks)
    2c34:	8d 81       	ldd	r24, Y+5	; 0x05
    2c36:	9e 81       	ldd	r25, Y+6	; 0x06
    2c38:	00 97       	sbiw	r24, 0x00	; 0
    2c3a:	69 f7       	brne	.-38     	; 0x2c16 <LCD_displayCharacter+0x88e>
    2c3c:	14 c0       	rjmp	.+40     	; 0x2c66 <LCD_displayCharacter+0x8de>
			__ticks --;
		}
		return;
	}
	else
		__ticks = (uint16_t)__tmp;
    2c3e:	6f 81       	ldd	r22, Y+7	; 0x07
    2c40:	78 85       	ldd	r23, Y+8	; 0x08
    2c42:	89 85       	ldd	r24, Y+9	; 0x09
    2c44:	9a 85       	ldd	r25, Y+10	; 0x0a
    2c46:	0e 94 49 00 	call	0x92	; 0x92 <__fixunssfsi>
    2c4a:	dc 01       	movw	r26, r24
    2c4c:	cb 01       	movw	r24, r22
    2c4e:	9e 83       	std	Y+6, r25	; 0x06
    2c50:	8d 83       	std	Y+5, r24	; 0x05
    2c52:	8d 81       	ldd	r24, Y+5	; 0x05
    2c54:	9e 81       	ldd	r25, Y+6	; 0x06
    2c56:	9a 83       	std	Y+2, r25	; 0x02
    2c58:	89 83       	std	Y+1, r24	; 0x01
    2c5a:	89 81       	ldd	r24, Y+1	; 0x01
    2c5c:	9a 81       	ldd	r25, Y+2	; 0x02
    2c5e:	01 97       	sbiw	r24, 0x01	; 1
    2c60:	f1 f7       	brne	.-4      	; 0x2c5e <LCD_displayCharacter+0x8d6>
    2c62:	9a 83       	std	Y+2, r25	; 0x02
    2c64:	89 83       	std	Y+1, r24	; 0x01
	GPIO_writePort(LCD_DATA_PORT_ID,data); /* out the required command to the data bus D0 --> D7 */
	_delay_ms(1); /* delay for processing Tdsw = 100ns */
	GPIO_writePin(LCD_E_PORT_ID,LCD_E_PIN_ID,LOGIC_LOW); /* Disable LCD E=0 */
	_delay_ms(1); /* delay for processing Th = 13ns */
#endif
}
    2c66:	cd 59       	subi	r28, 0x9D	; 157
    2c68:	df 4f       	sbci	r29, 0xFF	; 255
    2c6a:	0f b6       	in	r0, 0x3f	; 63
    2c6c:	f8 94       	cli
    2c6e:	de bf       	out	0x3e, r29	; 62
    2c70:	0f be       	out	0x3f, r0	; 63
    2c72:	cd bf       	out	0x3d, r28	; 61
    2c74:	cf 91       	pop	r28
    2c76:	df 91       	pop	r29
    2c78:	1f 91       	pop	r17
    2c7a:	0f 91       	pop	r16
    2c7c:	08 95       	ret

00002c7e <LCD_displayString>:
/*
 * Description :
 * Display the required string on the screen
 */
void LCD_displayString(const char *Str)
{
    2c7e:	df 93       	push	r29
    2c80:	cf 93       	push	r28
    2c82:	00 d0       	rcall	.+0      	; 0x2c84 <LCD_displayString+0x6>
    2c84:	0f 92       	push	r0
    2c86:	cd b7       	in	r28, 0x3d	; 61
    2c88:	de b7       	in	r29, 0x3e	; 62
    2c8a:	9b 83       	std	Y+3, r25	; 0x03
    2c8c:	8a 83       	std	Y+2, r24	; 0x02
	uint8 i = 0;
    2c8e:	19 82       	std	Y+1, r1	; 0x01
    2c90:	0e c0       	rjmp	.+28     	; 0x2cae <LCD_displayString+0x30>
	while(Str[i] != '\0')
	{
		LCD_displayCharacter(Str[i]);
    2c92:	89 81       	ldd	r24, Y+1	; 0x01
    2c94:	28 2f       	mov	r18, r24
    2c96:	30 e0       	ldi	r19, 0x00	; 0
    2c98:	8a 81       	ldd	r24, Y+2	; 0x02
    2c9a:	9b 81       	ldd	r25, Y+3	; 0x03
    2c9c:	fc 01       	movw	r30, r24
    2c9e:	e2 0f       	add	r30, r18
    2ca0:	f3 1f       	adc	r31, r19
    2ca2:	80 81       	ld	r24, Z
    2ca4:	0e 94 c4 11 	call	0x2388	; 0x2388 <LCD_displayCharacter>
		i++;
    2ca8:	89 81       	ldd	r24, Y+1	; 0x01
    2caa:	8f 5f       	subi	r24, 0xFF	; 255
    2cac:	89 83       	std	Y+1, r24	; 0x01
 * Display the required string on the screen
 */
void LCD_displayString(const char *Str)
{
	uint8 i = 0;
	while(Str[i] != '\0')
    2cae:	89 81       	ldd	r24, Y+1	; 0x01
    2cb0:	28 2f       	mov	r18, r24
    2cb2:	30 e0       	ldi	r19, 0x00	; 0
    2cb4:	8a 81       	ldd	r24, Y+2	; 0x02
    2cb6:	9b 81       	ldd	r25, Y+3	; 0x03
    2cb8:	fc 01       	movw	r30, r24
    2cba:	e2 0f       	add	r30, r18
    2cbc:	f3 1f       	adc	r31, r19
    2cbe:	80 81       	ld	r24, Z
    2cc0:	88 23       	and	r24, r24
    2cc2:	39 f7       	brne	.-50     	; 0x2c92 <LCD_displayString+0x14>
	{
		LCD_displayCharacter(*Str);
		Str++;
	}		
	*********************************************************/
}
    2cc4:	0f 90       	pop	r0
    2cc6:	0f 90       	pop	r0
    2cc8:	0f 90       	pop	r0
    2cca:	cf 91       	pop	r28
    2ccc:	df 91       	pop	r29
    2cce:	08 95       	ret

00002cd0 <LCD_moveCursor>:
/*
 * Description :
 * Move the cursor to a specified row and column index on the screen
 */
void LCD_moveCursor(uint8 row,uint8 col)
{
    2cd0:	df 93       	push	r29
    2cd2:	cf 93       	push	r28
    2cd4:	00 d0       	rcall	.+0      	; 0x2cd6 <LCD_moveCursor+0x6>
    2cd6:	00 d0       	rcall	.+0      	; 0x2cd8 <LCD_moveCursor+0x8>
    2cd8:	0f 92       	push	r0
    2cda:	cd b7       	in	r28, 0x3d	; 61
    2cdc:	de b7       	in	r29, 0x3e	; 62
    2cde:	8a 83       	std	Y+2, r24	; 0x02
    2ce0:	6b 83       	std	Y+3, r22	; 0x03
	uint8 lcd_memory_address;
	
	/* Calculate the required address in the LCD DDRAM */
	switch(row)
    2ce2:	8a 81       	ldd	r24, Y+2	; 0x02
    2ce4:	28 2f       	mov	r18, r24
    2ce6:	30 e0       	ldi	r19, 0x00	; 0
    2ce8:	3d 83       	std	Y+5, r19	; 0x05
    2cea:	2c 83       	std	Y+4, r18	; 0x04
    2cec:	8c 81       	ldd	r24, Y+4	; 0x04
    2cee:	9d 81       	ldd	r25, Y+5	; 0x05
    2cf0:	81 30       	cpi	r24, 0x01	; 1
    2cf2:	91 05       	cpc	r25, r1
    2cf4:	c1 f0       	breq	.+48     	; 0x2d26 <LCD_moveCursor+0x56>
    2cf6:	2c 81       	ldd	r18, Y+4	; 0x04
    2cf8:	3d 81       	ldd	r19, Y+5	; 0x05
    2cfa:	22 30       	cpi	r18, 0x02	; 2
    2cfc:	31 05       	cpc	r19, r1
    2cfe:	2c f4       	brge	.+10     	; 0x2d0a <LCD_moveCursor+0x3a>
    2d00:	8c 81       	ldd	r24, Y+4	; 0x04
    2d02:	9d 81       	ldd	r25, Y+5	; 0x05
    2d04:	00 97       	sbiw	r24, 0x00	; 0
    2d06:	61 f0       	breq	.+24     	; 0x2d20 <LCD_moveCursor+0x50>
    2d08:	19 c0       	rjmp	.+50     	; 0x2d3c <LCD_moveCursor+0x6c>
    2d0a:	2c 81       	ldd	r18, Y+4	; 0x04
    2d0c:	3d 81       	ldd	r19, Y+5	; 0x05
    2d0e:	22 30       	cpi	r18, 0x02	; 2
    2d10:	31 05       	cpc	r19, r1
    2d12:	69 f0       	breq	.+26     	; 0x2d2e <LCD_moveCursor+0x5e>
    2d14:	8c 81       	ldd	r24, Y+4	; 0x04
    2d16:	9d 81       	ldd	r25, Y+5	; 0x05
    2d18:	83 30       	cpi	r24, 0x03	; 3
    2d1a:	91 05       	cpc	r25, r1
    2d1c:	61 f0       	breq	.+24     	; 0x2d36 <LCD_moveCursor+0x66>
    2d1e:	0e c0       	rjmp	.+28     	; 0x2d3c <LCD_moveCursor+0x6c>
	{
		case 0:
			lcd_memory_address=col;
    2d20:	8b 81       	ldd	r24, Y+3	; 0x03
    2d22:	89 83       	std	Y+1, r24	; 0x01
    2d24:	0b c0       	rjmp	.+22     	; 0x2d3c <LCD_moveCursor+0x6c>
				break;
		case 1:
			lcd_memory_address=col+0x40;
    2d26:	8b 81       	ldd	r24, Y+3	; 0x03
    2d28:	80 5c       	subi	r24, 0xC0	; 192
    2d2a:	89 83       	std	Y+1, r24	; 0x01
    2d2c:	07 c0       	rjmp	.+14     	; 0x2d3c <LCD_moveCursor+0x6c>
				break;
		case 2:
			lcd_memory_address=col+0x10;
    2d2e:	8b 81       	ldd	r24, Y+3	; 0x03
    2d30:	80 5f       	subi	r24, 0xF0	; 240
    2d32:	89 83       	std	Y+1, r24	; 0x01
    2d34:	03 c0       	rjmp	.+6      	; 0x2d3c <LCD_moveCursor+0x6c>
				break;
		case 3:
			lcd_memory_address=col+0x50;
    2d36:	8b 81       	ldd	r24, Y+3	; 0x03
    2d38:	80 5b       	subi	r24, 0xB0	; 176
    2d3a:	89 83       	std	Y+1, r24	; 0x01
				break;
	}					
	/* Move the LCD cursor to this specific address */
	LCD_sendCommand(lcd_memory_address | LCD_SET_CURSOR_LOCATION);
    2d3c:	89 81       	ldd	r24, Y+1	; 0x01
    2d3e:	80 68       	ori	r24, 0x80	; 128
    2d40:	0e 94 49 0d 	call	0x1a92	; 0x1a92 <LCD_sendCommand>
}
    2d44:	0f 90       	pop	r0
    2d46:	0f 90       	pop	r0
    2d48:	0f 90       	pop	r0
    2d4a:	0f 90       	pop	r0
    2d4c:	0f 90       	pop	r0
    2d4e:	cf 91       	pop	r28
    2d50:	df 91       	pop	r29
    2d52:	08 95       	ret

00002d54 <LCD_displayStringRowColumn>:
/*
 * Description :
 * Display the required string in a specified row and column index on the screen
 */
void LCD_displayStringRowColumn(uint8 row,uint8 col,const char *Str)
{
    2d54:	df 93       	push	r29
    2d56:	cf 93       	push	r28
    2d58:	00 d0       	rcall	.+0      	; 0x2d5a <LCD_displayStringRowColumn+0x6>
    2d5a:	00 d0       	rcall	.+0      	; 0x2d5c <LCD_displayStringRowColumn+0x8>
    2d5c:	cd b7       	in	r28, 0x3d	; 61
    2d5e:	de b7       	in	r29, 0x3e	; 62
    2d60:	89 83       	std	Y+1, r24	; 0x01
    2d62:	6a 83       	std	Y+2, r22	; 0x02
    2d64:	5c 83       	std	Y+4, r21	; 0x04
    2d66:	4b 83       	std	Y+3, r20	; 0x03
	LCD_moveCursor(row,col); /* go to to the required LCD position */
    2d68:	89 81       	ldd	r24, Y+1	; 0x01
    2d6a:	6a 81       	ldd	r22, Y+2	; 0x02
    2d6c:	0e 94 68 16 	call	0x2cd0	; 0x2cd0 <LCD_moveCursor>
	LCD_displayString(Str); /* display the string */
    2d70:	8b 81       	ldd	r24, Y+3	; 0x03
    2d72:	9c 81       	ldd	r25, Y+4	; 0x04
    2d74:	0e 94 3f 16 	call	0x2c7e	; 0x2c7e <LCD_displayString>
}
    2d78:	0f 90       	pop	r0
    2d7a:	0f 90       	pop	r0
    2d7c:	0f 90       	pop	r0
    2d7e:	0f 90       	pop	r0
    2d80:	cf 91       	pop	r28
    2d82:	df 91       	pop	r29
    2d84:	08 95       	ret

00002d86 <LCD_intgerToString>:
/*
 * Description :
 * Display the required decimal value on the screen
 */
void LCD_intgerToString(int data)
{
    2d86:	df 93       	push	r29
    2d88:	cf 93       	push	r28
    2d8a:	cd b7       	in	r28, 0x3d	; 61
    2d8c:	de b7       	in	r29, 0x3e	; 62
    2d8e:	62 97       	sbiw	r28, 0x12	; 18
    2d90:	0f b6       	in	r0, 0x3f	; 63
    2d92:	f8 94       	cli
    2d94:	de bf       	out	0x3e, r29	; 62
    2d96:	0f be       	out	0x3f, r0	; 63
    2d98:	cd bf       	out	0x3d, r28	; 61
    2d9a:	9a 8b       	std	Y+18, r25	; 0x12
    2d9c:	89 8b       	std	Y+17, r24	; 0x11
   char buff[16]; /* String to hold the ascii result */
   itoa(data,buff,10); /* Use itoa C function to convert the data to its corresponding ASCII value, 10 for decimal */
    2d9e:	89 89       	ldd	r24, Y+17	; 0x11
    2da0:	9a 89       	ldd	r25, Y+18	; 0x12
    2da2:	9e 01       	movw	r18, r28
    2da4:	2f 5f       	subi	r18, 0xFF	; 255
    2da6:	3f 4f       	sbci	r19, 0xFF	; 255
    2da8:	b9 01       	movw	r22, r18
    2daa:	4a e0       	ldi	r20, 0x0A	; 10
    2dac:	50 e0       	ldi	r21, 0x00	; 0
    2dae:	0e 94 75 19 	call	0x32ea	; 0x32ea <itoa>
   LCD_displayString(buff); /* Display the string */
    2db2:	ce 01       	movw	r24, r28
    2db4:	01 96       	adiw	r24, 0x01	; 1
    2db6:	0e 94 3f 16 	call	0x2c7e	; 0x2c7e <LCD_displayString>
}
    2dba:	62 96       	adiw	r28, 0x12	; 18
    2dbc:	0f b6       	in	r0, 0x3f	; 63
    2dbe:	f8 94       	cli
    2dc0:	de bf       	out	0x3e, r29	; 62
    2dc2:	0f be       	out	0x3f, r0	; 63
    2dc4:	cd bf       	out	0x3d, r28	; 61
    2dc6:	cf 91       	pop	r28
    2dc8:	df 91       	pop	r29
    2dca:	08 95       	ret

00002dcc <LCD_clearScreen>:
/*
 * Description :
 * Send the clear screen command
 */
void LCD_clearScreen(void)
{
    2dcc:	df 93       	push	r29
    2dce:	cf 93       	push	r28
    2dd0:	cd b7       	in	r28, 0x3d	; 61
    2dd2:	de b7       	in	r29, 0x3e	; 62
	LCD_sendCommand(LCD_CLEAR_COMMAND); /* Send clear display command */
    2dd4:	81 e0       	ldi	r24, 0x01	; 1
    2dd6:	0e 94 49 0d 	call	0x1a92	; 0x1a92 <LCD_sendCommand>
}
    2dda:	cf 91       	pop	r28
    2ddc:	df 91       	pop	r29
    2dde:	08 95       	ret

00002de0 <Timer1_init>:
⮚ Function to initialize the Timer driver
● Inputs: pointer to the configuration structure with type
  Timer1_ConfigType.
● Return: None
 */
void Timer1_init(const Timer1_ConfigType * Config_Ptr){
    2de0:	df 93       	push	r29
    2de2:	cf 93       	push	r28
    2de4:	00 d0       	rcall	.+0      	; 0x2de6 <Timer1_init+0x6>
    2de6:	cd b7       	in	r28, 0x3d	; 61
    2de8:	de b7       	in	r29, 0x3e	; 62
    2dea:	9a 83       	std	Y+2, r25	; 0x02
    2dec:	89 83       	std	Y+1, r24	; 0x01



	Config_Ptr->mode;

	TCNT1 = Config_Ptr->initial_value ; //timer initial value
    2dee:	ac e4       	ldi	r26, 0x4C	; 76
    2df0:	b0 e0       	ldi	r27, 0x00	; 0
    2df2:	e9 81       	ldd	r30, Y+1	; 0x01
    2df4:	fa 81       	ldd	r31, Y+2	; 0x02
    2df6:	80 81       	ld	r24, Z
    2df8:	91 81       	ldd	r25, Z+1	; 0x01
    2dfa:	11 96       	adiw	r26, 0x01	; 1
    2dfc:	9c 93       	st	X, r25
    2dfe:	8e 93       	st	-X, r24
	OCR1A  = Config_Ptr->compare_value ; //compare value
    2e00:	aa e4       	ldi	r26, 0x4A	; 74
    2e02:	b0 e0       	ldi	r27, 0x00	; 0
    2e04:	e9 81       	ldd	r30, Y+1	; 0x01
    2e06:	fa 81       	ldd	r31, Y+2	; 0x02
    2e08:	82 81       	ldd	r24, Z+2	; 0x02
    2e0a:	93 81       	ldd	r25, Z+3	; 0x03
    2e0c:	11 96       	adiw	r26, 0x01	; 1
    2e0e:	9c 93       	st	X, r25
    2e10:	8e 93       	st	-X, r24


	TIMSK |= (1<<OCIE1A); //enable compare interrupt for channel A
    2e12:	a9 e5       	ldi	r26, 0x59	; 89
    2e14:	b0 e0       	ldi	r27, 0x00	; 0
    2e16:	e9 e5       	ldi	r30, 0x59	; 89
    2e18:	f0 e0       	ldi	r31, 0x00	; 0
    2e1a:	80 81       	ld	r24, Z
    2e1c:	80 61       	ori	r24, 0x10	; 16
    2e1e:	8c 93       	st	X, r24
	/* Configure timer1 control registers
	 * 1. Non PWM mode FOC1A=1 and FOC1B=1
	 * 2. No need for OC1A & OC1B in this example so COM1A0=0 & COM1A1=0 & COM1B0=0 & COM1B1=0
	 * 3. CTC Mode and compare value in OCR1A WGM10=0 & WGM11=0 & WGM12=1 & WGM13=0
	 */
	TCCR1A = (1<<FOC1A) | (1<<FOC1B);
    2e20:	ef e4       	ldi	r30, 0x4F	; 79
    2e22:	f0 e0       	ldi	r31, 0x00	; 0
    2e24:	8c e0       	ldi	r24, 0x0C	; 12
    2e26:	80 83       	st	Z, r24
	/*
	 * 4. Set the Clock at CS10 CS11 CS12 bits
	 */
	TCCR1B = (TCCR1B & 0xF8) | (Config_Ptr->prescaler);
    2e28:	ae e4       	ldi	r26, 0x4E	; 78
    2e2a:	b0 e0       	ldi	r27, 0x00	; 0
    2e2c:	ee e4       	ldi	r30, 0x4E	; 78
    2e2e:	f0 e0       	ldi	r31, 0x00	; 0
    2e30:	80 81       	ld	r24, Z
    2e32:	98 2f       	mov	r25, r24
    2e34:	98 7f       	andi	r25, 0xF8	; 248
    2e36:	e9 81       	ldd	r30, Y+1	; 0x01
    2e38:	fa 81       	ldd	r31, Y+2	; 0x02
    2e3a:	84 81       	ldd	r24, Z+4	; 0x04
    2e3c:	89 2b       	or	r24, r25
    2e3e:	8c 93       	st	X, r24
	if((Config_Ptr->mode)==0)
    2e40:	e9 81       	ldd	r30, Y+1	; 0x01
    2e42:	fa 81       	ldd	r31, Y+2	; 0x02
    2e44:	85 81       	ldd	r24, Z+5	; 0x05
    2e46:	88 23       	and	r24, r24
    2e48:	79 f4       	brne	.+30     	; 0x2e68 <Timer1_init+0x88>
	{

		/* Enable Timer1 overflow interrupts */
		SET_BIT(TIMSK,TOIE1);
    2e4a:	a9 e5       	ldi	r26, 0x59	; 89
    2e4c:	b0 e0       	ldi	r27, 0x00	; 0
    2e4e:	e9 e5       	ldi	r30, 0x59	; 89
    2e50:	f0 e0       	ldi	r31, 0x00	; 0
    2e52:	80 81       	ld	r24, Z
    2e54:	84 60       	ori	r24, 0x04	; 4
    2e56:	8c 93       	st	X, r24
		/* Enable overflow flag */
		SET_BIT(TIFR,TOV1);
    2e58:	a8 e5       	ldi	r26, 0x58	; 88
    2e5a:	b0 e0       	ldi	r27, 0x00	; 0
    2e5c:	e8 e5       	ldi	r30, 0x58	; 88
    2e5e:	f0 e0       	ldi	r31, 0x00	; 0
    2e60:	80 81       	ld	r24, Z
    2e62:	84 60       	ori	r24, 0x04	; 4
    2e64:	8c 93       	st	X, r24
    2e66:	23 c0       	rjmp	.+70     	; 0x2eae <Timer1_init+0xce>
	}
	else if((Config_Ptr->mode)==4)
    2e68:	e9 81       	ldd	r30, Y+1	; 0x01
    2e6a:	fa 81       	ldd	r31, Y+2	; 0x02
    2e6c:	85 81       	ldd	r24, Z+5	; 0x05
    2e6e:	84 30       	cpi	r24, 0x04	; 4
    2e70:	f1 f4       	brne	.+60     	; 0x2eae <Timer1_init+0xce>
	{

		/* Configure timer control register TCCR1B
		 * CTC Mode WGM12=1 WGM13=0
		 */
		SET_BIT(TCCR1B,WGM12);
    2e72:	ae e4       	ldi	r26, 0x4E	; 78
    2e74:	b0 e0       	ldi	r27, 0x00	; 0
    2e76:	ee e4       	ldi	r30, 0x4E	; 78
    2e78:	f0 e0       	ldi	r31, 0x00	; 0
    2e7a:	80 81       	ld	r24, Z
    2e7c:	88 60       	ori	r24, 0x08	; 8
    2e7e:	8c 93       	st	X, r24

		/*Set the compare value for compare mode */
		OCR1A=Config_Ptr->compare_value;
    2e80:	aa e4       	ldi	r26, 0x4A	; 74
    2e82:	b0 e0       	ldi	r27, 0x00	; 0
    2e84:	e9 81       	ldd	r30, Y+1	; 0x01
    2e86:	fa 81       	ldd	r31, Y+2	; 0x02
    2e88:	82 81       	ldd	r24, Z+2	; 0x02
    2e8a:	93 81       	ldd	r25, Z+3	; 0x03
    2e8c:	11 96       	adiw	r26, 0x01	; 1
    2e8e:	9c 93       	st	X, r25
    2e90:	8e 93       	st	-X, r24

		/* Enable Timer1 Compare A Interrupt */
		SET_BIT(TIMSK,OCIE1A);
    2e92:	a9 e5       	ldi	r26, 0x59	; 89
    2e94:	b0 e0       	ldi	r27, 0x00	; 0
    2e96:	e9 e5       	ldi	r30, 0x59	; 89
    2e98:	f0 e0       	ldi	r31, 0x00	; 0
    2e9a:	80 81       	ld	r24, Z
    2e9c:	80 61       	ori	r24, 0x10	; 16
    2e9e:	8c 93       	st	X, r24
		/* Enable CTC flag */
		SET_BIT(TIFR,OCF1A);
    2ea0:	a8 e5       	ldi	r26, 0x58	; 88
    2ea2:	b0 e0       	ldi	r27, 0x00	; 0
    2ea4:	e8 e5       	ldi	r30, 0x58	; 88
    2ea6:	f0 e0       	ldi	r31, 0x00	; 0
    2ea8:	80 81       	ld	r24, Z
    2eaa:	80 61       	ori	r24, 0x10	; 16
    2eac:	8c 93       	st	X, r24
	}

}
    2eae:	0f 90       	pop	r0
    2eb0:	0f 90       	pop	r0
    2eb2:	cf 91       	pop	r28
    2eb4:	df 91       	pop	r29
    2eb6:	08 95       	ret

00002eb8 <Timer1_deInit>:
 Description
⮚ Function to disable the Timer1.
● Inputs: None
● Return: None
 */
void Timer1_deInit(void){
    2eb8:	df 93       	push	r29
    2eba:	cf 93       	push	r28
    2ebc:	cd b7       	in	r28, 0x3d	; 61
    2ebe:	de b7       	in	r29, 0x3e	; 62

	TCNT1 = 0;
    2ec0:	ec e4       	ldi	r30, 0x4C	; 76
    2ec2:	f0 e0       	ldi	r31, 0x00	; 0
    2ec4:	11 82       	std	Z+1, r1	; 0x01
    2ec6:	10 82       	st	Z, r1
	OCR1A  = 0;
    2ec8:	ea e4       	ldi	r30, 0x4A	; 74
    2eca:	f0 e0       	ldi	r31, 0x00	; 0
    2ecc:	11 82       	std	Z+1, r1	; 0x01
    2ece:	10 82       	st	Z, r1
	TCCR1A=0;
    2ed0:	ef e4       	ldi	r30, 0x4F	; 79
    2ed2:	f0 e0       	ldi	r31, 0x00	; 0
    2ed4:	10 82       	st	Z, r1

	g_Timer1_call_Back_Ptr = NULL_PTR;
    2ed6:	10 92 e6 00 	sts	0x00E6, r1
    2eda:	10 92 e5 00 	sts	0x00E5, r1

}
    2ede:	cf 91       	pop	r28
    2ee0:	df 91       	pop	r29
    2ee2:	08 95       	ret

00002ee4 <Timer1_setCallBack>:
 Description
⮚ Function to set the Call Back function address.
● Inputs: pointer to Call Back function.
● Return: None
 */
void Timer1_setCallBack(void(*a_ptr)(void)){
    2ee4:	df 93       	push	r29
    2ee6:	cf 93       	push	r28
    2ee8:	00 d0       	rcall	.+0      	; 0x2eea <Timer1_setCallBack+0x6>
    2eea:	cd b7       	in	r28, 0x3d	; 61
    2eec:	de b7       	in	r29, 0x3e	; 62
    2eee:	9a 83       	std	Y+2, r25	; 0x02
    2ef0:	89 83       	std	Y+1, r24	; 0x01

	g_Timer1_call_Back_Ptr = a_ptr;
    2ef2:	89 81       	ldd	r24, Y+1	; 0x01
    2ef4:	9a 81       	ldd	r25, Y+2	; 0x02
    2ef6:	90 93 e6 00 	sts	0x00E6, r25
    2efa:	80 93 e5 00 	sts	0x00E5, r24
}
    2efe:	0f 90       	pop	r0
    2f00:	0f 90       	pop	r0
    2f02:	cf 91       	pop	r28
    2f04:	df 91       	pop	r29
    2f06:	08 95       	ret

00002f08 <__vector_9>:
 *                      ISR                                                    *
 *******************************************************************************/

// Interrupt Service Routine for timer1 Oerflow mode channel A
ISR(TIMER1_OVF_vect)
{
    2f08:	1f 92       	push	r1
    2f0a:	0f 92       	push	r0
    2f0c:	0f b6       	in	r0, 0x3f	; 63
    2f0e:	0f 92       	push	r0
    2f10:	11 24       	eor	r1, r1
    2f12:	2f 93       	push	r18
    2f14:	3f 93       	push	r19
    2f16:	4f 93       	push	r20
    2f18:	5f 93       	push	r21
    2f1a:	6f 93       	push	r22
    2f1c:	7f 93       	push	r23
    2f1e:	8f 93       	push	r24
    2f20:	9f 93       	push	r25
    2f22:	af 93       	push	r26
    2f24:	bf 93       	push	r27
    2f26:	ef 93       	push	r30
    2f28:	ff 93       	push	r31
    2f2a:	df 93       	push	r29
    2f2c:	cf 93       	push	r28
    2f2e:	cd b7       	in	r28, 0x3d	; 61
    2f30:	de b7       	in	r29, 0x3e	; 62
	if(g_Timer1_call_Back_Ptr != NULL_PTR)
    2f32:	80 91 e5 00 	lds	r24, 0x00E5
    2f36:	90 91 e6 00 	lds	r25, 0x00E6
    2f3a:	00 97       	sbiw	r24, 0x00	; 0
    2f3c:	29 f0       	breq	.+10     	; 0x2f48 <__vector_9+0x40>
	{
		(*g_Timer1_call_Back_Ptr)();
    2f3e:	e0 91 e5 00 	lds	r30, 0x00E5
    2f42:	f0 91 e6 00 	lds	r31, 0x00E6
    2f46:	09 95       	icall
	}
}
    2f48:	cf 91       	pop	r28
    2f4a:	df 91       	pop	r29
    2f4c:	ff 91       	pop	r31
    2f4e:	ef 91       	pop	r30
    2f50:	bf 91       	pop	r27
    2f52:	af 91       	pop	r26
    2f54:	9f 91       	pop	r25
    2f56:	8f 91       	pop	r24
    2f58:	7f 91       	pop	r23
    2f5a:	6f 91       	pop	r22
    2f5c:	5f 91       	pop	r21
    2f5e:	4f 91       	pop	r20
    2f60:	3f 91       	pop	r19
    2f62:	2f 91       	pop	r18
    2f64:	0f 90       	pop	r0
    2f66:	0f be       	out	0x3f, r0	; 63
    2f68:	0f 90       	pop	r0
    2f6a:	1f 90       	pop	r1
    2f6c:	18 95       	reti

00002f6e <__vector_7>:
// Interrupt Service Routine for timer1 compare mode channel A
ISR(TIMER1_COMPA_vect)
{
    2f6e:	1f 92       	push	r1
    2f70:	0f 92       	push	r0
    2f72:	0f b6       	in	r0, 0x3f	; 63
    2f74:	0f 92       	push	r0
    2f76:	11 24       	eor	r1, r1
    2f78:	2f 93       	push	r18
    2f7a:	3f 93       	push	r19
    2f7c:	4f 93       	push	r20
    2f7e:	5f 93       	push	r21
    2f80:	6f 93       	push	r22
    2f82:	7f 93       	push	r23
    2f84:	8f 93       	push	r24
    2f86:	9f 93       	push	r25
    2f88:	af 93       	push	r26
    2f8a:	bf 93       	push	r27
    2f8c:	ef 93       	push	r30
    2f8e:	ff 93       	push	r31
    2f90:	df 93       	push	r29
    2f92:	cf 93       	push	r28
    2f94:	cd b7       	in	r28, 0x3d	; 61
    2f96:	de b7       	in	r29, 0x3e	; 62
	if(g_Timer1_call_Back_Ptr != NULL_PTR)
    2f98:	80 91 e5 00 	lds	r24, 0x00E5
    2f9c:	90 91 e6 00 	lds	r25, 0x00E6
    2fa0:	00 97       	sbiw	r24, 0x00	; 0
    2fa2:	29 f0       	breq	.+10     	; 0x2fae <__vector_7+0x40>
	{
		(*g_Timer1_call_Back_Ptr)();
    2fa4:	e0 91 e5 00 	lds	r30, 0x00E5
    2fa8:	f0 91 e6 00 	lds	r31, 0x00E6
    2fac:	09 95       	icall
	}
}
    2fae:	cf 91       	pop	r28
    2fb0:	df 91       	pop	r29
    2fb2:	ff 91       	pop	r31
    2fb4:	ef 91       	pop	r30
    2fb6:	bf 91       	pop	r27
    2fb8:	af 91       	pop	r26
    2fba:	9f 91       	pop	r25
    2fbc:	8f 91       	pop	r24
    2fbe:	7f 91       	pop	r23
    2fc0:	6f 91       	pop	r22
    2fc2:	5f 91       	pop	r21
    2fc4:	4f 91       	pop	r20
    2fc6:	3f 91       	pop	r19
    2fc8:	2f 91       	pop	r18
    2fca:	0f 90       	pop	r0
    2fcc:	0f be       	out	0x3f, r0	; 63
    2fce:	0f 90       	pop	r0
    2fd0:	1f 90       	pop	r1
    2fd2:	18 95       	reti

00002fd4 <UART_init>:
 * 1. Setup the Frame format like number of data bits, parity bit type and number of stop bits.
 * 2. Enable the UART.
 * 3. Setup the UART baud rate.
 */
void UART_init(const UART_ConfigType * Config_Ptr)
{
    2fd4:	df 93       	push	r29
    2fd6:	cf 93       	push	r28
    2fd8:	00 d0       	rcall	.+0      	; 0x2fda <UART_init+0x6>
    2fda:	00 d0       	rcall	.+0      	; 0x2fdc <UART_init+0x8>
    2fdc:	cd b7       	in	r28, 0x3d	; 61
    2fde:	de b7       	in	r29, 0x3e	; 62
    2fe0:	9c 83       	std	Y+4, r25	; 0x04
    2fe2:	8b 83       	std	Y+3, r24	; 0x03
	uint16 ubrr_value = 0;
    2fe4:	1a 82       	std	Y+2, r1	; 0x02
    2fe6:	19 82       	std	Y+1, r1	; 0x01

	/* U2X = 1 for double transmission speed */
	UCSRA = (1<<U2X);
    2fe8:	eb e2       	ldi	r30, 0x2B	; 43
    2fea:	f0 e0       	ldi	r31, 0x00	; 0
    2fec:	82 e0       	ldi	r24, 0x02	; 2
    2fee:	80 83       	st	Z, r24
	 * RXEN  = 1 Receiver Enable
	 * RXEN  = 1 Transmitter Enable
	 * UCSZ2 = 0 For 8-bit data mode
	 * RXB8 & TXB8 not used for 8-bit data mode
	 ***********************************************************************/ 
	UCSRB = (1<<RXEN) | (1<<TXEN);
    2ff0:	ea e2       	ldi	r30, 0x2A	; 42
    2ff2:	f0 e0       	ldi	r31, 0x00	; 0
    2ff4:	88 e1       	ldi	r24, 0x18	; 24
    2ff6:	80 83       	st	Z, r24
	 * UPM1:0  = 00 Disable parity bit
	 * USBS    = 0 One stop bit
	 * UCSZ1:0 = 11 For 8-bit data mode
	 * UCPOL   = 0 Used with the Synchronous operation only
	 ***********************************************************************/ 	
	UCSRC = (1<<URSEL);
    2ff8:	e0 e4       	ldi	r30, 0x40	; 64
    2ffa:	f0 e0       	ldi	r31, 0x00	; 0
    2ffc:	80 e8       	ldi	r24, 0x80	; 128
    2ffe:	80 83       	st	Z, r24

		UCSRB =  (UCSRB & 0xFB) | ((Config_Ptr->bit_data));
    3000:	aa e2       	ldi	r26, 0x2A	; 42
    3002:	b0 e0       	ldi	r27, 0x00	; 0
    3004:	ea e2       	ldi	r30, 0x2A	; 42
    3006:	f0 e0       	ldi	r31, 0x00	; 0
    3008:	80 81       	ld	r24, Z
    300a:	98 2f       	mov	r25, r24
    300c:	9b 7f       	andi	r25, 0xFB	; 251
    300e:	eb 81       	ldd	r30, Y+3	; 0x03
    3010:	fc 81       	ldd	r31, Y+4	; 0x04
    3012:	80 81       	ld	r24, Z
    3014:	89 2b       	or	r24, r25
    3016:	8c 93       	st	X, r24
		UCSRC  =  (UCSRC & 0xF9) | ((Config_Ptr->bit_data)<<UCSZ0);
    3018:	a0 e4       	ldi	r26, 0x40	; 64
    301a:	b0 e0       	ldi	r27, 0x00	; 0
    301c:	e0 e4       	ldi	r30, 0x40	; 64
    301e:	f0 e0       	ldi	r31, 0x00	; 0
    3020:	80 81       	ld	r24, Z
    3022:	28 2f       	mov	r18, r24
    3024:	29 7f       	andi	r18, 0xF9	; 249
    3026:	eb 81       	ldd	r30, Y+3	; 0x03
    3028:	fc 81       	ldd	r31, Y+4	; 0x04
    302a:	80 81       	ld	r24, Z
    302c:	88 2f       	mov	r24, r24
    302e:	90 e0       	ldi	r25, 0x00	; 0
    3030:	88 0f       	add	r24, r24
    3032:	99 1f       	adc	r25, r25
    3034:	82 2b       	or	r24, r18
    3036:	8c 93       	st	X, r24
		if((Config_Ptr->bit_data)== nine_Bit)
    3038:	eb 81       	ldd	r30, Y+3	; 0x03
    303a:	fc 81       	ldd	r31, Y+4	; 0x04
    303c:	80 81       	ld	r24, Z
    303e:	87 30       	cpi	r24, 0x07	; 7
    3040:	71 f4       	brne	.+28     	; 0x305e <UART_init+0x8a>
		{
			SET_BIT(UCSRB,RXEN);
    3042:	aa e2       	ldi	r26, 0x2A	; 42
    3044:	b0 e0       	ldi	r27, 0x00	; 0
    3046:	ea e2       	ldi	r30, 0x2A	; 42
    3048:	f0 e0       	ldi	r31, 0x00	; 0
    304a:	80 81       	ld	r24, Z
    304c:	80 61       	ori	r24, 0x10	; 16
    304e:	8c 93       	st	X, r24
			SET_BIT(UCSRB,TXEN);
    3050:	aa e2       	ldi	r26, 0x2A	; 42
    3052:	b0 e0       	ldi	r27, 0x00	; 0
    3054:	ea e2       	ldi	r30, 0x2A	; 42
    3056:	f0 e0       	ldi	r31, 0x00	; 0
    3058:	80 81       	ld	r24, Z
    305a:	88 60       	ori	r24, 0x08	; 8
    305c:	8c 93       	st	X, r24
		}
		/*
		 *  select parity mode by inserting in
		 *  UPM1,UPM0 bits in UCSRC Register
		 */
		UCSRC =  (UCSRC & 0xCF) | ((Config_Ptr->parity)<<UPM0);
    305e:	a0 e4       	ldi	r26, 0x40	; 64
    3060:	b0 e0       	ldi	r27, 0x00	; 0
    3062:	e0 e4       	ldi	r30, 0x40	; 64
    3064:	f0 e0       	ldi	r31, 0x00	; 0
    3066:	80 81       	ld	r24, Z
    3068:	28 2f       	mov	r18, r24
    306a:	2f 7c       	andi	r18, 0xCF	; 207
    306c:	eb 81       	ldd	r30, Y+3	; 0x03
    306e:	fc 81       	ldd	r31, Y+4	; 0x04
    3070:	81 81       	ldd	r24, Z+1	; 0x01
    3072:	88 2f       	mov	r24, r24
    3074:	90 e0       	ldi	r25, 0x00	; 0
    3076:	82 95       	swap	r24
    3078:	92 95       	swap	r25
    307a:	90 7f       	andi	r25, 0xF0	; 240
    307c:	98 27       	eor	r25, r24
    307e:	80 7f       	andi	r24, 0xF0	; 240
    3080:	98 27       	eor	r25, r24
    3082:	82 2b       	or	r24, r18
    3084:	8c 93       	st	X, r24

		/*
		 *  select stop bit by inserting in
		 *  USBS bit in UCSRC Register
		 */
		UCSRC =  (UCSRC & 0xF7) | ((Config_Ptr->stop_bit)<<USBS);
    3086:	a0 e4       	ldi	r26, 0x40	; 64
    3088:	b0 e0       	ldi	r27, 0x00	; 0
    308a:	e0 e4       	ldi	r30, 0x40	; 64
    308c:	f0 e0       	ldi	r31, 0x00	; 0
    308e:	80 81       	ld	r24, Z
    3090:	28 2f       	mov	r18, r24
    3092:	27 7f       	andi	r18, 0xF7	; 247
    3094:	eb 81       	ldd	r30, Y+3	; 0x03
    3096:	fc 81       	ldd	r31, Y+4	; 0x04
    3098:	82 81       	ldd	r24, Z+2	; 0x02
    309a:	88 2f       	mov	r24, r24
    309c:	90 e0       	ldi	r25, 0x00	; 0
    309e:	88 0f       	add	r24, r24
    30a0:	99 1f       	adc	r25, r25
    30a2:	88 0f       	add	r24, r24
    30a4:	99 1f       	adc	r25, r25
    30a6:	88 0f       	add	r24, r24
    30a8:	99 1f       	adc	r25, r25
    30aa:	82 2b       	or	r24, r18
    30ac:	8c 93       	st	X, r24
	
	/* Calculate the UBRR register value */
	ubrr_value = (uint16)(((F_CPU / ((Config_Ptr->baud_rate) * 8UL))) - 1);
    30ae:	eb 81       	ldd	r30, Y+3	; 0x03
    30b0:	fc 81       	ldd	r31, Y+4	; 0x04
    30b2:	83 81       	ldd	r24, Z+3	; 0x03
    30b4:	94 81       	ldd	r25, Z+4	; 0x04
    30b6:	a5 81       	ldd	r26, Z+5	; 0x05
    30b8:	b6 81       	ldd	r27, Z+6	; 0x06
    30ba:	88 0f       	add	r24, r24
    30bc:	99 1f       	adc	r25, r25
    30be:	aa 1f       	adc	r26, r26
    30c0:	bb 1f       	adc	r27, r27
    30c2:	88 0f       	add	r24, r24
    30c4:	99 1f       	adc	r25, r25
    30c6:	aa 1f       	adc	r26, r26
    30c8:	bb 1f       	adc	r27, r27
    30ca:	88 0f       	add	r24, r24
    30cc:	99 1f       	adc	r25, r25
    30ce:	aa 1f       	adc	r26, r26
    30d0:	bb 1f       	adc	r27, r27
    30d2:	9c 01       	movw	r18, r24
    30d4:	ad 01       	movw	r20, r26
    30d6:	80 e0       	ldi	r24, 0x00	; 0
    30d8:	92 e1       	ldi	r25, 0x12	; 18
    30da:	aa e7       	ldi	r26, 0x7A	; 122
    30dc:	b0 e0       	ldi	r27, 0x00	; 0
    30de:	bc 01       	movw	r22, r24
    30e0:	cd 01       	movw	r24, r26
    30e2:	0e 94 1c 19 	call	0x3238	; 0x3238 <__udivmodsi4>
    30e6:	da 01       	movw	r26, r20
    30e8:	c9 01       	movw	r24, r18
    30ea:	01 97       	sbiw	r24, 0x01	; 1
    30ec:	9a 83       	std	Y+2, r25	; 0x02
    30ee:	89 83       	std	Y+1, r24	; 0x01

	/* First 8 bits from the BAUD_PRESCALE inside UBRRL and last 4 bits in UBRRH*/
	UBRRH = ubrr_value>>8;
    30f0:	e0 e4       	ldi	r30, 0x40	; 64
    30f2:	f0 e0       	ldi	r31, 0x00	; 0
    30f4:	89 81       	ldd	r24, Y+1	; 0x01
    30f6:	9a 81       	ldd	r25, Y+2	; 0x02
    30f8:	89 2f       	mov	r24, r25
    30fa:	99 27       	eor	r25, r25
    30fc:	80 83       	st	Z, r24
	UBRRL = ubrr_value;
    30fe:	e9 e2       	ldi	r30, 0x29	; 41
    3100:	f0 e0       	ldi	r31, 0x00	; 0
    3102:	89 81       	ldd	r24, Y+1	; 0x01
    3104:	80 83       	st	Z, r24
}
    3106:	0f 90       	pop	r0
    3108:	0f 90       	pop	r0
    310a:	0f 90       	pop	r0
    310c:	0f 90       	pop	r0
    310e:	cf 91       	pop	r28
    3110:	df 91       	pop	r29
    3112:	08 95       	ret

00003114 <UART_sendByte>:
/*
 * Description :
 * Functional responsible for send byte to another UART device.
 */
void UART_sendByte(const uint8 data)
{
    3114:	df 93       	push	r29
    3116:	cf 93       	push	r28
    3118:	0f 92       	push	r0
    311a:	cd b7       	in	r28, 0x3d	; 61
    311c:	de b7       	in	r29, 0x3e	; 62
    311e:	89 83       	std	Y+1, r24	; 0x01
	/*
	 * UDRE flag is set when the Tx buffer (UDR) is empty and ready for
	 * transmitting a new byte so wait until this flag is set to one
	 */
	while(BIT_IS_CLEAR(UCSRA,UDRE)){}
    3120:	eb e2       	ldi	r30, 0x2B	; 43
    3122:	f0 e0       	ldi	r31, 0x00	; 0
    3124:	80 81       	ld	r24, Z
    3126:	88 2f       	mov	r24, r24
    3128:	90 e0       	ldi	r25, 0x00	; 0
    312a:	80 72       	andi	r24, 0x20	; 32
    312c:	90 70       	andi	r25, 0x00	; 0
    312e:	00 97       	sbiw	r24, 0x00	; 0
    3130:	b9 f3       	breq	.-18     	; 0x3120 <UART_sendByte+0xc>

	/*
	 * Put the required data in the UDR register and it also clear the UDRE flag as
	 * the UDR register is not empty now
	 */
	UDR = data;
    3132:	ec e2       	ldi	r30, 0x2C	; 44
    3134:	f0 e0       	ldi	r31, 0x00	; 0
    3136:	89 81       	ldd	r24, Y+1	; 0x01
    3138:	80 83       	st	Z, r24
	/************************* Another Method *************************
	UDR = data;
	while(BIT_IS_CLEAR(UCSRA,TXC)){} // Wait until the transmission is complete TXC = 1
	SET_BIT(UCSRA,TXC); // Clear the TXC flag
	*******************************************************************/
}
    313a:	0f 90       	pop	r0
    313c:	cf 91       	pop	r28
    313e:	df 91       	pop	r29
    3140:	08 95       	ret

00003142 <UART_recieveByte>:
/*
 * Description :
 * Functional responsible for receive byte from another UART device.
 */
uint8 UART_recieveByte(void)
{
    3142:	df 93       	push	r29
    3144:	cf 93       	push	r28
    3146:	cd b7       	in	r28, 0x3d	; 61
    3148:	de b7       	in	r29, 0x3e	; 62
	/* RXC flag is set when the UART receive data so wait until this flag is set to one */
	while(BIT_IS_CLEAR(UCSRA,RXC)){}
    314a:	eb e2       	ldi	r30, 0x2B	; 43
    314c:	f0 e0       	ldi	r31, 0x00	; 0
    314e:	80 81       	ld	r24, Z
    3150:	88 23       	and	r24, r24
    3152:	dc f7       	brge	.-10     	; 0x314a <UART_recieveByte+0x8>

	/*
	 * Read the received data from the Rx buffer (UDR)
	 * The RXC flag will be cleared after read the data
	 */
    return UDR;		
    3154:	ec e2       	ldi	r30, 0x2C	; 44
    3156:	f0 e0       	ldi	r31, 0x00	; 0
    3158:	80 81       	ld	r24, Z
}
    315a:	cf 91       	pop	r28
    315c:	df 91       	pop	r29
    315e:	08 95       	ret

00003160 <UART_sendString>:
/*
 * Description :
 * Send the required string through UART to the other UART device.
 */
void UART_sendString(const uint8 *Str)
{
    3160:	df 93       	push	r29
    3162:	cf 93       	push	r28
    3164:	00 d0       	rcall	.+0      	; 0x3166 <UART_sendString+0x6>
    3166:	0f 92       	push	r0
    3168:	cd b7       	in	r28, 0x3d	; 61
    316a:	de b7       	in	r29, 0x3e	; 62
    316c:	9b 83       	std	Y+3, r25	; 0x03
    316e:	8a 83       	std	Y+2, r24	; 0x02
	uint8 i = 0;
    3170:	19 82       	std	Y+1, r1	; 0x01
    3172:	0e c0       	rjmp	.+28     	; 0x3190 <UART_sendString+0x30>

	/* Send the whole string */
	while(Str[i] != '\0')
	{
		UART_sendByte(Str[i]);
    3174:	89 81       	ldd	r24, Y+1	; 0x01
    3176:	28 2f       	mov	r18, r24
    3178:	30 e0       	ldi	r19, 0x00	; 0
    317a:	8a 81       	ldd	r24, Y+2	; 0x02
    317c:	9b 81       	ldd	r25, Y+3	; 0x03
    317e:	fc 01       	movw	r30, r24
    3180:	e2 0f       	add	r30, r18
    3182:	f3 1f       	adc	r31, r19
    3184:	80 81       	ld	r24, Z
    3186:	0e 94 8a 18 	call	0x3114	; 0x3114 <UART_sendByte>
		i++;
    318a:	89 81       	ldd	r24, Y+1	; 0x01
    318c:	8f 5f       	subi	r24, 0xFF	; 255
    318e:	89 83       	std	Y+1, r24	; 0x01
void UART_sendString(const uint8 *Str)
{
	uint8 i = 0;

	/* Send the whole string */
	while(Str[i] != '\0')
    3190:	89 81       	ldd	r24, Y+1	; 0x01
    3192:	28 2f       	mov	r18, r24
    3194:	30 e0       	ldi	r19, 0x00	; 0
    3196:	8a 81       	ldd	r24, Y+2	; 0x02
    3198:	9b 81       	ldd	r25, Y+3	; 0x03
    319a:	fc 01       	movw	r30, r24
    319c:	e2 0f       	add	r30, r18
    319e:	f3 1f       	adc	r31, r19
    31a0:	80 81       	ld	r24, Z
    31a2:	88 23       	and	r24, r24
    31a4:	39 f7       	brne	.-50     	; 0x3174 <UART_sendString+0x14>
	{
		UART_sendByte(*Str);
		Str++;
	}		
	*******************************************************************/
}
    31a6:	0f 90       	pop	r0
    31a8:	0f 90       	pop	r0
    31aa:	0f 90       	pop	r0
    31ac:	cf 91       	pop	r28
    31ae:	df 91       	pop	r29
    31b0:	08 95       	ret

000031b2 <UART_receiveString>:
/*
 * Description :
 * Receive the required string until the '#' symbol through UART from the other UART device.
 */
void UART_receiveString(uint8 *Str)
{
    31b2:	0f 93       	push	r16
    31b4:	1f 93       	push	r17
    31b6:	df 93       	push	r29
    31b8:	cf 93       	push	r28
    31ba:	00 d0       	rcall	.+0      	; 0x31bc <UART_receiveString+0xa>
    31bc:	0f 92       	push	r0
    31be:	cd b7       	in	r28, 0x3d	; 61
    31c0:	de b7       	in	r29, 0x3e	; 62
    31c2:	9b 83       	std	Y+3, r25	; 0x03
    31c4:	8a 83       	std	Y+2, r24	; 0x02
	uint8 i = 0;
    31c6:	19 82       	std	Y+1, r1	; 0x01

	/* Receive the first byte */
	Str[i] = UART_recieveByte();
    31c8:	89 81       	ldd	r24, Y+1	; 0x01
    31ca:	28 2f       	mov	r18, r24
    31cc:	30 e0       	ldi	r19, 0x00	; 0
    31ce:	8a 81       	ldd	r24, Y+2	; 0x02
    31d0:	9b 81       	ldd	r25, Y+3	; 0x03
    31d2:	8c 01       	movw	r16, r24
    31d4:	02 0f       	add	r16, r18
    31d6:	13 1f       	adc	r17, r19
    31d8:	0e 94 a1 18 	call	0x3142	; 0x3142 <UART_recieveByte>
    31dc:	f8 01       	movw	r30, r16
    31de:	80 83       	st	Z, r24
    31e0:	0f c0       	rjmp	.+30     	; 0x3200 <UART_receiveString+0x4e>

	/* Receive the whole string until the '#' */
	while(Str[i] != '=')
	{
		i++;
    31e2:	89 81       	ldd	r24, Y+1	; 0x01
    31e4:	8f 5f       	subi	r24, 0xFF	; 255
    31e6:	89 83       	std	Y+1, r24	; 0x01
		Str[i] = UART_recieveByte();
    31e8:	89 81       	ldd	r24, Y+1	; 0x01
    31ea:	28 2f       	mov	r18, r24
    31ec:	30 e0       	ldi	r19, 0x00	; 0
    31ee:	8a 81       	ldd	r24, Y+2	; 0x02
    31f0:	9b 81       	ldd	r25, Y+3	; 0x03
    31f2:	8c 01       	movw	r16, r24
    31f4:	02 0f       	add	r16, r18
    31f6:	13 1f       	adc	r17, r19
    31f8:	0e 94 a1 18 	call	0x3142	; 0x3142 <UART_recieveByte>
    31fc:	f8 01       	movw	r30, r16
    31fe:	80 83       	st	Z, r24

	/* Receive the first byte */
	Str[i] = UART_recieveByte();

	/* Receive the whole string until the '#' */
	while(Str[i] != '=')
    3200:	89 81       	ldd	r24, Y+1	; 0x01
    3202:	28 2f       	mov	r18, r24
    3204:	30 e0       	ldi	r19, 0x00	; 0
    3206:	8a 81       	ldd	r24, Y+2	; 0x02
    3208:	9b 81       	ldd	r25, Y+3	; 0x03
    320a:	fc 01       	movw	r30, r24
    320c:	e2 0f       	add	r30, r18
    320e:	f3 1f       	adc	r31, r19
    3210:	80 81       	ld	r24, Z
    3212:	8d 33       	cpi	r24, 0x3D	; 61
    3214:	31 f7       	brne	.-52     	; 0x31e2 <UART_receiveString+0x30>
		i++;
		Str[i] = UART_recieveByte();
	}

	/* After receiving the whole string plus the '#', replace the '#' with '\0' */
	Str[i] = '\0';
    3216:	89 81       	ldd	r24, Y+1	; 0x01
    3218:	28 2f       	mov	r18, r24
    321a:	30 e0       	ldi	r19, 0x00	; 0
    321c:	8a 81       	ldd	r24, Y+2	; 0x02
    321e:	9b 81       	ldd	r25, Y+3	; 0x03
    3220:	fc 01       	movw	r30, r24
    3222:	e2 0f       	add	r30, r18
    3224:	f3 1f       	adc	r31, r19
    3226:	10 82       	st	Z, r1
}
    3228:	0f 90       	pop	r0
    322a:	0f 90       	pop	r0
    322c:	0f 90       	pop	r0
    322e:	cf 91       	pop	r28
    3230:	df 91       	pop	r29
    3232:	1f 91       	pop	r17
    3234:	0f 91       	pop	r16
    3236:	08 95       	ret

00003238 <__udivmodsi4>:
    3238:	a1 e2       	ldi	r26, 0x21	; 33
    323a:	1a 2e       	mov	r1, r26
    323c:	aa 1b       	sub	r26, r26
    323e:	bb 1b       	sub	r27, r27
    3240:	fd 01       	movw	r30, r26
    3242:	0d c0       	rjmp	.+26     	; 0x325e <__udivmodsi4_ep>

00003244 <__udivmodsi4_loop>:
    3244:	aa 1f       	adc	r26, r26
    3246:	bb 1f       	adc	r27, r27
    3248:	ee 1f       	adc	r30, r30
    324a:	ff 1f       	adc	r31, r31
    324c:	a2 17       	cp	r26, r18
    324e:	b3 07       	cpc	r27, r19
    3250:	e4 07       	cpc	r30, r20
    3252:	f5 07       	cpc	r31, r21
    3254:	20 f0       	brcs	.+8      	; 0x325e <__udivmodsi4_ep>
    3256:	a2 1b       	sub	r26, r18
    3258:	b3 0b       	sbc	r27, r19
    325a:	e4 0b       	sbc	r30, r20
    325c:	f5 0b       	sbc	r31, r21

0000325e <__udivmodsi4_ep>:
    325e:	66 1f       	adc	r22, r22
    3260:	77 1f       	adc	r23, r23
    3262:	88 1f       	adc	r24, r24
    3264:	99 1f       	adc	r25, r25
    3266:	1a 94       	dec	r1
    3268:	69 f7       	brne	.-38     	; 0x3244 <__udivmodsi4_loop>
    326a:	60 95       	com	r22
    326c:	70 95       	com	r23
    326e:	80 95       	com	r24
    3270:	90 95       	com	r25
    3272:	9b 01       	movw	r18, r22
    3274:	ac 01       	movw	r20, r24
    3276:	bd 01       	movw	r22, r26
    3278:	cf 01       	movw	r24, r30
    327a:	08 95       	ret

0000327c <__prologue_saves__>:
    327c:	2f 92       	push	r2
    327e:	3f 92       	push	r3
    3280:	4f 92       	push	r4
    3282:	5f 92       	push	r5
    3284:	6f 92       	push	r6
    3286:	7f 92       	push	r7
    3288:	8f 92       	push	r8
    328a:	9f 92       	push	r9
    328c:	af 92       	push	r10
    328e:	bf 92       	push	r11
    3290:	cf 92       	push	r12
    3292:	df 92       	push	r13
    3294:	ef 92       	push	r14
    3296:	ff 92       	push	r15
    3298:	0f 93       	push	r16
    329a:	1f 93       	push	r17
    329c:	cf 93       	push	r28
    329e:	df 93       	push	r29
    32a0:	cd b7       	in	r28, 0x3d	; 61
    32a2:	de b7       	in	r29, 0x3e	; 62
    32a4:	ca 1b       	sub	r28, r26
    32a6:	db 0b       	sbc	r29, r27
    32a8:	0f b6       	in	r0, 0x3f	; 63
    32aa:	f8 94       	cli
    32ac:	de bf       	out	0x3e, r29	; 62
    32ae:	0f be       	out	0x3f, r0	; 63
    32b0:	cd bf       	out	0x3d, r28	; 61
    32b2:	09 94       	ijmp

000032b4 <__epilogue_restores__>:
    32b4:	2a 88       	ldd	r2, Y+18	; 0x12
    32b6:	39 88       	ldd	r3, Y+17	; 0x11
    32b8:	48 88       	ldd	r4, Y+16	; 0x10
    32ba:	5f 84       	ldd	r5, Y+15	; 0x0f
    32bc:	6e 84       	ldd	r6, Y+14	; 0x0e
    32be:	7d 84       	ldd	r7, Y+13	; 0x0d
    32c0:	8c 84       	ldd	r8, Y+12	; 0x0c
    32c2:	9b 84       	ldd	r9, Y+11	; 0x0b
    32c4:	aa 84       	ldd	r10, Y+10	; 0x0a
    32c6:	b9 84       	ldd	r11, Y+9	; 0x09
    32c8:	c8 84       	ldd	r12, Y+8	; 0x08
    32ca:	df 80       	ldd	r13, Y+7	; 0x07
    32cc:	ee 80       	ldd	r14, Y+6	; 0x06
    32ce:	fd 80       	ldd	r15, Y+5	; 0x05
    32d0:	0c 81       	ldd	r16, Y+4	; 0x04
    32d2:	1b 81       	ldd	r17, Y+3	; 0x03
    32d4:	aa 81       	ldd	r26, Y+2	; 0x02
    32d6:	b9 81       	ldd	r27, Y+1	; 0x01
    32d8:	ce 0f       	add	r28, r30
    32da:	d1 1d       	adc	r29, r1
    32dc:	0f b6       	in	r0, 0x3f	; 63
    32de:	f8 94       	cli
    32e0:	de bf       	out	0x3e, r29	; 62
    32e2:	0f be       	out	0x3f, r0	; 63
    32e4:	cd bf       	out	0x3d, r28	; 61
    32e6:	ed 01       	movw	r28, r26
    32e8:	08 95       	ret

000032ea <itoa>:
    32ea:	fb 01       	movw	r30, r22
    32ec:	9f 01       	movw	r18, r30
    32ee:	e8 94       	clt
    32f0:	42 30       	cpi	r20, 0x02	; 2
    32f2:	c4 f0       	brlt	.+48     	; 0x3324 <itoa+0x3a>
    32f4:	45 32       	cpi	r20, 0x25	; 37
    32f6:	b4 f4       	brge	.+44     	; 0x3324 <itoa+0x3a>
    32f8:	4a 30       	cpi	r20, 0x0A	; 10
    32fa:	29 f4       	brne	.+10     	; 0x3306 <itoa+0x1c>
    32fc:	97 fb       	bst	r25, 7
    32fe:	1e f4       	brtc	.+6      	; 0x3306 <itoa+0x1c>
    3300:	90 95       	com	r25
    3302:	81 95       	neg	r24
    3304:	9f 4f       	sbci	r25, 0xFF	; 255
    3306:	64 2f       	mov	r22, r20
    3308:	77 27       	eor	r23, r23
    330a:	0e 94 a6 19 	call	0x334c	; 0x334c <__udivmodhi4>
    330e:	80 5d       	subi	r24, 0xD0	; 208
    3310:	8a 33       	cpi	r24, 0x3A	; 58
    3312:	0c f0       	brlt	.+2      	; 0x3316 <itoa+0x2c>
    3314:	89 5d       	subi	r24, 0xD9	; 217
    3316:	81 93       	st	Z+, r24
    3318:	cb 01       	movw	r24, r22
    331a:	00 97       	sbiw	r24, 0x00	; 0
    331c:	a1 f7       	brne	.-24     	; 0x3306 <itoa+0x1c>
    331e:	16 f4       	brtc	.+4      	; 0x3324 <itoa+0x3a>
    3320:	5d e2       	ldi	r21, 0x2D	; 45
    3322:	51 93       	st	Z+, r21
    3324:	10 82       	st	Z, r1
    3326:	c9 01       	movw	r24, r18
    3328:	0c 94 96 19 	jmp	0x332c	; 0x332c <strrev>

0000332c <strrev>:
    332c:	dc 01       	movw	r26, r24
    332e:	fc 01       	movw	r30, r24
    3330:	67 2f       	mov	r22, r23
    3332:	71 91       	ld	r23, Z+
    3334:	77 23       	and	r23, r23
    3336:	e1 f7       	brne	.-8      	; 0x3330 <strrev+0x4>
    3338:	32 97       	sbiw	r30, 0x02	; 2
    333a:	04 c0       	rjmp	.+8      	; 0x3344 <strrev+0x18>
    333c:	7c 91       	ld	r23, X
    333e:	6d 93       	st	X+, r22
    3340:	70 83       	st	Z, r23
    3342:	62 91       	ld	r22, -Z
    3344:	ae 17       	cp	r26, r30
    3346:	bf 07       	cpc	r27, r31
    3348:	c8 f3       	brcs	.-14     	; 0x333c <strrev+0x10>
    334a:	08 95       	ret

0000334c <__udivmodhi4>:
    334c:	aa 1b       	sub	r26, r26
    334e:	bb 1b       	sub	r27, r27
    3350:	51 e1       	ldi	r21, 0x11	; 17
    3352:	07 c0       	rjmp	.+14     	; 0x3362 <__udivmodhi4_ep>

00003354 <__udivmodhi4_loop>:
    3354:	aa 1f       	adc	r26, r26
    3356:	bb 1f       	adc	r27, r27
    3358:	a6 17       	cp	r26, r22
    335a:	b7 07       	cpc	r27, r23
    335c:	10 f0       	brcs	.+4      	; 0x3362 <__udivmodhi4_ep>
    335e:	a6 1b       	sub	r26, r22
    3360:	b7 0b       	sbc	r27, r23

00003362 <__udivmodhi4_ep>:
    3362:	88 1f       	adc	r24, r24
    3364:	99 1f       	adc	r25, r25
    3366:	5a 95       	dec	r21
    3368:	a9 f7       	brne	.-22     	; 0x3354 <__udivmodhi4_loop>
    336a:	80 95       	com	r24
    336c:	90 95       	com	r25
    336e:	bc 01       	movw	r22, r24
    3370:	cd 01       	movw	r24, r26
    3372:	08 95       	ret

00003374 <_exit>:
    3374:	f8 94       	cli

00003376 <__stop_program>:
    3376:	ff cf       	rjmp	.-2      	; 0x3376 <__stop_program>
