
MiniProject3.elf:     file format elf32-avr

Sections:
Idx Name          Size      VMA       LMA       File off  Algn
  0 .text         000024d6  00000000  00000000  00000074  2**1
                  CONTENTS, ALLOC, LOAD, READONLY, CODE
  1 .data         0000012c  00800060  000024d6  0000254a  2**0
                  CONTENTS, ALLOC, LOAD, DATA
  2 .stab         00001e30  00000000  00000000  00002678  2**2
                  CONTENTS, READONLY, DEBUGGING
  3 .stabstr      00000fac  00000000  00000000  000044a8  2**0
                  CONTENTS, READONLY, DEBUGGING
  4 .debug_aranges 000001a0  00000000  00000000  00005454  2**0
                  CONTENTS, READONLY, DEBUGGING
  5 .debug_pubnames 000001f2  00000000  00000000  000055f4  2**0
                  CONTENTS, READONLY, DEBUGGING
  6 .debug_info   0000240b  00000000  00000000  000057e6  2**0
                  CONTENTS, READONLY, DEBUGGING
  7 .debug_abbrev 00001386  00000000  00000000  00007bf1  2**0
                  CONTENTS, READONLY, DEBUGGING
  8 .debug_line   000011d6  00000000  00000000  00008f77  2**0
                  CONTENTS, READONLY, DEBUGGING
  9 .debug_frame  000001c0  00000000  00000000  0000a150  2**2
                  CONTENTS, READONLY, DEBUGGING
 10 .debug_str    000002f6  00000000  00000000  0000a310  2**0
                  CONTENTS, READONLY, DEBUGGING
 11 .debug_loc    0000096e  00000000  00000000  0000a606  2**0
                  CONTENTS, READONLY, DEBUGGING
 12 .debug_ranges 00000050  00000000  00000000  0000af74  2**0
                  CONTENTS, READONLY, DEBUGGING

Disassembly of section .text:

00000000 <__vectors>:
       0:	0c 94 2a 00 	jmp	0x54	; 0x54 <__ctors_end>
       4:	0c 94 3f 00 	jmp	0x7e	; 0x7e <__bad_interrupt>
       8:	0c 94 3f 00 	jmp	0x7e	; 0x7e <__bad_interrupt>
       c:	0c 94 3f 00 	jmp	0x7e	; 0x7e <__bad_interrupt>
      10:	0c 94 3f 00 	jmp	0x7e	; 0x7e <__bad_interrupt>
      14:	0c 94 3f 00 	jmp	0x7e	; 0x7e <__bad_interrupt>
      18:	0c 94 3f 00 	jmp	0x7e	; 0x7e <__bad_interrupt>
      1c:	0c 94 3f 00 	jmp	0x7e	; 0x7e <__bad_interrupt>
      20:	0c 94 3f 00 	jmp	0x7e	; 0x7e <__bad_interrupt>
      24:	0c 94 3f 00 	jmp	0x7e	; 0x7e <__bad_interrupt>
      28:	0c 94 3f 00 	jmp	0x7e	; 0x7e <__bad_interrupt>
      2c:	0c 94 3f 00 	jmp	0x7e	; 0x7e <__bad_interrupt>
      30:	0c 94 3f 00 	jmp	0x7e	; 0x7e <__bad_interrupt>
      34:	0c 94 3f 00 	jmp	0x7e	; 0x7e <__bad_interrupt>
      38:	0c 94 3f 00 	jmp	0x7e	; 0x7e <__bad_interrupt>
      3c:	0c 94 3f 00 	jmp	0x7e	; 0x7e <__bad_interrupt>
      40:	0c 94 3f 00 	jmp	0x7e	; 0x7e <__bad_interrupt>
      44:	0c 94 3f 00 	jmp	0x7e	; 0x7e <__bad_interrupt>
      48:	0c 94 3f 00 	jmp	0x7e	; 0x7e <__bad_interrupt>
      4c:	0c 94 3f 00 	jmp	0x7e	; 0x7e <__bad_interrupt>
      50:	0c 94 3f 00 	jmp	0x7e	; 0x7e <__bad_interrupt>

00000054 <__ctors_end>:
      54:	11 24       	eor	r1, r1
      56:	1f be       	out	0x3f, r1	; 63
      58:	cf e5       	ldi	r28, 0x5F	; 95
      5a:	d8 e0       	ldi	r29, 0x08	; 8
      5c:	de bf       	out	0x3e, r29	; 62
      5e:	cd bf       	out	0x3d, r28	; 61

00000060 <__do_copy_data>:
      60:	11 e0       	ldi	r17, 0x01	; 1
      62:	a0 e6       	ldi	r26, 0x60	; 96
      64:	b0 e0       	ldi	r27, 0x00	; 0
      66:	e6 ed       	ldi	r30, 0xD6	; 214
      68:	f4 e2       	ldi	r31, 0x24	; 36
      6a:	02 c0       	rjmp	.+4      	; 0x70 <.do_copy_data_start>

0000006c <.do_copy_data_loop>:
      6c:	05 90       	lpm	r0, Z+
      6e:	0d 92       	st	X+, r0

00000070 <.do_copy_data_start>:
      70:	ac 38       	cpi	r26, 0x8C	; 140
      72:	b1 07       	cpc	r27, r17
      74:	d9 f7       	brne	.-10     	; 0x6c <.do_copy_data_loop>
      76:	0e 94 c5 10 	call	0x218a	; 0x218a <main>
      7a:	0c 94 69 12 	jmp	0x24d2	; 0x24d2 <_exit>

0000007e <__bad_interrupt>:
      7e:	0c 94 00 00 	jmp	0	; 0x0 <__vectors>

00000082 <__fixunssfsi>:
      82:	ef 92       	push	r14
      84:	ff 92       	push	r15
      86:	0f 93       	push	r16
      88:	1f 93       	push	r17
      8a:	7b 01       	movw	r14, r22
      8c:	8c 01       	movw	r16, r24
      8e:	20 e0       	ldi	r18, 0x00	; 0
      90:	30 e0       	ldi	r19, 0x00	; 0
      92:	40 e0       	ldi	r20, 0x00	; 0
      94:	5f e4       	ldi	r21, 0x4F	; 79
      96:	0e 94 ed 03 	call	0x7da	; 0x7da <__gesf2>
      9a:	88 23       	and	r24, r24
      9c:	8c f0       	brlt	.+34     	; 0xc0 <__fixunssfsi+0x3e>
      9e:	c8 01       	movw	r24, r16
      a0:	b7 01       	movw	r22, r14
      a2:	20 e0       	ldi	r18, 0x00	; 0
      a4:	30 e0       	ldi	r19, 0x00	; 0
      a6:	40 e0       	ldi	r20, 0x00	; 0
      a8:	5f e4       	ldi	r21, 0x4F	; 79
      aa:	0e 94 b9 01 	call	0x372	; 0x372 <__subsf3>
      ae:	0e 94 4d 04 	call	0x89a	; 0x89a <__fixsfsi>
      b2:	9b 01       	movw	r18, r22
      b4:	ac 01       	movw	r20, r24
      b6:	20 50       	subi	r18, 0x00	; 0
      b8:	30 40       	sbci	r19, 0x00	; 0
      ba:	40 40       	sbci	r20, 0x00	; 0
      bc:	50 48       	sbci	r21, 0x80	; 128
      be:	06 c0       	rjmp	.+12     	; 0xcc <__fixunssfsi+0x4a>
      c0:	c8 01       	movw	r24, r16
      c2:	b7 01       	movw	r22, r14
      c4:	0e 94 4d 04 	call	0x89a	; 0x89a <__fixsfsi>
      c8:	9b 01       	movw	r18, r22
      ca:	ac 01       	movw	r20, r24
      cc:	b9 01       	movw	r22, r18
      ce:	ca 01       	movw	r24, r20
      d0:	1f 91       	pop	r17
      d2:	0f 91       	pop	r16
      d4:	ff 90       	pop	r15
      d6:	ef 90       	pop	r14
      d8:	08 95       	ret

000000da <_fpadd_parts>:
      da:	a0 e0       	ldi	r26, 0x00	; 0
      dc:	b0 e0       	ldi	r27, 0x00	; 0
      de:	e3 e7       	ldi	r30, 0x73	; 115
      e0:	f0 e0       	ldi	r31, 0x00	; 0
      e2:	0c 94 01 12 	jmp	0x2402	; 0x2402 <__prologue_saves__>
      e6:	dc 01       	movw	r26, r24
      e8:	2b 01       	movw	r4, r22
      ea:	fa 01       	movw	r30, r20
      ec:	9c 91       	ld	r25, X
      ee:	92 30       	cpi	r25, 0x02	; 2
      f0:	08 f4       	brcc	.+2      	; 0xf4 <_fpadd_parts+0x1a>
      f2:	39 c1       	rjmp	.+626    	; 0x366 <_fpadd_parts+0x28c>
      f4:	eb 01       	movw	r28, r22
      f6:	88 81       	ld	r24, Y
      f8:	82 30       	cpi	r24, 0x02	; 2
      fa:	08 f4       	brcc	.+2      	; 0xfe <_fpadd_parts+0x24>
      fc:	33 c1       	rjmp	.+614    	; 0x364 <_fpadd_parts+0x28a>
      fe:	94 30       	cpi	r25, 0x04	; 4
     100:	69 f4       	brne	.+26     	; 0x11c <_fpadd_parts+0x42>
     102:	84 30       	cpi	r24, 0x04	; 4
     104:	09 f0       	breq	.+2      	; 0x108 <_fpadd_parts+0x2e>
     106:	2f c1       	rjmp	.+606    	; 0x366 <_fpadd_parts+0x28c>
     108:	11 96       	adiw	r26, 0x01	; 1
     10a:	9c 91       	ld	r25, X
     10c:	11 97       	sbiw	r26, 0x01	; 1
     10e:	89 81       	ldd	r24, Y+1	; 0x01
     110:	98 17       	cp	r25, r24
     112:	09 f4       	brne	.+2      	; 0x116 <_fpadd_parts+0x3c>
     114:	28 c1       	rjmp	.+592    	; 0x366 <_fpadd_parts+0x28c>
     116:	a4 e8       	ldi	r26, 0x84	; 132
     118:	b0 e0       	ldi	r27, 0x00	; 0
     11a:	25 c1       	rjmp	.+586    	; 0x366 <_fpadd_parts+0x28c>
     11c:	84 30       	cpi	r24, 0x04	; 4
     11e:	09 f4       	brne	.+2      	; 0x122 <_fpadd_parts+0x48>
     120:	21 c1       	rjmp	.+578    	; 0x364 <_fpadd_parts+0x28a>
     122:	82 30       	cpi	r24, 0x02	; 2
     124:	a9 f4       	brne	.+42     	; 0x150 <_fpadd_parts+0x76>
     126:	92 30       	cpi	r25, 0x02	; 2
     128:	09 f0       	breq	.+2      	; 0x12c <_fpadd_parts+0x52>
     12a:	1d c1       	rjmp	.+570    	; 0x366 <_fpadd_parts+0x28c>
     12c:	9a 01       	movw	r18, r20
     12e:	ad 01       	movw	r20, r26
     130:	88 e0       	ldi	r24, 0x08	; 8
     132:	ea 01       	movw	r28, r20
     134:	09 90       	ld	r0, Y+
     136:	ae 01       	movw	r20, r28
     138:	e9 01       	movw	r28, r18
     13a:	09 92       	st	Y+, r0
     13c:	9e 01       	movw	r18, r28
     13e:	81 50       	subi	r24, 0x01	; 1
     140:	c1 f7       	brne	.-16     	; 0x132 <_fpadd_parts+0x58>
     142:	e2 01       	movw	r28, r4
     144:	89 81       	ldd	r24, Y+1	; 0x01
     146:	11 96       	adiw	r26, 0x01	; 1
     148:	9c 91       	ld	r25, X
     14a:	89 23       	and	r24, r25
     14c:	81 83       	std	Z+1, r24	; 0x01
     14e:	08 c1       	rjmp	.+528    	; 0x360 <_fpadd_parts+0x286>
     150:	92 30       	cpi	r25, 0x02	; 2
     152:	09 f4       	brne	.+2      	; 0x156 <_fpadd_parts+0x7c>
     154:	07 c1       	rjmp	.+526    	; 0x364 <_fpadd_parts+0x28a>
     156:	12 96       	adiw	r26, 0x02	; 2
     158:	2d 90       	ld	r2, X+
     15a:	3c 90       	ld	r3, X
     15c:	13 97       	sbiw	r26, 0x03	; 3
     15e:	eb 01       	movw	r28, r22
     160:	8a 81       	ldd	r24, Y+2	; 0x02
     162:	9b 81       	ldd	r25, Y+3	; 0x03
     164:	14 96       	adiw	r26, 0x04	; 4
     166:	ad 90       	ld	r10, X+
     168:	bd 90       	ld	r11, X+
     16a:	cd 90       	ld	r12, X+
     16c:	dc 90       	ld	r13, X
     16e:	17 97       	sbiw	r26, 0x07	; 7
     170:	ec 80       	ldd	r14, Y+4	; 0x04
     172:	fd 80       	ldd	r15, Y+5	; 0x05
     174:	0e 81       	ldd	r16, Y+6	; 0x06
     176:	1f 81       	ldd	r17, Y+7	; 0x07
     178:	91 01       	movw	r18, r2
     17a:	28 1b       	sub	r18, r24
     17c:	39 0b       	sbc	r19, r25
     17e:	b9 01       	movw	r22, r18
     180:	37 ff       	sbrs	r19, 7
     182:	04 c0       	rjmp	.+8      	; 0x18c <_fpadd_parts+0xb2>
     184:	66 27       	eor	r22, r22
     186:	77 27       	eor	r23, r23
     188:	62 1b       	sub	r22, r18
     18a:	73 0b       	sbc	r23, r19
     18c:	60 32       	cpi	r22, 0x20	; 32
     18e:	71 05       	cpc	r23, r1
     190:	0c f0       	brlt	.+2      	; 0x194 <_fpadd_parts+0xba>
     192:	61 c0       	rjmp	.+194    	; 0x256 <_fpadd_parts+0x17c>
     194:	12 16       	cp	r1, r18
     196:	13 06       	cpc	r1, r19
     198:	6c f5       	brge	.+90     	; 0x1f4 <_fpadd_parts+0x11a>
     19a:	37 01       	movw	r6, r14
     19c:	48 01       	movw	r8, r16
     19e:	06 2e       	mov	r0, r22
     1a0:	04 c0       	rjmp	.+8      	; 0x1aa <_fpadd_parts+0xd0>
     1a2:	96 94       	lsr	r9
     1a4:	87 94       	ror	r8
     1a6:	77 94       	ror	r7
     1a8:	67 94       	ror	r6
     1aa:	0a 94       	dec	r0
     1ac:	d2 f7       	brpl	.-12     	; 0x1a2 <_fpadd_parts+0xc8>
     1ae:	21 e0       	ldi	r18, 0x01	; 1
     1b0:	30 e0       	ldi	r19, 0x00	; 0
     1b2:	40 e0       	ldi	r20, 0x00	; 0
     1b4:	50 e0       	ldi	r21, 0x00	; 0
     1b6:	04 c0       	rjmp	.+8      	; 0x1c0 <_fpadd_parts+0xe6>
     1b8:	22 0f       	add	r18, r18
     1ba:	33 1f       	adc	r19, r19
     1bc:	44 1f       	adc	r20, r20
     1be:	55 1f       	adc	r21, r21
     1c0:	6a 95       	dec	r22
     1c2:	d2 f7       	brpl	.-12     	; 0x1b8 <_fpadd_parts+0xde>
     1c4:	21 50       	subi	r18, 0x01	; 1
     1c6:	30 40       	sbci	r19, 0x00	; 0
     1c8:	40 40       	sbci	r20, 0x00	; 0
     1ca:	50 40       	sbci	r21, 0x00	; 0
     1cc:	2e 21       	and	r18, r14
     1ce:	3f 21       	and	r19, r15
     1d0:	40 23       	and	r20, r16
     1d2:	51 23       	and	r21, r17
     1d4:	21 15       	cp	r18, r1
     1d6:	31 05       	cpc	r19, r1
     1d8:	41 05       	cpc	r20, r1
     1da:	51 05       	cpc	r21, r1
     1dc:	21 f0       	breq	.+8      	; 0x1e6 <_fpadd_parts+0x10c>
     1de:	21 e0       	ldi	r18, 0x01	; 1
     1e0:	30 e0       	ldi	r19, 0x00	; 0
     1e2:	40 e0       	ldi	r20, 0x00	; 0
     1e4:	50 e0       	ldi	r21, 0x00	; 0
     1e6:	79 01       	movw	r14, r18
     1e8:	8a 01       	movw	r16, r20
     1ea:	e6 28       	or	r14, r6
     1ec:	f7 28       	or	r15, r7
     1ee:	08 29       	or	r16, r8
     1f0:	19 29       	or	r17, r9
     1f2:	3c c0       	rjmp	.+120    	; 0x26c <_fpadd_parts+0x192>
     1f4:	23 2b       	or	r18, r19
     1f6:	d1 f1       	breq	.+116    	; 0x26c <_fpadd_parts+0x192>
     1f8:	26 0e       	add	r2, r22
     1fa:	37 1e       	adc	r3, r23
     1fc:	35 01       	movw	r6, r10
     1fe:	46 01       	movw	r8, r12
     200:	06 2e       	mov	r0, r22
     202:	04 c0       	rjmp	.+8      	; 0x20c <_fpadd_parts+0x132>
     204:	96 94       	lsr	r9
     206:	87 94       	ror	r8
     208:	77 94       	ror	r7
     20a:	67 94       	ror	r6
     20c:	0a 94       	dec	r0
     20e:	d2 f7       	brpl	.-12     	; 0x204 <_fpadd_parts+0x12a>
     210:	21 e0       	ldi	r18, 0x01	; 1
     212:	30 e0       	ldi	r19, 0x00	; 0
     214:	40 e0       	ldi	r20, 0x00	; 0
     216:	50 e0       	ldi	r21, 0x00	; 0
     218:	04 c0       	rjmp	.+8      	; 0x222 <_fpadd_parts+0x148>
     21a:	22 0f       	add	r18, r18
     21c:	33 1f       	adc	r19, r19
     21e:	44 1f       	adc	r20, r20
     220:	55 1f       	adc	r21, r21
     222:	6a 95       	dec	r22
     224:	d2 f7       	brpl	.-12     	; 0x21a <_fpadd_parts+0x140>
     226:	21 50       	subi	r18, 0x01	; 1
     228:	30 40       	sbci	r19, 0x00	; 0
     22a:	40 40       	sbci	r20, 0x00	; 0
     22c:	50 40       	sbci	r21, 0x00	; 0
     22e:	2a 21       	and	r18, r10
     230:	3b 21       	and	r19, r11
     232:	4c 21       	and	r20, r12
     234:	5d 21       	and	r21, r13
     236:	21 15       	cp	r18, r1
     238:	31 05       	cpc	r19, r1
     23a:	41 05       	cpc	r20, r1
     23c:	51 05       	cpc	r21, r1
     23e:	21 f0       	breq	.+8      	; 0x248 <_fpadd_parts+0x16e>
     240:	21 e0       	ldi	r18, 0x01	; 1
     242:	30 e0       	ldi	r19, 0x00	; 0
     244:	40 e0       	ldi	r20, 0x00	; 0
     246:	50 e0       	ldi	r21, 0x00	; 0
     248:	59 01       	movw	r10, r18
     24a:	6a 01       	movw	r12, r20
     24c:	a6 28       	or	r10, r6
     24e:	b7 28       	or	r11, r7
     250:	c8 28       	or	r12, r8
     252:	d9 28       	or	r13, r9
     254:	0b c0       	rjmp	.+22     	; 0x26c <_fpadd_parts+0x192>
     256:	82 15       	cp	r24, r2
     258:	93 05       	cpc	r25, r3
     25a:	2c f0       	brlt	.+10     	; 0x266 <_fpadd_parts+0x18c>
     25c:	1c 01       	movw	r2, r24
     25e:	aa 24       	eor	r10, r10
     260:	bb 24       	eor	r11, r11
     262:	65 01       	movw	r12, r10
     264:	03 c0       	rjmp	.+6      	; 0x26c <_fpadd_parts+0x192>
     266:	ee 24       	eor	r14, r14
     268:	ff 24       	eor	r15, r15
     26a:	87 01       	movw	r16, r14
     26c:	11 96       	adiw	r26, 0x01	; 1
     26e:	9c 91       	ld	r25, X
     270:	d2 01       	movw	r26, r4
     272:	11 96       	adiw	r26, 0x01	; 1
     274:	8c 91       	ld	r24, X
     276:	98 17       	cp	r25, r24
     278:	09 f4       	brne	.+2      	; 0x27c <_fpadd_parts+0x1a2>
     27a:	45 c0       	rjmp	.+138    	; 0x306 <_fpadd_parts+0x22c>
     27c:	99 23       	and	r25, r25
     27e:	39 f0       	breq	.+14     	; 0x28e <_fpadd_parts+0x1b4>
     280:	a8 01       	movw	r20, r16
     282:	97 01       	movw	r18, r14
     284:	2a 19       	sub	r18, r10
     286:	3b 09       	sbc	r19, r11
     288:	4c 09       	sbc	r20, r12
     28a:	5d 09       	sbc	r21, r13
     28c:	06 c0       	rjmp	.+12     	; 0x29a <_fpadd_parts+0x1c0>
     28e:	a6 01       	movw	r20, r12
     290:	95 01       	movw	r18, r10
     292:	2e 19       	sub	r18, r14
     294:	3f 09       	sbc	r19, r15
     296:	40 0b       	sbc	r20, r16
     298:	51 0b       	sbc	r21, r17
     29a:	57 fd       	sbrc	r21, 7
     29c:	08 c0       	rjmp	.+16     	; 0x2ae <_fpadd_parts+0x1d4>
     29e:	11 82       	std	Z+1, r1	; 0x01
     2a0:	33 82       	std	Z+3, r3	; 0x03
     2a2:	22 82       	std	Z+2, r2	; 0x02
     2a4:	24 83       	std	Z+4, r18	; 0x04
     2a6:	35 83       	std	Z+5, r19	; 0x05
     2a8:	46 83       	std	Z+6, r20	; 0x06
     2aa:	57 83       	std	Z+7, r21	; 0x07
     2ac:	1d c0       	rjmp	.+58     	; 0x2e8 <_fpadd_parts+0x20e>
     2ae:	81 e0       	ldi	r24, 0x01	; 1
     2b0:	81 83       	std	Z+1, r24	; 0x01
     2b2:	33 82       	std	Z+3, r3	; 0x03
     2b4:	22 82       	std	Z+2, r2	; 0x02
     2b6:	88 27       	eor	r24, r24
     2b8:	99 27       	eor	r25, r25
     2ba:	dc 01       	movw	r26, r24
     2bc:	82 1b       	sub	r24, r18
     2be:	93 0b       	sbc	r25, r19
     2c0:	a4 0b       	sbc	r26, r20
     2c2:	b5 0b       	sbc	r27, r21
     2c4:	84 83       	std	Z+4, r24	; 0x04
     2c6:	95 83       	std	Z+5, r25	; 0x05
     2c8:	a6 83       	std	Z+6, r26	; 0x06
     2ca:	b7 83       	std	Z+7, r27	; 0x07
     2cc:	0d c0       	rjmp	.+26     	; 0x2e8 <_fpadd_parts+0x20e>
     2ce:	22 0f       	add	r18, r18
     2d0:	33 1f       	adc	r19, r19
     2d2:	44 1f       	adc	r20, r20
     2d4:	55 1f       	adc	r21, r21
     2d6:	24 83       	std	Z+4, r18	; 0x04
     2d8:	35 83       	std	Z+5, r19	; 0x05
     2da:	46 83       	std	Z+6, r20	; 0x06
     2dc:	57 83       	std	Z+7, r21	; 0x07
     2de:	82 81       	ldd	r24, Z+2	; 0x02
     2e0:	93 81       	ldd	r25, Z+3	; 0x03
     2e2:	01 97       	sbiw	r24, 0x01	; 1
     2e4:	93 83       	std	Z+3, r25	; 0x03
     2e6:	82 83       	std	Z+2, r24	; 0x02
     2e8:	24 81       	ldd	r18, Z+4	; 0x04
     2ea:	35 81       	ldd	r19, Z+5	; 0x05
     2ec:	46 81       	ldd	r20, Z+6	; 0x06
     2ee:	57 81       	ldd	r21, Z+7	; 0x07
     2f0:	da 01       	movw	r26, r20
     2f2:	c9 01       	movw	r24, r18
     2f4:	01 97       	sbiw	r24, 0x01	; 1
     2f6:	a1 09       	sbc	r26, r1
     2f8:	b1 09       	sbc	r27, r1
     2fa:	8f 5f       	subi	r24, 0xFF	; 255
     2fc:	9f 4f       	sbci	r25, 0xFF	; 255
     2fe:	af 4f       	sbci	r26, 0xFF	; 255
     300:	bf 43       	sbci	r27, 0x3F	; 63
     302:	28 f3       	brcs	.-54     	; 0x2ce <_fpadd_parts+0x1f4>
     304:	0b c0       	rjmp	.+22     	; 0x31c <_fpadd_parts+0x242>
     306:	91 83       	std	Z+1, r25	; 0x01
     308:	33 82       	std	Z+3, r3	; 0x03
     30a:	22 82       	std	Z+2, r2	; 0x02
     30c:	ea 0c       	add	r14, r10
     30e:	fb 1c       	adc	r15, r11
     310:	0c 1d       	adc	r16, r12
     312:	1d 1d       	adc	r17, r13
     314:	e4 82       	std	Z+4, r14	; 0x04
     316:	f5 82       	std	Z+5, r15	; 0x05
     318:	06 83       	std	Z+6, r16	; 0x06
     31a:	17 83       	std	Z+7, r17	; 0x07
     31c:	83 e0       	ldi	r24, 0x03	; 3
     31e:	80 83       	st	Z, r24
     320:	24 81       	ldd	r18, Z+4	; 0x04
     322:	35 81       	ldd	r19, Z+5	; 0x05
     324:	46 81       	ldd	r20, Z+6	; 0x06
     326:	57 81       	ldd	r21, Z+7	; 0x07
     328:	57 ff       	sbrs	r21, 7
     32a:	1a c0       	rjmp	.+52     	; 0x360 <_fpadd_parts+0x286>
     32c:	c9 01       	movw	r24, r18
     32e:	aa 27       	eor	r26, r26
     330:	97 fd       	sbrc	r25, 7
     332:	a0 95       	com	r26
     334:	ba 2f       	mov	r27, r26
     336:	81 70       	andi	r24, 0x01	; 1
     338:	90 70       	andi	r25, 0x00	; 0
     33a:	a0 70       	andi	r26, 0x00	; 0
     33c:	b0 70       	andi	r27, 0x00	; 0
     33e:	56 95       	lsr	r21
     340:	47 95       	ror	r20
     342:	37 95       	ror	r19
     344:	27 95       	ror	r18
     346:	82 2b       	or	r24, r18
     348:	93 2b       	or	r25, r19
     34a:	a4 2b       	or	r26, r20
     34c:	b5 2b       	or	r27, r21
     34e:	84 83       	std	Z+4, r24	; 0x04
     350:	95 83       	std	Z+5, r25	; 0x05
     352:	a6 83       	std	Z+6, r26	; 0x06
     354:	b7 83       	std	Z+7, r27	; 0x07
     356:	82 81       	ldd	r24, Z+2	; 0x02
     358:	93 81       	ldd	r25, Z+3	; 0x03
     35a:	01 96       	adiw	r24, 0x01	; 1
     35c:	93 83       	std	Z+3, r25	; 0x03
     35e:	82 83       	std	Z+2, r24	; 0x02
     360:	df 01       	movw	r26, r30
     362:	01 c0       	rjmp	.+2      	; 0x366 <_fpadd_parts+0x28c>
     364:	d2 01       	movw	r26, r4
     366:	cd 01       	movw	r24, r26
     368:	cd b7       	in	r28, 0x3d	; 61
     36a:	de b7       	in	r29, 0x3e	; 62
     36c:	e2 e1       	ldi	r30, 0x12	; 18
     36e:	0c 94 1d 12 	jmp	0x243a	; 0x243a <__epilogue_restores__>

00000372 <__subsf3>:
     372:	a0 e2       	ldi	r26, 0x20	; 32
     374:	b0 e0       	ldi	r27, 0x00	; 0
     376:	ef eb       	ldi	r30, 0xBF	; 191
     378:	f1 e0       	ldi	r31, 0x01	; 1
     37a:	0c 94 0d 12 	jmp	0x241a	; 0x241a <__prologue_saves__+0x18>
     37e:	69 83       	std	Y+1, r22	; 0x01
     380:	7a 83       	std	Y+2, r23	; 0x02
     382:	8b 83       	std	Y+3, r24	; 0x03
     384:	9c 83       	std	Y+4, r25	; 0x04
     386:	2d 83       	std	Y+5, r18	; 0x05
     388:	3e 83       	std	Y+6, r19	; 0x06
     38a:	4f 83       	std	Y+7, r20	; 0x07
     38c:	58 87       	std	Y+8, r21	; 0x08
     38e:	e9 e0       	ldi	r30, 0x09	; 9
     390:	ee 2e       	mov	r14, r30
     392:	f1 2c       	mov	r15, r1
     394:	ec 0e       	add	r14, r28
     396:	fd 1e       	adc	r15, r29
     398:	ce 01       	movw	r24, r28
     39a:	01 96       	adiw	r24, 0x01	; 1
     39c:	b7 01       	movw	r22, r14
     39e:	0e 94 3e 06 	call	0xc7c	; 0xc7c <__unpack_f>
     3a2:	8e 01       	movw	r16, r28
     3a4:	0f 5e       	subi	r16, 0xEF	; 239
     3a6:	1f 4f       	sbci	r17, 0xFF	; 255
     3a8:	ce 01       	movw	r24, r28
     3aa:	05 96       	adiw	r24, 0x05	; 5
     3ac:	b8 01       	movw	r22, r16
     3ae:	0e 94 3e 06 	call	0xc7c	; 0xc7c <__unpack_f>
     3b2:	8a 89       	ldd	r24, Y+18	; 0x12
     3b4:	91 e0       	ldi	r25, 0x01	; 1
     3b6:	89 27       	eor	r24, r25
     3b8:	8a 8b       	std	Y+18, r24	; 0x12
     3ba:	c7 01       	movw	r24, r14
     3bc:	b8 01       	movw	r22, r16
     3be:	ae 01       	movw	r20, r28
     3c0:	47 5e       	subi	r20, 0xE7	; 231
     3c2:	5f 4f       	sbci	r21, 0xFF	; 255
     3c4:	0e 94 6d 00 	call	0xda	; 0xda <_fpadd_parts>
     3c8:	0e 94 69 05 	call	0xad2	; 0xad2 <__pack_f>
     3cc:	a0 96       	adiw	r28, 0x20	; 32
     3ce:	e6 e0       	ldi	r30, 0x06	; 6
     3d0:	0c 94 29 12 	jmp	0x2452	; 0x2452 <__epilogue_restores__+0x18>

000003d4 <__addsf3>:
     3d4:	a0 e2       	ldi	r26, 0x20	; 32
     3d6:	b0 e0       	ldi	r27, 0x00	; 0
     3d8:	e0 ef       	ldi	r30, 0xF0	; 240
     3da:	f1 e0       	ldi	r31, 0x01	; 1
     3dc:	0c 94 0d 12 	jmp	0x241a	; 0x241a <__prologue_saves__+0x18>
     3e0:	69 83       	std	Y+1, r22	; 0x01
     3e2:	7a 83       	std	Y+2, r23	; 0x02
     3e4:	8b 83       	std	Y+3, r24	; 0x03
     3e6:	9c 83       	std	Y+4, r25	; 0x04
     3e8:	2d 83       	std	Y+5, r18	; 0x05
     3ea:	3e 83       	std	Y+6, r19	; 0x06
     3ec:	4f 83       	std	Y+7, r20	; 0x07
     3ee:	58 87       	std	Y+8, r21	; 0x08
     3f0:	f9 e0       	ldi	r31, 0x09	; 9
     3f2:	ef 2e       	mov	r14, r31
     3f4:	f1 2c       	mov	r15, r1
     3f6:	ec 0e       	add	r14, r28
     3f8:	fd 1e       	adc	r15, r29
     3fa:	ce 01       	movw	r24, r28
     3fc:	01 96       	adiw	r24, 0x01	; 1
     3fe:	b7 01       	movw	r22, r14
     400:	0e 94 3e 06 	call	0xc7c	; 0xc7c <__unpack_f>
     404:	8e 01       	movw	r16, r28
     406:	0f 5e       	subi	r16, 0xEF	; 239
     408:	1f 4f       	sbci	r17, 0xFF	; 255
     40a:	ce 01       	movw	r24, r28
     40c:	05 96       	adiw	r24, 0x05	; 5
     40e:	b8 01       	movw	r22, r16
     410:	0e 94 3e 06 	call	0xc7c	; 0xc7c <__unpack_f>
     414:	c7 01       	movw	r24, r14
     416:	b8 01       	movw	r22, r16
     418:	ae 01       	movw	r20, r28
     41a:	47 5e       	subi	r20, 0xE7	; 231
     41c:	5f 4f       	sbci	r21, 0xFF	; 255
     41e:	0e 94 6d 00 	call	0xda	; 0xda <_fpadd_parts>
     422:	0e 94 69 05 	call	0xad2	; 0xad2 <__pack_f>
     426:	a0 96       	adiw	r28, 0x20	; 32
     428:	e6 e0       	ldi	r30, 0x06	; 6
     42a:	0c 94 29 12 	jmp	0x2452	; 0x2452 <__epilogue_restores__+0x18>

0000042e <__mulsf3>:
     42e:	a0 e2       	ldi	r26, 0x20	; 32
     430:	b0 e0       	ldi	r27, 0x00	; 0
     432:	ed e1       	ldi	r30, 0x1D	; 29
     434:	f2 e0       	ldi	r31, 0x02	; 2
     436:	0c 94 01 12 	jmp	0x2402	; 0x2402 <__prologue_saves__>
     43a:	69 83       	std	Y+1, r22	; 0x01
     43c:	7a 83       	std	Y+2, r23	; 0x02
     43e:	8b 83       	std	Y+3, r24	; 0x03
     440:	9c 83       	std	Y+4, r25	; 0x04
     442:	2d 83       	std	Y+5, r18	; 0x05
     444:	3e 83       	std	Y+6, r19	; 0x06
     446:	4f 83       	std	Y+7, r20	; 0x07
     448:	58 87       	std	Y+8, r21	; 0x08
     44a:	ce 01       	movw	r24, r28
     44c:	01 96       	adiw	r24, 0x01	; 1
     44e:	be 01       	movw	r22, r28
     450:	67 5f       	subi	r22, 0xF7	; 247
     452:	7f 4f       	sbci	r23, 0xFF	; 255
     454:	0e 94 3e 06 	call	0xc7c	; 0xc7c <__unpack_f>
     458:	ce 01       	movw	r24, r28
     45a:	05 96       	adiw	r24, 0x05	; 5
     45c:	be 01       	movw	r22, r28
     45e:	6f 5e       	subi	r22, 0xEF	; 239
     460:	7f 4f       	sbci	r23, 0xFF	; 255
     462:	0e 94 3e 06 	call	0xc7c	; 0xc7c <__unpack_f>
     466:	99 85       	ldd	r25, Y+9	; 0x09
     468:	92 30       	cpi	r25, 0x02	; 2
     46a:	88 f0       	brcs	.+34     	; 0x48e <__mulsf3+0x60>
     46c:	89 89       	ldd	r24, Y+17	; 0x11
     46e:	82 30       	cpi	r24, 0x02	; 2
     470:	c8 f0       	brcs	.+50     	; 0x4a4 <__mulsf3+0x76>
     472:	94 30       	cpi	r25, 0x04	; 4
     474:	19 f4       	brne	.+6      	; 0x47c <__mulsf3+0x4e>
     476:	82 30       	cpi	r24, 0x02	; 2
     478:	51 f4       	brne	.+20     	; 0x48e <__mulsf3+0x60>
     47a:	04 c0       	rjmp	.+8      	; 0x484 <__mulsf3+0x56>
     47c:	84 30       	cpi	r24, 0x04	; 4
     47e:	29 f4       	brne	.+10     	; 0x48a <__mulsf3+0x5c>
     480:	92 30       	cpi	r25, 0x02	; 2
     482:	81 f4       	brne	.+32     	; 0x4a4 <__mulsf3+0x76>
     484:	84 e8       	ldi	r24, 0x84	; 132
     486:	90 e0       	ldi	r25, 0x00	; 0
     488:	c6 c0       	rjmp	.+396    	; 0x616 <__mulsf3+0x1e8>
     48a:	92 30       	cpi	r25, 0x02	; 2
     48c:	49 f4       	brne	.+18     	; 0x4a0 <__mulsf3+0x72>
     48e:	20 e0       	ldi	r18, 0x00	; 0
     490:	9a 85       	ldd	r25, Y+10	; 0x0a
     492:	8a 89       	ldd	r24, Y+18	; 0x12
     494:	98 13       	cpse	r25, r24
     496:	21 e0       	ldi	r18, 0x01	; 1
     498:	2a 87       	std	Y+10, r18	; 0x0a
     49a:	ce 01       	movw	r24, r28
     49c:	09 96       	adiw	r24, 0x09	; 9
     49e:	bb c0       	rjmp	.+374    	; 0x616 <__mulsf3+0x1e8>
     4a0:	82 30       	cpi	r24, 0x02	; 2
     4a2:	49 f4       	brne	.+18     	; 0x4b6 <__mulsf3+0x88>
     4a4:	20 e0       	ldi	r18, 0x00	; 0
     4a6:	9a 85       	ldd	r25, Y+10	; 0x0a
     4a8:	8a 89       	ldd	r24, Y+18	; 0x12
     4aa:	98 13       	cpse	r25, r24
     4ac:	21 e0       	ldi	r18, 0x01	; 1
     4ae:	2a 8b       	std	Y+18, r18	; 0x12
     4b0:	ce 01       	movw	r24, r28
     4b2:	41 96       	adiw	r24, 0x11	; 17
     4b4:	b0 c0       	rjmp	.+352    	; 0x616 <__mulsf3+0x1e8>
     4b6:	2d 84       	ldd	r2, Y+13	; 0x0d
     4b8:	3e 84       	ldd	r3, Y+14	; 0x0e
     4ba:	4f 84       	ldd	r4, Y+15	; 0x0f
     4bc:	58 88       	ldd	r5, Y+16	; 0x10
     4be:	6d 88       	ldd	r6, Y+21	; 0x15
     4c0:	7e 88       	ldd	r7, Y+22	; 0x16
     4c2:	8f 88       	ldd	r8, Y+23	; 0x17
     4c4:	98 8c       	ldd	r9, Y+24	; 0x18
     4c6:	ee 24       	eor	r14, r14
     4c8:	ff 24       	eor	r15, r15
     4ca:	87 01       	movw	r16, r14
     4cc:	aa 24       	eor	r10, r10
     4ce:	bb 24       	eor	r11, r11
     4d0:	65 01       	movw	r12, r10
     4d2:	40 e0       	ldi	r20, 0x00	; 0
     4d4:	50 e0       	ldi	r21, 0x00	; 0
     4d6:	60 e0       	ldi	r22, 0x00	; 0
     4d8:	70 e0       	ldi	r23, 0x00	; 0
     4da:	e0 e0       	ldi	r30, 0x00	; 0
     4dc:	f0 e0       	ldi	r31, 0x00	; 0
     4de:	c1 01       	movw	r24, r2
     4e0:	81 70       	andi	r24, 0x01	; 1
     4e2:	90 70       	andi	r25, 0x00	; 0
     4e4:	89 2b       	or	r24, r25
     4e6:	e9 f0       	breq	.+58     	; 0x522 <__mulsf3+0xf4>
     4e8:	e6 0c       	add	r14, r6
     4ea:	f7 1c       	adc	r15, r7
     4ec:	08 1d       	adc	r16, r8
     4ee:	19 1d       	adc	r17, r9
     4f0:	9a 01       	movw	r18, r20
     4f2:	ab 01       	movw	r20, r22
     4f4:	2a 0d       	add	r18, r10
     4f6:	3b 1d       	adc	r19, r11
     4f8:	4c 1d       	adc	r20, r12
     4fa:	5d 1d       	adc	r21, r13
     4fc:	80 e0       	ldi	r24, 0x00	; 0
     4fe:	90 e0       	ldi	r25, 0x00	; 0
     500:	a0 e0       	ldi	r26, 0x00	; 0
     502:	b0 e0       	ldi	r27, 0x00	; 0
     504:	e6 14       	cp	r14, r6
     506:	f7 04       	cpc	r15, r7
     508:	08 05       	cpc	r16, r8
     50a:	19 05       	cpc	r17, r9
     50c:	20 f4       	brcc	.+8      	; 0x516 <__mulsf3+0xe8>
     50e:	81 e0       	ldi	r24, 0x01	; 1
     510:	90 e0       	ldi	r25, 0x00	; 0
     512:	a0 e0       	ldi	r26, 0x00	; 0
     514:	b0 e0       	ldi	r27, 0x00	; 0
     516:	ba 01       	movw	r22, r20
     518:	a9 01       	movw	r20, r18
     51a:	48 0f       	add	r20, r24
     51c:	59 1f       	adc	r21, r25
     51e:	6a 1f       	adc	r22, r26
     520:	7b 1f       	adc	r23, r27
     522:	aa 0c       	add	r10, r10
     524:	bb 1c       	adc	r11, r11
     526:	cc 1c       	adc	r12, r12
     528:	dd 1c       	adc	r13, r13
     52a:	97 fe       	sbrs	r9, 7
     52c:	08 c0       	rjmp	.+16     	; 0x53e <__mulsf3+0x110>
     52e:	81 e0       	ldi	r24, 0x01	; 1
     530:	90 e0       	ldi	r25, 0x00	; 0
     532:	a0 e0       	ldi	r26, 0x00	; 0
     534:	b0 e0       	ldi	r27, 0x00	; 0
     536:	a8 2a       	or	r10, r24
     538:	b9 2a       	or	r11, r25
     53a:	ca 2a       	or	r12, r26
     53c:	db 2a       	or	r13, r27
     53e:	31 96       	adiw	r30, 0x01	; 1
     540:	e0 32       	cpi	r30, 0x20	; 32
     542:	f1 05       	cpc	r31, r1
     544:	49 f0       	breq	.+18     	; 0x558 <__mulsf3+0x12a>
     546:	66 0c       	add	r6, r6
     548:	77 1c       	adc	r7, r7
     54a:	88 1c       	adc	r8, r8
     54c:	99 1c       	adc	r9, r9
     54e:	56 94       	lsr	r5
     550:	47 94       	ror	r4
     552:	37 94       	ror	r3
     554:	27 94       	ror	r2
     556:	c3 cf       	rjmp	.-122    	; 0x4de <__mulsf3+0xb0>
     558:	fa 85       	ldd	r31, Y+10	; 0x0a
     55a:	ea 89       	ldd	r30, Y+18	; 0x12
     55c:	2b 89       	ldd	r18, Y+19	; 0x13
     55e:	3c 89       	ldd	r19, Y+20	; 0x14
     560:	8b 85       	ldd	r24, Y+11	; 0x0b
     562:	9c 85       	ldd	r25, Y+12	; 0x0c
     564:	28 0f       	add	r18, r24
     566:	39 1f       	adc	r19, r25
     568:	2e 5f       	subi	r18, 0xFE	; 254
     56a:	3f 4f       	sbci	r19, 0xFF	; 255
     56c:	17 c0       	rjmp	.+46     	; 0x59c <__mulsf3+0x16e>
     56e:	ca 01       	movw	r24, r20
     570:	81 70       	andi	r24, 0x01	; 1
     572:	90 70       	andi	r25, 0x00	; 0
     574:	89 2b       	or	r24, r25
     576:	61 f0       	breq	.+24     	; 0x590 <__mulsf3+0x162>
     578:	16 95       	lsr	r17
     57a:	07 95       	ror	r16
     57c:	f7 94       	ror	r15
     57e:	e7 94       	ror	r14
     580:	80 e0       	ldi	r24, 0x00	; 0
     582:	90 e0       	ldi	r25, 0x00	; 0
     584:	a0 e0       	ldi	r26, 0x00	; 0
     586:	b0 e8       	ldi	r27, 0x80	; 128
     588:	e8 2a       	or	r14, r24
     58a:	f9 2a       	or	r15, r25
     58c:	0a 2b       	or	r16, r26
     58e:	1b 2b       	or	r17, r27
     590:	76 95       	lsr	r23
     592:	67 95       	ror	r22
     594:	57 95       	ror	r21
     596:	47 95       	ror	r20
     598:	2f 5f       	subi	r18, 0xFF	; 255
     59a:	3f 4f       	sbci	r19, 0xFF	; 255
     59c:	77 fd       	sbrc	r23, 7
     59e:	e7 cf       	rjmp	.-50     	; 0x56e <__mulsf3+0x140>
     5a0:	0c c0       	rjmp	.+24     	; 0x5ba <__mulsf3+0x18c>
     5a2:	44 0f       	add	r20, r20
     5a4:	55 1f       	adc	r21, r21
     5a6:	66 1f       	adc	r22, r22
     5a8:	77 1f       	adc	r23, r23
     5aa:	17 fd       	sbrc	r17, 7
     5ac:	41 60       	ori	r20, 0x01	; 1
     5ae:	ee 0c       	add	r14, r14
     5b0:	ff 1c       	adc	r15, r15
     5b2:	00 1f       	adc	r16, r16
     5b4:	11 1f       	adc	r17, r17
     5b6:	21 50       	subi	r18, 0x01	; 1
     5b8:	30 40       	sbci	r19, 0x00	; 0
     5ba:	40 30       	cpi	r20, 0x00	; 0
     5bc:	90 e0       	ldi	r25, 0x00	; 0
     5be:	59 07       	cpc	r21, r25
     5c0:	90 e0       	ldi	r25, 0x00	; 0
     5c2:	69 07       	cpc	r22, r25
     5c4:	90 e4       	ldi	r25, 0x40	; 64
     5c6:	79 07       	cpc	r23, r25
     5c8:	60 f3       	brcs	.-40     	; 0x5a2 <__mulsf3+0x174>
     5ca:	2b 8f       	std	Y+27, r18	; 0x1b
     5cc:	3c 8f       	std	Y+28, r19	; 0x1c
     5ce:	db 01       	movw	r26, r22
     5d0:	ca 01       	movw	r24, r20
     5d2:	8f 77       	andi	r24, 0x7F	; 127
     5d4:	90 70       	andi	r25, 0x00	; 0
     5d6:	a0 70       	andi	r26, 0x00	; 0
     5d8:	b0 70       	andi	r27, 0x00	; 0
     5da:	80 34       	cpi	r24, 0x40	; 64
     5dc:	91 05       	cpc	r25, r1
     5de:	a1 05       	cpc	r26, r1
     5e0:	b1 05       	cpc	r27, r1
     5e2:	61 f4       	brne	.+24     	; 0x5fc <__mulsf3+0x1ce>
     5e4:	47 fd       	sbrc	r20, 7
     5e6:	0a c0       	rjmp	.+20     	; 0x5fc <__mulsf3+0x1ce>
     5e8:	e1 14       	cp	r14, r1
     5ea:	f1 04       	cpc	r15, r1
     5ec:	01 05       	cpc	r16, r1
     5ee:	11 05       	cpc	r17, r1
     5f0:	29 f0       	breq	.+10     	; 0x5fc <__mulsf3+0x1ce>
     5f2:	40 5c       	subi	r20, 0xC0	; 192
     5f4:	5f 4f       	sbci	r21, 0xFF	; 255
     5f6:	6f 4f       	sbci	r22, 0xFF	; 255
     5f8:	7f 4f       	sbci	r23, 0xFF	; 255
     5fa:	40 78       	andi	r20, 0x80	; 128
     5fc:	1a 8e       	std	Y+26, r1	; 0x1a
     5fe:	fe 17       	cp	r31, r30
     600:	11 f0       	breq	.+4      	; 0x606 <__mulsf3+0x1d8>
     602:	81 e0       	ldi	r24, 0x01	; 1
     604:	8a 8f       	std	Y+26, r24	; 0x1a
     606:	4d 8f       	std	Y+29, r20	; 0x1d
     608:	5e 8f       	std	Y+30, r21	; 0x1e
     60a:	6f 8f       	std	Y+31, r22	; 0x1f
     60c:	78 a3       	std	Y+32, r23	; 0x20
     60e:	83 e0       	ldi	r24, 0x03	; 3
     610:	89 8f       	std	Y+25, r24	; 0x19
     612:	ce 01       	movw	r24, r28
     614:	49 96       	adiw	r24, 0x19	; 25
     616:	0e 94 69 05 	call	0xad2	; 0xad2 <__pack_f>
     61a:	a0 96       	adiw	r28, 0x20	; 32
     61c:	e2 e1       	ldi	r30, 0x12	; 18
     61e:	0c 94 1d 12 	jmp	0x243a	; 0x243a <__epilogue_restores__>

00000622 <__divsf3>:
     622:	a8 e1       	ldi	r26, 0x18	; 24
     624:	b0 e0       	ldi	r27, 0x00	; 0
     626:	e7 e1       	ldi	r30, 0x17	; 23
     628:	f3 e0       	ldi	r31, 0x03	; 3
     62a:	0c 94 09 12 	jmp	0x2412	; 0x2412 <__prologue_saves__+0x10>
     62e:	69 83       	std	Y+1, r22	; 0x01
     630:	7a 83       	std	Y+2, r23	; 0x02
     632:	8b 83       	std	Y+3, r24	; 0x03
     634:	9c 83       	std	Y+4, r25	; 0x04
     636:	2d 83       	std	Y+5, r18	; 0x05
     638:	3e 83       	std	Y+6, r19	; 0x06
     63a:	4f 83       	std	Y+7, r20	; 0x07
     63c:	58 87       	std	Y+8, r21	; 0x08
     63e:	b9 e0       	ldi	r27, 0x09	; 9
     640:	eb 2e       	mov	r14, r27
     642:	f1 2c       	mov	r15, r1
     644:	ec 0e       	add	r14, r28
     646:	fd 1e       	adc	r15, r29
     648:	ce 01       	movw	r24, r28
     64a:	01 96       	adiw	r24, 0x01	; 1
     64c:	b7 01       	movw	r22, r14
     64e:	0e 94 3e 06 	call	0xc7c	; 0xc7c <__unpack_f>
     652:	8e 01       	movw	r16, r28
     654:	0f 5e       	subi	r16, 0xEF	; 239
     656:	1f 4f       	sbci	r17, 0xFF	; 255
     658:	ce 01       	movw	r24, r28
     65a:	05 96       	adiw	r24, 0x05	; 5
     65c:	b8 01       	movw	r22, r16
     65e:	0e 94 3e 06 	call	0xc7c	; 0xc7c <__unpack_f>
     662:	29 85       	ldd	r18, Y+9	; 0x09
     664:	22 30       	cpi	r18, 0x02	; 2
     666:	08 f4       	brcc	.+2      	; 0x66a <__divsf3+0x48>
     668:	7e c0       	rjmp	.+252    	; 0x766 <__divsf3+0x144>
     66a:	39 89       	ldd	r19, Y+17	; 0x11
     66c:	32 30       	cpi	r19, 0x02	; 2
     66e:	10 f4       	brcc	.+4      	; 0x674 <__divsf3+0x52>
     670:	b8 01       	movw	r22, r16
     672:	7c c0       	rjmp	.+248    	; 0x76c <__divsf3+0x14a>
     674:	8a 85       	ldd	r24, Y+10	; 0x0a
     676:	9a 89       	ldd	r25, Y+18	; 0x12
     678:	89 27       	eor	r24, r25
     67a:	8a 87       	std	Y+10, r24	; 0x0a
     67c:	24 30       	cpi	r18, 0x04	; 4
     67e:	11 f0       	breq	.+4      	; 0x684 <__divsf3+0x62>
     680:	22 30       	cpi	r18, 0x02	; 2
     682:	31 f4       	brne	.+12     	; 0x690 <__divsf3+0x6e>
     684:	23 17       	cp	r18, r19
     686:	09 f0       	breq	.+2      	; 0x68a <__divsf3+0x68>
     688:	6e c0       	rjmp	.+220    	; 0x766 <__divsf3+0x144>
     68a:	64 e8       	ldi	r22, 0x84	; 132
     68c:	70 e0       	ldi	r23, 0x00	; 0
     68e:	6e c0       	rjmp	.+220    	; 0x76c <__divsf3+0x14a>
     690:	34 30       	cpi	r19, 0x04	; 4
     692:	39 f4       	brne	.+14     	; 0x6a2 <__divsf3+0x80>
     694:	1d 86       	std	Y+13, r1	; 0x0d
     696:	1e 86       	std	Y+14, r1	; 0x0e
     698:	1f 86       	std	Y+15, r1	; 0x0f
     69a:	18 8a       	std	Y+16, r1	; 0x10
     69c:	1c 86       	std	Y+12, r1	; 0x0c
     69e:	1b 86       	std	Y+11, r1	; 0x0b
     6a0:	04 c0       	rjmp	.+8      	; 0x6aa <__divsf3+0x88>
     6a2:	32 30       	cpi	r19, 0x02	; 2
     6a4:	21 f4       	brne	.+8      	; 0x6ae <__divsf3+0x8c>
     6a6:	84 e0       	ldi	r24, 0x04	; 4
     6a8:	89 87       	std	Y+9, r24	; 0x09
     6aa:	b7 01       	movw	r22, r14
     6ac:	5f c0       	rjmp	.+190    	; 0x76c <__divsf3+0x14a>
     6ae:	2b 85       	ldd	r18, Y+11	; 0x0b
     6b0:	3c 85       	ldd	r19, Y+12	; 0x0c
     6b2:	8b 89       	ldd	r24, Y+19	; 0x13
     6b4:	9c 89       	ldd	r25, Y+20	; 0x14
     6b6:	28 1b       	sub	r18, r24
     6b8:	39 0b       	sbc	r19, r25
     6ba:	3c 87       	std	Y+12, r19	; 0x0c
     6bc:	2b 87       	std	Y+11, r18	; 0x0b
     6be:	ed 84       	ldd	r14, Y+13	; 0x0d
     6c0:	fe 84       	ldd	r15, Y+14	; 0x0e
     6c2:	0f 85       	ldd	r16, Y+15	; 0x0f
     6c4:	18 89       	ldd	r17, Y+16	; 0x10
     6c6:	ad 88       	ldd	r10, Y+21	; 0x15
     6c8:	be 88       	ldd	r11, Y+22	; 0x16
     6ca:	cf 88       	ldd	r12, Y+23	; 0x17
     6cc:	d8 8c       	ldd	r13, Y+24	; 0x18
     6ce:	ea 14       	cp	r14, r10
     6d0:	fb 04       	cpc	r15, r11
     6d2:	0c 05       	cpc	r16, r12
     6d4:	1d 05       	cpc	r17, r13
     6d6:	40 f4       	brcc	.+16     	; 0x6e8 <__divsf3+0xc6>
     6d8:	ee 0c       	add	r14, r14
     6da:	ff 1c       	adc	r15, r15
     6dc:	00 1f       	adc	r16, r16
     6de:	11 1f       	adc	r17, r17
     6e0:	21 50       	subi	r18, 0x01	; 1
     6e2:	30 40       	sbci	r19, 0x00	; 0
     6e4:	3c 87       	std	Y+12, r19	; 0x0c
     6e6:	2b 87       	std	Y+11, r18	; 0x0b
     6e8:	20 e0       	ldi	r18, 0x00	; 0
     6ea:	30 e0       	ldi	r19, 0x00	; 0
     6ec:	40 e0       	ldi	r20, 0x00	; 0
     6ee:	50 e0       	ldi	r21, 0x00	; 0
     6f0:	80 e0       	ldi	r24, 0x00	; 0
     6f2:	90 e0       	ldi	r25, 0x00	; 0
     6f4:	a0 e0       	ldi	r26, 0x00	; 0
     6f6:	b0 e4       	ldi	r27, 0x40	; 64
     6f8:	60 e0       	ldi	r22, 0x00	; 0
     6fa:	70 e0       	ldi	r23, 0x00	; 0
     6fc:	ea 14       	cp	r14, r10
     6fe:	fb 04       	cpc	r15, r11
     700:	0c 05       	cpc	r16, r12
     702:	1d 05       	cpc	r17, r13
     704:	40 f0       	brcs	.+16     	; 0x716 <__divsf3+0xf4>
     706:	28 2b       	or	r18, r24
     708:	39 2b       	or	r19, r25
     70a:	4a 2b       	or	r20, r26
     70c:	5b 2b       	or	r21, r27
     70e:	ea 18       	sub	r14, r10
     710:	fb 08       	sbc	r15, r11
     712:	0c 09       	sbc	r16, r12
     714:	1d 09       	sbc	r17, r13
     716:	b6 95       	lsr	r27
     718:	a7 95       	ror	r26
     71a:	97 95       	ror	r25
     71c:	87 95       	ror	r24
     71e:	ee 0c       	add	r14, r14
     720:	ff 1c       	adc	r15, r15
     722:	00 1f       	adc	r16, r16
     724:	11 1f       	adc	r17, r17
     726:	6f 5f       	subi	r22, 0xFF	; 255
     728:	7f 4f       	sbci	r23, 0xFF	; 255
     72a:	6f 31       	cpi	r22, 0x1F	; 31
     72c:	71 05       	cpc	r23, r1
     72e:	31 f7       	brne	.-52     	; 0x6fc <__divsf3+0xda>
     730:	da 01       	movw	r26, r20
     732:	c9 01       	movw	r24, r18
     734:	8f 77       	andi	r24, 0x7F	; 127
     736:	90 70       	andi	r25, 0x00	; 0
     738:	a0 70       	andi	r26, 0x00	; 0
     73a:	b0 70       	andi	r27, 0x00	; 0
     73c:	80 34       	cpi	r24, 0x40	; 64
     73e:	91 05       	cpc	r25, r1
     740:	a1 05       	cpc	r26, r1
     742:	b1 05       	cpc	r27, r1
     744:	61 f4       	brne	.+24     	; 0x75e <__divsf3+0x13c>
     746:	27 fd       	sbrc	r18, 7
     748:	0a c0       	rjmp	.+20     	; 0x75e <__divsf3+0x13c>
     74a:	e1 14       	cp	r14, r1
     74c:	f1 04       	cpc	r15, r1
     74e:	01 05       	cpc	r16, r1
     750:	11 05       	cpc	r17, r1
     752:	29 f0       	breq	.+10     	; 0x75e <__divsf3+0x13c>
     754:	20 5c       	subi	r18, 0xC0	; 192
     756:	3f 4f       	sbci	r19, 0xFF	; 255
     758:	4f 4f       	sbci	r20, 0xFF	; 255
     75a:	5f 4f       	sbci	r21, 0xFF	; 255
     75c:	20 78       	andi	r18, 0x80	; 128
     75e:	2d 87       	std	Y+13, r18	; 0x0d
     760:	3e 87       	std	Y+14, r19	; 0x0e
     762:	4f 87       	std	Y+15, r20	; 0x0f
     764:	58 8b       	std	Y+16, r21	; 0x10
     766:	be 01       	movw	r22, r28
     768:	67 5f       	subi	r22, 0xF7	; 247
     76a:	7f 4f       	sbci	r23, 0xFF	; 255
     76c:	cb 01       	movw	r24, r22
     76e:	0e 94 69 05 	call	0xad2	; 0xad2 <__pack_f>
     772:	68 96       	adiw	r28, 0x18	; 24
     774:	ea e0       	ldi	r30, 0x0A	; 10
     776:	0c 94 25 12 	jmp	0x244a	; 0x244a <__epilogue_restores__+0x10>

0000077a <__gtsf2>:
     77a:	a8 e1       	ldi	r26, 0x18	; 24
     77c:	b0 e0       	ldi	r27, 0x00	; 0
     77e:	e3 ec       	ldi	r30, 0xC3	; 195
     780:	f3 e0       	ldi	r31, 0x03	; 3
     782:	0c 94 0d 12 	jmp	0x241a	; 0x241a <__prologue_saves__+0x18>
     786:	69 83       	std	Y+1, r22	; 0x01
     788:	7a 83       	std	Y+2, r23	; 0x02
     78a:	8b 83       	std	Y+3, r24	; 0x03
     78c:	9c 83       	std	Y+4, r25	; 0x04
     78e:	2d 83       	std	Y+5, r18	; 0x05
     790:	3e 83       	std	Y+6, r19	; 0x06
     792:	4f 83       	std	Y+7, r20	; 0x07
     794:	58 87       	std	Y+8, r21	; 0x08
     796:	89 e0       	ldi	r24, 0x09	; 9
     798:	e8 2e       	mov	r14, r24
     79a:	f1 2c       	mov	r15, r1
     79c:	ec 0e       	add	r14, r28
     79e:	fd 1e       	adc	r15, r29
     7a0:	ce 01       	movw	r24, r28
     7a2:	01 96       	adiw	r24, 0x01	; 1
     7a4:	b7 01       	movw	r22, r14
     7a6:	0e 94 3e 06 	call	0xc7c	; 0xc7c <__unpack_f>
     7aa:	8e 01       	movw	r16, r28
     7ac:	0f 5e       	subi	r16, 0xEF	; 239
     7ae:	1f 4f       	sbci	r17, 0xFF	; 255
     7b0:	ce 01       	movw	r24, r28
     7b2:	05 96       	adiw	r24, 0x05	; 5
     7b4:	b8 01       	movw	r22, r16
     7b6:	0e 94 3e 06 	call	0xc7c	; 0xc7c <__unpack_f>
     7ba:	89 85       	ldd	r24, Y+9	; 0x09
     7bc:	82 30       	cpi	r24, 0x02	; 2
     7be:	40 f0       	brcs	.+16     	; 0x7d0 <__gtsf2+0x56>
     7c0:	89 89       	ldd	r24, Y+17	; 0x11
     7c2:	82 30       	cpi	r24, 0x02	; 2
     7c4:	28 f0       	brcs	.+10     	; 0x7d0 <__gtsf2+0x56>
     7c6:	c7 01       	movw	r24, r14
     7c8:	b8 01       	movw	r22, r16
     7ca:	0e 94 b6 06 	call	0xd6c	; 0xd6c <__fpcmp_parts_f>
     7ce:	01 c0       	rjmp	.+2      	; 0x7d2 <__gtsf2+0x58>
     7d0:	8f ef       	ldi	r24, 0xFF	; 255
     7d2:	68 96       	adiw	r28, 0x18	; 24
     7d4:	e6 e0       	ldi	r30, 0x06	; 6
     7d6:	0c 94 29 12 	jmp	0x2452	; 0x2452 <__epilogue_restores__+0x18>

000007da <__gesf2>:
     7da:	a8 e1       	ldi	r26, 0x18	; 24
     7dc:	b0 e0       	ldi	r27, 0x00	; 0
     7de:	e3 ef       	ldi	r30, 0xF3	; 243
     7e0:	f3 e0       	ldi	r31, 0x03	; 3
     7e2:	0c 94 0d 12 	jmp	0x241a	; 0x241a <__prologue_saves__+0x18>
     7e6:	69 83       	std	Y+1, r22	; 0x01
     7e8:	7a 83       	std	Y+2, r23	; 0x02
     7ea:	8b 83       	std	Y+3, r24	; 0x03
     7ec:	9c 83       	std	Y+4, r25	; 0x04
     7ee:	2d 83       	std	Y+5, r18	; 0x05
     7f0:	3e 83       	std	Y+6, r19	; 0x06
     7f2:	4f 83       	std	Y+7, r20	; 0x07
     7f4:	58 87       	std	Y+8, r21	; 0x08
     7f6:	89 e0       	ldi	r24, 0x09	; 9
     7f8:	e8 2e       	mov	r14, r24
     7fa:	f1 2c       	mov	r15, r1
     7fc:	ec 0e       	add	r14, r28
     7fe:	fd 1e       	adc	r15, r29
     800:	ce 01       	movw	r24, r28
     802:	01 96       	adiw	r24, 0x01	; 1
     804:	b7 01       	movw	r22, r14
     806:	0e 94 3e 06 	call	0xc7c	; 0xc7c <__unpack_f>
     80a:	8e 01       	movw	r16, r28
     80c:	0f 5e       	subi	r16, 0xEF	; 239
     80e:	1f 4f       	sbci	r17, 0xFF	; 255
     810:	ce 01       	movw	r24, r28
     812:	05 96       	adiw	r24, 0x05	; 5
     814:	b8 01       	movw	r22, r16
     816:	0e 94 3e 06 	call	0xc7c	; 0xc7c <__unpack_f>
     81a:	89 85       	ldd	r24, Y+9	; 0x09
     81c:	82 30       	cpi	r24, 0x02	; 2
     81e:	40 f0       	brcs	.+16     	; 0x830 <__gesf2+0x56>
     820:	89 89       	ldd	r24, Y+17	; 0x11
     822:	82 30       	cpi	r24, 0x02	; 2
     824:	28 f0       	brcs	.+10     	; 0x830 <__gesf2+0x56>
     826:	c7 01       	movw	r24, r14
     828:	b8 01       	movw	r22, r16
     82a:	0e 94 b6 06 	call	0xd6c	; 0xd6c <__fpcmp_parts_f>
     82e:	01 c0       	rjmp	.+2      	; 0x832 <__gesf2+0x58>
     830:	8f ef       	ldi	r24, 0xFF	; 255
     832:	68 96       	adiw	r28, 0x18	; 24
     834:	e6 e0       	ldi	r30, 0x06	; 6
     836:	0c 94 29 12 	jmp	0x2452	; 0x2452 <__epilogue_restores__+0x18>

0000083a <__ltsf2>:
     83a:	a8 e1       	ldi	r26, 0x18	; 24
     83c:	b0 e0       	ldi	r27, 0x00	; 0
     83e:	e3 e2       	ldi	r30, 0x23	; 35
     840:	f4 e0       	ldi	r31, 0x04	; 4
     842:	0c 94 0d 12 	jmp	0x241a	; 0x241a <__prologue_saves__+0x18>
     846:	69 83       	std	Y+1, r22	; 0x01
     848:	7a 83       	std	Y+2, r23	; 0x02
     84a:	8b 83       	std	Y+3, r24	; 0x03
     84c:	9c 83       	std	Y+4, r25	; 0x04
     84e:	2d 83       	std	Y+5, r18	; 0x05
     850:	3e 83       	std	Y+6, r19	; 0x06
     852:	4f 83       	std	Y+7, r20	; 0x07
     854:	58 87       	std	Y+8, r21	; 0x08
     856:	89 e0       	ldi	r24, 0x09	; 9
     858:	e8 2e       	mov	r14, r24
     85a:	f1 2c       	mov	r15, r1
     85c:	ec 0e       	add	r14, r28
     85e:	fd 1e       	adc	r15, r29
     860:	ce 01       	movw	r24, r28
     862:	01 96       	adiw	r24, 0x01	; 1
     864:	b7 01       	movw	r22, r14
     866:	0e 94 3e 06 	call	0xc7c	; 0xc7c <__unpack_f>
     86a:	8e 01       	movw	r16, r28
     86c:	0f 5e       	subi	r16, 0xEF	; 239
     86e:	1f 4f       	sbci	r17, 0xFF	; 255
     870:	ce 01       	movw	r24, r28
     872:	05 96       	adiw	r24, 0x05	; 5
     874:	b8 01       	movw	r22, r16
     876:	0e 94 3e 06 	call	0xc7c	; 0xc7c <__unpack_f>
     87a:	89 85       	ldd	r24, Y+9	; 0x09
     87c:	82 30       	cpi	r24, 0x02	; 2
     87e:	40 f0       	brcs	.+16     	; 0x890 <__stack+0x31>
     880:	89 89       	ldd	r24, Y+17	; 0x11
     882:	82 30       	cpi	r24, 0x02	; 2
     884:	28 f0       	brcs	.+10     	; 0x890 <__stack+0x31>
     886:	c7 01       	movw	r24, r14
     888:	b8 01       	movw	r22, r16
     88a:	0e 94 b6 06 	call	0xd6c	; 0xd6c <__fpcmp_parts_f>
     88e:	01 c0       	rjmp	.+2      	; 0x892 <__stack+0x33>
     890:	81 e0       	ldi	r24, 0x01	; 1
     892:	68 96       	adiw	r28, 0x18	; 24
     894:	e6 e0       	ldi	r30, 0x06	; 6
     896:	0c 94 29 12 	jmp	0x2452	; 0x2452 <__epilogue_restores__+0x18>

0000089a <__fixsfsi>:
     89a:	ac e0       	ldi	r26, 0x0C	; 12
     89c:	b0 e0       	ldi	r27, 0x00	; 0
     89e:	e3 e5       	ldi	r30, 0x53	; 83
     8a0:	f4 e0       	ldi	r31, 0x04	; 4
     8a2:	0c 94 11 12 	jmp	0x2422	; 0x2422 <__prologue_saves__+0x20>
     8a6:	69 83       	std	Y+1, r22	; 0x01
     8a8:	7a 83       	std	Y+2, r23	; 0x02
     8aa:	8b 83       	std	Y+3, r24	; 0x03
     8ac:	9c 83       	std	Y+4, r25	; 0x04
     8ae:	ce 01       	movw	r24, r28
     8b0:	01 96       	adiw	r24, 0x01	; 1
     8b2:	be 01       	movw	r22, r28
     8b4:	6b 5f       	subi	r22, 0xFB	; 251
     8b6:	7f 4f       	sbci	r23, 0xFF	; 255
     8b8:	0e 94 3e 06 	call	0xc7c	; 0xc7c <__unpack_f>
     8bc:	8d 81       	ldd	r24, Y+5	; 0x05
     8be:	82 30       	cpi	r24, 0x02	; 2
     8c0:	61 f1       	breq	.+88     	; 0x91a <__fixsfsi+0x80>
     8c2:	82 30       	cpi	r24, 0x02	; 2
     8c4:	50 f1       	brcs	.+84     	; 0x91a <__fixsfsi+0x80>
     8c6:	84 30       	cpi	r24, 0x04	; 4
     8c8:	21 f4       	brne	.+8      	; 0x8d2 <__fixsfsi+0x38>
     8ca:	8e 81       	ldd	r24, Y+6	; 0x06
     8cc:	88 23       	and	r24, r24
     8ce:	51 f1       	breq	.+84     	; 0x924 <__fixsfsi+0x8a>
     8d0:	2e c0       	rjmp	.+92     	; 0x92e <__fixsfsi+0x94>
     8d2:	2f 81       	ldd	r18, Y+7	; 0x07
     8d4:	38 85       	ldd	r19, Y+8	; 0x08
     8d6:	37 fd       	sbrc	r19, 7
     8d8:	20 c0       	rjmp	.+64     	; 0x91a <__fixsfsi+0x80>
     8da:	6e 81       	ldd	r22, Y+6	; 0x06
     8dc:	2f 31       	cpi	r18, 0x1F	; 31
     8de:	31 05       	cpc	r19, r1
     8e0:	1c f0       	brlt	.+6      	; 0x8e8 <__fixsfsi+0x4e>
     8e2:	66 23       	and	r22, r22
     8e4:	f9 f0       	breq	.+62     	; 0x924 <__fixsfsi+0x8a>
     8e6:	23 c0       	rjmp	.+70     	; 0x92e <__fixsfsi+0x94>
     8e8:	8e e1       	ldi	r24, 0x1E	; 30
     8ea:	90 e0       	ldi	r25, 0x00	; 0
     8ec:	82 1b       	sub	r24, r18
     8ee:	93 0b       	sbc	r25, r19
     8f0:	29 85       	ldd	r18, Y+9	; 0x09
     8f2:	3a 85       	ldd	r19, Y+10	; 0x0a
     8f4:	4b 85       	ldd	r20, Y+11	; 0x0b
     8f6:	5c 85       	ldd	r21, Y+12	; 0x0c
     8f8:	04 c0       	rjmp	.+8      	; 0x902 <__fixsfsi+0x68>
     8fa:	56 95       	lsr	r21
     8fc:	47 95       	ror	r20
     8fe:	37 95       	ror	r19
     900:	27 95       	ror	r18
     902:	8a 95       	dec	r24
     904:	d2 f7       	brpl	.-12     	; 0x8fa <__fixsfsi+0x60>
     906:	66 23       	and	r22, r22
     908:	b1 f0       	breq	.+44     	; 0x936 <__fixsfsi+0x9c>
     90a:	50 95       	com	r21
     90c:	40 95       	com	r20
     90e:	30 95       	com	r19
     910:	21 95       	neg	r18
     912:	3f 4f       	sbci	r19, 0xFF	; 255
     914:	4f 4f       	sbci	r20, 0xFF	; 255
     916:	5f 4f       	sbci	r21, 0xFF	; 255
     918:	0e c0       	rjmp	.+28     	; 0x936 <__fixsfsi+0x9c>
     91a:	20 e0       	ldi	r18, 0x00	; 0
     91c:	30 e0       	ldi	r19, 0x00	; 0
     91e:	40 e0       	ldi	r20, 0x00	; 0
     920:	50 e0       	ldi	r21, 0x00	; 0
     922:	09 c0       	rjmp	.+18     	; 0x936 <__fixsfsi+0x9c>
     924:	2f ef       	ldi	r18, 0xFF	; 255
     926:	3f ef       	ldi	r19, 0xFF	; 255
     928:	4f ef       	ldi	r20, 0xFF	; 255
     92a:	5f e7       	ldi	r21, 0x7F	; 127
     92c:	04 c0       	rjmp	.+8      	; 0x936 <__fixsfsi+0x9c>
     92e:	20 e0       	ldi	r18, 0x00	; 0
     930:	30 e0       	ldi	r19, 0x00	; 0
     932:	40 e0       	ldi	r20, 0x00	; 0
     934:	50 e8       	ldi	r21, 0x80	; 128
     936:	b9 01       	movw	r22, r18
     938:	ca 01       	movw	r24, r20
     93a:	2c 96       	adiw	r28, 0x0c	; 12
     93c:	e2 e0       	ldi	r30, 0x02	; 2
     93e:	0c 94 2d 12 	jmp	0x245a	; 0x245a <__epilogue_restores__+0x20>

00000942 <__floatunsisf>:
     942:	a8 e0       	ldi	r26, 0x08	; 8
     944:	b0 e0       	ldi	r27, 0x00	; 0
     946:	e7 ea       	ldi	r30, 0xA7	; 167
     948:	f4 e0       	ldi	r31, 0x04	; 4
     94a:	0c 94 09 12 	jmp	0x2412	; 0x2412 <__prologue_saves__+0x10>
     94e:	7b 01       	movw	r14, r22
     950:	8c 01       	movw	r16, r24
     952:	61 15       	cp	r22, r1
     954:	71 05       	cpc	r23, r1
     956:	81 05       	cpc	r24, r1
     958:	91 05       	cpc	r25, r1
     95a:	19 f4       	brne	.+6      	; 0x962 <__floatunsisf+0x20>
     95c:	82 e0       	ldi	r24, 0x02	; 2
     95e:	89 83       	std	Y+1, r24	; 0x01
     960:	60 c0       	rjmp	.+192    	; 0xa22 <__floatunsisf+0xe0>
     962:	83 e0       	ldi	r24, 0x03	; 3
     964:	89 83       	std	Y+1, r24	; 0x01
     966:	8e e1       	ldi	r24, 0x1E	; 30
     968:	c8 2e       	mov	r12, r24
     96a:	d1 2c       	mov	r13, r1
     96c:	dc 82       	std	Y+4, r13	; 0x04
     96e:	cb 82       	std	Y+3, r12	; 0x03
     970:	ed 82       	std	Y+5, r14	; 0x05
     972:	fe 82       	std	Y+6, r15	; 0x06
     974:	0f 83       	std	Y+7, r16	; 0x07
     976:	18 87       	std	Y+8, r17	; 0x08
     978:	c8 01       	movw	r24, r16
     97a:	b7 01       	movw	r22, r14
     97c:	0e 94 1a 05 	call	0xa34	; 0xa34 <__clzsi2>
     980:	fc 01       	movw	r30, r24
     982:	31 97       	sbiw	r30, 0x01	; 1
     984:	f7 ff       	sbrs	r31, 7
     986:	3b c0       	rjmp	.+118    	; 0x9fe <__floatunsisf+0xbc>
     988:	22 27       	eor	r18, r18
     98a:	33 27       	eor	r19, r19
     98c:	2e 1b       	sub	r18, r30
     98e:	3f 0b       	sbc	r19, r31
     990:	57 01       	movw	r10, r14
     992:	68 01       	movw	r12, r16
     994:	02 2e       	mov	r0, r18
     996:	04 c0       	rjmp	.+8      	; 0x9a0 <__floatunsisf+0x5e>
     998:	d6 94       	lsr	r13
     99a:	c7 94       	ror	r12
     99c:	b7 94       	ror	r11
     99e:	a7 94       	ror	r10
     9a0:	0a 94       	dec	r0
     9a2:	d2 f7       	brpl	.-12     	; 0x998 <__floatunsisf+0x56>
     9a4:	40 e0       	ldi	r20, 0x00	; 0
     9a6:	50 e0       	ldi	r21, 0x00	; 0
     9a8:	60 e0       	ldi	r22, 0x00	; 0
     9aa:	70 e0       	ldi	r23, 0x00	; 0
     9ac:	81 e0       	ldi	r24, 0x01	; 1
     9ae:	90 e0       	ldi	r25, 0x00	; 0
     9b0:	a0 e0       	ldi	r26, 0x00	; 0
     9b2:	b0 e0       	ldi	r27, 0x00	; 0
     9b4:	04 c0       	rjmp	.+8      	; 0x9be <__floatunsisf+0x7c>
     9b6:	88 0f       	add	r24, r24
     9b8:	99 1f       	adc	r25, r25
     9ba:	aa 1f       	adc	r26, r26
     9bc:	bb 1f       	adc	r27, r27
     9be:	2a 95       	dec	r18
     9c0:	d2 f7       	brpl	.-12     	; 0x9b6 <__floatunsisf+0x74>
     9c2:	01 97       	sbiw	r24, 0x01	; 1
     9c4:	a1 09       	sbc	r26, r1
     9c6:	b1 09       	sbc	r27, r1
     9c8:	8e 21       	and	r24, r14
     9ca:	9f 21       	and	r25, r15
     9cc:	a0 23       	and	r26, r16
     9ce:	b1 23       	and	r27, r17
     9d0:	00 97       	sbiw	r24, 0x00	; 0
     9d2:	a1 05       	cpc	r26, r1
     9d4:	b1 05       	cpc	r27, r1
     9d6:	21 f0       	breq	.+8      	; 0x9e0 <__floatunsisf+0x9e>
     9d8:	41 e0       	ldi	r20, 0x01	; 1
     9da:	50 e0       	ldi	r21, 0x00	; 0
     9dc:	60 e0       	ldi	r22, 0x00	; 0
     9de:	70 e0       	ldi	r23, 0x00	; 0
     9e0:	4a 29       	or	r20, r10
     9e2:	5b 29       	or	r21, r11
     9e4:	6c 29       	or	r22, r12
     9e6:	7d 29       	or	r23, r13
     9e8:	4d 83       	std	Y+5, r20	; 0x05
     9ea:	5e 83       	std	Y+6, r21	; 0x06
     9ec:	6f 83       	std	Y+7, r22	; 0x07
     9ee:	78 87       	std	Y+8, r23	; 0x08
     9f0:	8e e1       	ldi	r24, 0x1E	; 30
     9f2:	90 e0       	ldi	r25, 0x00	; 0
     9f4:	8e 1b       	sub	r24, r30
     9f6:	9f 0b       	sbc	r25, r31
     9f8:	9c 83       	std	Y+4, r25	; 0x04
     9fa:	8b 83       	std	Y+3, r24	; 0x03
     9fc:	12 c0       	rjmp	.+36     	; 0xa22 <__floatunsisf+0xe0>
     9fe:	30 97       	sbiw	r30, 0x00	; 0
     a00:	81 f0       	breq	.+32     	; 0xa22 <__floatunsisf+0xe0>
     a02:	0e 2e       	mov	r0, r30
     a04:	04 c0       	rjmp	.+8      	; 0xa0e <__floatunsisf+0xcc>
     a06:	ee 0c       	add	r14, r14
     a08:	ff 1c       	adc	r15, r15
     a0a:	00 1f       	adc	r16, r16
     a0c:	11 1f       	adc	r17, r17
     a0e:	0a 94       	dec	r0
     a10:	d2 f7       	brpl	.-12     	; 0xa06 <__floatunsisf+0xc4>
     a12:	ed 82       	std	Y+5, r14	; 0x05
     a14:	fe 82       	std	Y+6, r15	; 0x06
     a16:	0f 83       	std	Y+7, r16	; 0x07
     a18:	18 87       	std	Y+8, r17	; 0x08
     a1a:	ce 1a       	sub	r12, r30
     a1c:	df 0a       	sbc	r13, r31
     a1e:	dc 82       	std	Y+4, r13	; 0x04
     a20:	cb 82       	std	Y+3, r12	; 0x03
     a22:	1a 82       	std	Y+2, r1	; 0x02
     a24:	ce 01       	movw	r24, r28
     a26:	01 96       	adiw	r24, 0x01	; 1
     a28:	0e 94 69 05 	call	0xad2	; 0xad2 <__pack_f>
     a2c:	28 96       	adiw	r28, 0x08	; 8
     a2e:	ea e0       	ldi	r30, 0x0A	; 10
     a30:	0c 94 25 12 	jmp	0x244a	; 0x244a <__epilogue_restores__+0x10>

00000a34 <__clzsi2>:
     a34:	ef 92       	push	r14
     a36:	ff 92       	push	r15
     a38:	0f 93       	push	r16
     a3a:	1f 93       	push	r17
     a3c:	7b 01       	movw	r14, r22
     a3e:	8c 01       	movw	r16, r24
     a40:	80 e0       	ldi	r24, 0x00	; 0
     a42:	e8 16       	cp	r14, r24
     a44:	80 e0       	ldi	r24, 0x00	; 0
     a46:	f8 06       	cpc	r15, r24
     a48:	81 e0       	ldi	r24, 0x01	; 1
     a4a:	08 07       	cpc	r16, r24
     a4c:	80 e0       	ldi	r24, 0x00	; 0
     a4e:	18 07       	cpc	r17, r24
     a50:	88 f4       	brcc	.+34     	; 0xa74 <__clzsi2+0x40>
     a52:	8f ef       	ldi	r24, 0xFF	; 255
     a54:	e8 16       	cp	r14, r24
     a56:	f1 04       	cpc	r15, r1
     a58:	01 05       	cpc	r16, r1
     a5a:	11 05       	cpc	r17, r1
     a5c:	31 f0       	breq	.+12     	; 0xa6a <__clzsi2+0x36>
     a5e:	28 f0       	brcs	.+10     	; 0xa6a <__clzsi2+0x36>
     a60:	88 e0       	ldi	r24, 0x08	; 8
     a62:	90 e0       	ldi	r25, 0x00	; 0
     a64:	a0 e0       	ldi	r26, 0x00	; 0
     a66:	b0 e0       	ldi	r27, 0x00	; 0
     a68:	17 c0       	rjmp	.+46     	; 0xa98 <__clzsi2+0x64>
     a6a:	80 e0       	ldi	r24, 0x00	; 0
     a6c:	90 e0       	ldi	r25, 0x00	; 0
     a6e:	a0 e0       	ldi	r26, 0x00	; 0
     a70:	b0 e0       	ldi	r27, 0x00	; 0
     a72:	12 c0       	rjmp	.+36     	; 0xa98 <__clzsi2+0x64>
     a74:	80 e0       	ldi	r24, 0x00	; 0
     a76:	e8 16       	cp	r14, r24
     a78:	80 e0       	ldi	r24, 0x00	; 0
     a7a:	f8 06       	cpc	r15, r24
     a7c:	80 e0       	ldi	r24, 0x00	; 0
     a7e:	08 07       	cpc	r16, r24
     a80:	81 e0       	ldi	r24, 0x01	; 1
     a82:	18 07       	cpc	r17, r24
     a84:	28 f0       	brcs	.+10     	; 0xa90 <__clzsi2+0x5c>
     a86:	88 e1       	ldi	r24, 0x18	; 24
     a88:	90 e0       	ldi	r25, 0x00	; 0
     a8a:	a0 e0       	ldi	r26, 0x00	; 0
     a8c:	b0 e0       	ldi	r27, 0x00	; 0
     a8e:	04 c0       	rjmp	.+8      	; 0xa98 <__clzsi2+0x64>
     a90:	80 e1       	ldi	r24, 0x10	; 16
     a92:	90 e0       	ldi	r25, 0x00	; 0
     a94:	a0 e0       	ldi	r26, 0x00	; 0
     a96:	b0 e0       	ldi	r27, 0x00	; 0
     a98:	20 e2       	ldi	r18, 0x20	; 32
     a9a:	30 e0       	ldi	r19, 0x00	; 0
     a9c:	40 e0       	ldi	r20, 0x00	; 0
     a9e:	50 e0       	ldi	r21, 0x00	; 0
     aa0:	28 1b       	sub	r18, r24
     aa2:	39 0b       	sbc	r19, r25
     aa4:	4a 0b       	sbc	r20, r26
     aa6:	5b 0b       	sbc	r21, r27
     aa8:	04 c0       	rjmp	.+8      	; 0xab2 <__clzsi2+0x7e>
     aaa:	16 95       	lsr	r17
     aac:	07 95       	ror	r16
     aae:	f7 94       	ror	r15
     ab0:	e7 94       	ror	r14
     ab2:	8a 95       	dec	r24
     ab4:	d2 f7       	brpl	.-12     	; 0xaaa <__clzsi2+0x76>
     ab6:	f7 01       	movw	r30, r14
     ab8:	e4 57       	subi	r30, 0x74	; 116
     aba:	ff 4f       	sbci	r31, 0xFF	; 255
     abc:	80 81       	ld	r24, Z
     abe:	28 1b       	sub	r18, r24
     ac0:	31 09       	sbc	r19, r1
     ac2:	41 09       	sbc	r20, r1
     ac4:	51 09       	sbc	r21, r1
     ac6:	c9 01       	movw	r24, r18
     ac8:	1f 91       	pop	r17
     aca:	0f 91       	pop	r16
     acc:	ff 90       	pop	r15
     ace:	ef 90       	pop	r14
     ad0:	08 95       	ret

00000ad2 <__pack_f>:
     ad2:	df 92       	push	r13
     ad4:	ef 92       	push	r14
     ad6:	ff 92       	push	r15
     ad8:	0f 93       	push	r16
     ada:	1f 93       	push	r17
     adc:	fc 01       	movw	r30, r24
     ade:	e4 80       	ldd	r14, Z+4	; 0x04
     ae0:	f5 80       	ldd	r15, Z+5	; 0x05
     ae2:	06 81       	ldd	r16, Z+6	; 0x06
     ae4:	17 81       	ldd	r17, Z+7	; 0x07
     ae6:	d1 80       	ldd	r13, Z+1	; 0x01
     ae8:	80 81       	ld	r24, Z
     aea:	82 30       	cpi	r24, 0x02	; 2
     aec:	48 f4       	brcc	.+18     	; 0xb00 <__pack_f+0x2e>
     aee:	80 e0       	ldi	r24, 0x00	; 0
     af0:	90 e0       	ldi	r25, 0x00	; 0
     af2:	a0 e1       	ldi	r26, 0x10	; 16
     af4:	b0 e0       	ldi	r27, 0x00	; 0
     af6:	e8 2a       	or	r14, r24
     af8:	f9 2a       	or	r15, r25
     afa:	0a 2b       	or	r16, r26
     afc:	1b 2b       	or	r17, r27
     afe:	a5 c0       	rjmp	.+330    	; 0xc4a <__pack_f+0x178>
     b00:	84 30       	cpi	r24, 0x04	; 4
     b02:	09 f4       	brne	.+2      	; 0xb06 <__pack_f+0x34>
     b04:	9f c0       	rjmp	.+318    	; 0xc44 <__pack_f+0x172>
     b06:	82 30       	cpi	r24, 0x02	; 2
     b08:	21 f4       	brne	.+8      	; 0xb12 <__pack_f+0x40>
     b0a:	ee 24       	eor	r14, r14
     b0c:	ff 24       	eor	r15, r15
     b0e:	87 01       	movw	r16, r14
     b10:	05 c0       	rjmp	.+10     	; 0xb1c <__pack_f+0x4a>
     b12:	e1 14       	cp	r14, r1
     b14:	f1 04       	cpc	r15, r1
     b16:	01 05       	cpc	r16, r1
     b18:	11 05       	cpc	r17, r1
     b1a:	19 f4       	brne	.+6      	; 0xb22 <__pack_f+0x50>
     b1c:	e0 e0       	ldi	r30, 0x00	; 0
     b1e:	f0 e0       	ldi	r31, 0x00	; 0
     b20:	96 c0       	rjmp	.+300    	; 0xc4e <__pack_f+0x17c>
     b22:	62 81       	ldd	r22, Z+2	; 0x02
     b24:	73 81       	ldd	r23, Z+3	; 0x03
     b26:	9f ef       	ldi	r25, 0xFF	; 255
     b28:	62 38       	cpi	r22, 0x82	; 130
     b2a:	79 07       	cpc	r23, r25
     b2c:	0c f0       	brlt	.+2      	; 0xb30 <__pack_f+0x5e>
     b2e:	5b c0       	rjmp	.+182    	; 0xbe6 <__pack_f+0x114>
     b30:	22 e8       	ldi	r18, 0x82	; 130
     b32:	3f ef       	ldi	r19, 0xFF	; 255
     b34:	26 1b       	sub	r18, r22
     b36:	37 0b       	sbc	r19, r23
     b38:	2a 31       	cpi	r18, 0x1A	; 26
     b3a:	31 05       	cpc	r19, r1
     b3c:	2c f0       	brlt	.+10     	; 0xb48 <__pack_f+0x76>
     b3e:	20 e0       	ldi	r18, 0x00	; 0
     b40:	30 e0       	ldi	r19, 0x00	; 0
     b42:	40 e0       	ldi	r20, 0x00	; 0
     b44:	50 e0       	ldi	r21, 0x00	; 0
     b46:	2a c0       	rjmp	.+84     	; 0xb9c <__pack_f+0xca>
     b48:	b8 01       	movw	r22, r16
     b4a:	a7 01       	movw	r20, r14
     b4c:	02 2e       	mov	r0, r18
     b4e:	04 c0       	rjmp	.+8      	; 0xb58 <__pack_f+0x86>
     b50:	76 95       	lsr	r23
     b52:	67 95       	ror	r22
     b54:	57 95       	ror	r21
     b56:	47 95       	ror	r20
     b58:	0a 94       	dec	r0
     b5a:	d2 f7       	brpl	.-12     	; 0xb50 <__pack_f+0x7e>
     b5c:	81 e0       	ldi	r24, 0x01	; 1
     b5e:	90 e0       	ldi	r25, 0x00	; 0
     b60:	a0 e0       	ldi	r26, 0x00	; 0
     b62:	b0 e0       	ldi	r27, 0x00	; 0
     b64:	04 c0       	rjmp	.+8      	; 0xb6e <__pack_f+0x9c>
     b66:	88 0f       	add	r24, r24
     b68:	99 1f       	adc	r25, r25
     b6a:	aa 1f       	adc	r26, r26
     b6c:	bb 1f       	adc	r27, r27
     b6e:	2a 95       	dec	r18
     b70:	d2 f7       	brpl	.-12     	; 0xb66 <__pack_f+0x94>
     b72:	01 97       	sbiw	r24, 0x01	; 1
     b74:	a1 09       	sbc	r26, r1
     b76:	b1 09       	sbc	r27, r1
     b78:	8e 21       	and	r24, r14
     b7a:	9f 21       	and	r25, r15
     b7c:	a0 23       	and	r26, r16
     b7e:	b1 23       	and	r27, r17
     b80:	00 97       	sbiw	r24, 0x00	; 0
     b82:	a1 05       	cpc	r26, r1
     b84:	b1 05       	cpc	r27, r1
     b86:	21 f0       	breq	.+8      	; 0xb90 <__pack_f+0xbe>
     b88:	81 e0       	ldi	r24, 0x01	; 1
     b8a:	90 e0       	ldi	r25, 0x00	; 0
     b8c:	a0 e0       	ldi	r26, 0x00	; 0
     b8e:	b0 e0       	ldi	r27, 0x00	; 0
     b90:	9a 01       	movw	r18, r20
     b92:	ab 01       	movw	r20, r22
     b94:	28 2b       	or	r18, r24
     b96:	39 2b       	or	r19, r25
     b98:	4a 2b       	or	r20, r26
     b9a:	5b 2b       	or	r21, r27
     b9c:	da 01       	movw	r26, r20
     b9e:	c9 01       	movw	r24, r18
     ba0:	8f 77       	andi	r24, 0x7F	; 127
     ba2:	90 70       	andi	r25, 0x00	; 0
     ba4:	a0 70       	andi	r26, 0x00	; 0
     ba6:	b0 70       	andi	r27, 0x00	; 0
     ba8:	80 34       	cpi	r24, 0x40	; 64
     baa:	91 05       	cpc	r25, r1
     bac:	a1 05       	cpc	r26, r1
     bae:	b1 05       	cpc	r27, r1
     bb0:	39 f4       	brne	.+14     	; 0xbc0 <__pack_f+0xee>
     bb2:	27 ff       	sbrs	r18, 7
     bb4:	09 c0       	rjmp	.+18     	; 0xbc8 <__pack_f+0xf6>
     bb6:	20 5c       	subi	r18, 0xC0	; 192
     bb8:	3f 4f       	sbci	r19, 0xFF	; 255
     bba:	4f 4f       	sbci	r20, 0xFF	; 255
     bbc:	5f 4f       	sbci	r21, 0xFF	; 255
     bbe:	04 c0       	rjmp	.+8      	; 0xbc8 <__pack_f+0xf6>
     bc0:	21 5c       	subi	r18, 0xC1	; 193
     bc2:	3f 4f       	sbci	r19, 0xFF	; 255
     bc4:	4f 4f       	sbci	r20, 0xFF	; 255
     bc6:	5f 4f       	sbci	r21, 0xFF	; 255
     bc8:	e0 e0       	ldi	r30, 0x00	; 0
     bca:	f0 e0       	ldi	r31, 0x00	; 0
     bcc:	20 30       	cpi	r18, 0x00	; 0
     bce:	a0 e0       	ldi	r26, 0x00	; 0
     bd0:	3a 07       	cpc	r19, r26
     bd2:	a0 e0       	ldi	r26, 0x00	; 0
     bd4:	4a 07       	cpc	r20, r26
     bd6:	a0 e4       	ldi	r26, 0x40	; 64
     bd8:	5a 07       	cpc	r21, r26
     bda:	10 f0       	brcs	.+4      	; 0xbe0 <__pack_f+0x10e>
     bdc:	e1 e0       	ldi	r30, 0x01	; 1
     bde:	f0 e0       	ldi	r31, 0x00	; 0
     be0:	79 01       	movw	r14, r18
     be2:	8a 01       	movw	r16, r20
     be4:	27 c0       	rjmp	.+78     	; 0xc34 <__pack_f+0x162>
     be6:	60 38       	cpi	r22, 0x80	; 128
     be8:	71 05       	cpc	r23, r1
     bea:	64 f5       	brge	.+88     	; 0xc44 <__pack_f+0x172>
     bec:	fb 01       	movw	r30, r22
     bee:	e1 58       	subi	r30, 0x81	; 129
     bf0:	ff 4f       	sbci	r31, 0xFF	; 255
     bf2:	d8 01       	movw	r26, r16
     bf4:	c7 01       	movw	r24, r14
     bf6:	8f 77       	andi	r24, 0x7F	; 127
     bf8:	90 70       	andi	r25, 0x00	; 0
     bfa:	a0 70       	andi	r26, 0x00	; 0
     bfc:	b0 70       	andi	r27, 0x00	; 0
     bfe:	80 34       	cpi	r24, 0x40	; 64
     c00:	91 05       	cpc	r25, r1
     c02:	a1 05       	cpc	r26, r1
     c04:	b1 05       	cpc	r27, r1
     c06:	39 f4       	brne	.+14     	; 0xc16 <__pack_f+0x144>
     c08:	e7 fe       	sbrs	r14, 7
     c0a:	0d c0       	rjmp	.+26     	; 0xc26 <__pack_f+0x154>
     c0c:	80 e4       	ldi	r24, 0x40	; 64
     c0e:	90 e0       	ldi	r25, 0x00	; 0
     c10:	a0 e0       	ldi	r26, 0x00	; 0
     c12:	b0 e0       	ldi	r27, 0x00	; 0
     c14:	04 c0       	rjmp	.+8      	; 0xc1e <__pack_f+0x14c>
     c16:	8f e3       	ldi	r24, 0x3F	; 63
     c18:	90 e0       	ldi	r25, 0x00	; 0
     c1a:	a0 e0       	ldi	r26, 0x00	; 0
     c1c:	b0 e0       	ldi	r27, 0x00	; 0
     c1e:	e8 0e       	add	r14, r24
     c20:	f9 1e       	adc	r15, r25
     c22:	0a 1f       	adc	r16, r26
     c24:	1b 1f       	adc	r17, r27
     c26:	17 ff       	sbrs	r17, 7
     c28:	05 c0       	rjmp	.+10     	; 0xc34 <__pack_f+0x162>
     c2a:	16 95       	lsr	r17
     c2c:	07 95       	ror	r16
     c2e:	f7 94       	ror	r15
     c30:	e7 94       	ror	r14
     c32:	31 96       	adiw	r30, 0x01	; 1
     c34:	87 e0       	ldi	r24, 0x07	; 7
     c36:	16 95       	lsr	r17
     c38:	07 95       	ror	r16
     c3a:	f7 94       	ror	r15
     c3c:	e7 94       	ror	r14
     c3e:	8a 95       	dec	r24
     c40:	d1 f7       	brne	.-12     	; 0xc36 <__pack_f+0x164>
     c42:	05 c0       	rjmp	.+10     	; 0xc4e <__pack_f+0x17c>
     c44:	ee 24       	eor	r14, r14
     c46:	ff 24       	eor	r15, r15
     c48:	87 01       	movw	r16, r14
     c4a:	ef ef       	ldi	r30, 0xFF	; 255
     c4c:	f0 e0       	ldi	r31, 0x00	; 0
     c4e:	6e 2f       	mov	r22, r30
     c50:	67 95       	ror	r22
     c52:	66 27       	eor	r22, r22
     c54:	67 95       	ror	r22
     c56:	90 2f       	mov	r25, r16
     c58:	9f 77       	andi	r25, 0x7F	; 127
     c5a:	d7 94       	ror	r13
     c5c:	dd 24       	eor	r13, r13
     c5e:	d7 94       	ror	r13
     c60:	8e 2f       	mov	r24, r30
     c62:	86 95       	lsr	r24
     c64:	49 2f       	mov	r20, r25
     c66:	46 2b       	or	r20, r22
     c68:	58 2f       	mov	r21, r24
     c6a:	5d 29       	or	r21, r13
     c6c:	b7 01       	movw	r22, r14
     c6e:	ca 01       	movw	r24, r20
     c70:	1f 91       	pop	r17
     c72:	0f 91       	pop	r16
     c74:	ff 90       	pop	r15
     c76:	ef 90       	pop	r14
     c78:	df 90       	pop	r13
     c7a:	08 95       	ret

00000c7c <__unpack_f>:
     c7c:	fc 01       	movw	r30, r24
     c7e:	db 01       	movw	r26, r22
     c80:	40 81       	ld	r20, Z
     c82:	51 81       	ldd	r21, Z+1	; 0x01
     c84:	22 81       	ldd	r18, Z+2	; 0x02
     c86:	62 2f       	mov	r22, r18
     c88:	6f 77       	andi	r22, 0x7F	; 127
     c8a:	70 e0       	ldi	r23, 0x00	; 0
     c8c:	22 1f       	adc	r18, r18
     c8e:	22 27       	eor	r18, r18
     c90:	22 1f       	adc	r18, r18
     c92:	93 81       	ldd	r25, Z+3	; 0x03
     c94:	89 2f       	mov	r24, r25
     c96:	88 0f       	add	r24, r24
     c98:	82 2b       	or	r24, r18
     c9a:	28 2f       	mov	r18, r24
     c9c:	30 e0       	ldi	r19, 0x00	; 0
     c9e:	99 1f       	adc	r25, r25
     ca0:	99 27       	eor	r25, r25
     ca2:	99 1f       	adc	r25, r25
     ca4:	11 96       	adiw	r26, 0x01	; 1
     ca6:	9c 93       	st	X, r25
     ca8:	11 97       	sbiw	r26, 0x01	; 1
     caa:	21 15       	cp	r18, r1
     cac:	31 05       	cpc	r19, r1
     cae:	a9 f5       	brne	.+106    	; 0xd1a <__unpack_f+0x9e>
     cb0:	41 15       	cp	r20, r1
     cb2:	51 05       	cpc	r21, r1
     cb4:	61 05       	cpc	r22, r1
     cb6:	71 05       	cpc	r23, r1
     cb8:	11 f4       	brne	.+4      	; 0xcbe <__unpack_f+0x42>
     cba:	82 e0       	ldi	r24, 0x02	; 2
     cbc:	37 c0       	rjmp	.+110    	; 0xd2c <__unpack_f+0xb0>
     cbe:	82 e8       	ldi	r24, 0x82	; 130
     cc0:	9f ef       	ldi	r25, 0xFF	; 255
     cc2:	13 96       	adiw	r26, 0x03	; 3
     cc4:	9c 93       	st	X, r25
     cc6:	8e 93       	st	-X, r24
     cc8:	12 97       	sbiw	r26, 0x02	; 2
     cca:	9a 01       	movw	r18, r20
     ccc:	ab 01       	movw	r20, r22
     cce:	67 e0       	ldi	r22, 0x07	; 7
     cd0:	22 0f       	add	r18, r18
     cd2:	33 1f       	adc	r19, r19
     cd4:	44 1f       	adc	r20, r20
     cd6:	55 1f       	adc	r21, r21
     cd8:	6a 95       	dec	r22
     cda:	d1 f7       	brne	.-12     	; 0xcd0 <__unpack_f+0x54>
     cdc:	83 e0       	ldi	r24, 0x03	; 3
     cde:	8c 93       	st	X, r24
     ce0:	0d c0       	rjmp	.+26     	; 0xcfc <__unpack_f+0x80>
     ce2:	22 0f       	add	r18, r18
     ce4:	33 1f       	adc	r19, r19
     ce6:	44 1f       	adc	r20, r20
     ce8:	55 1f       	adc	r21, r21
     cea:	12 96       	adiw	r26, 0x02	; 2
     cec:	8d 91       	ld	r24, X+
     cee:	9c 91       	ld	r25, X
     cf0:	13 97       	sbiw	r26, 0x03	; 3
     cf2:	01 97       	sbiw	r24, 0x01	; 1
     cf4:	13 96       	adiw	r26, 0x03	; 3
     cf6:	9c 93       	st	X, r25
     cf8:	8e 93       	st	-X, r24
     cfa:	12 97       	sbiw	r26, 0x02	; 2
     cfc:	20 30       	cpi	r18, 0x00	; 0
     cfe:	80 e0       	ldi	r24, 0x00	; 0
     d00:	38 07       	cpc	r19, r24
     d02:	80 e0       	ldi	r24, 0x00	; 0
     d04:	48 07       	cpc	r20, r24
     d06:	80 e4       	ldi	r24, 0x40	; 64
     d08:	58 07       	cpc	r21, r24
     d0a:	58 f3       	brcs	.-42     	; 0xce2 <__unpack_f+0x66>
     d0c:	14 96       	adiw	r26, 0x04	; 4
     d0e:	2d 93       	st	X+, r18
     d10:	3d 93       	st	X+, r19
     d12:	4d 93       	st	X+, r20
     d14:	5c 93       	st	X, r21
     d16:	17 97       	sbiw	r26, 0x07	; 7
     d18:	08 95       	ret
     d1a:	2f 3f       	cpi	r18, 0xFF	; 255
     d1c:	31 05       	cpc	r19, r1
     d1e:	79 f4       	brne	.+30     	; 0xd3e <__unpack_f+0xc2>
     d20:	41 15       	cp	r20, r1
     d22:	51 05       	cpc	r21, r1
     d24:	61 05       	cpc	r22, r1
     d26:	71 05       	cpc	r23, r1
     d28:	19 f4       	brne	.+6      	; 0xd30 <__unpack_f+0xb4>
     d2a:	84 e0       	ldi	r24, 0x04	; 4
     d2c:	8c 93       	st	X, r24
     d2e:	08 95       	ret
     d30:	64 ff       	sbrs	r22, 4
     d32:	03 c0       	rjmp	.+6      	; 0xd3a <__unpack_f+0xbe>
     d34:	81 e0       	ldi	r24, 0x01	; 1
     d36:	8c 93       	st	X, r24
     d38:	12 c0       	rjmp	.+36     	; 0xd5e <__unpack_f+0xe2>
     d3a:	1c 92       	st	X, r1
     d3c:	10 c0       	rjmp	.+32     	; 0xd5e <__unpack_f+0xe2>
     d3e:	2f 57       	subi	r18, 0x7F	; 127
     d40:	30 40       	sbci	r19, 0x00	; 0
     d42:	13 96       	adiw	r26, 0x03	; 3
     d44:	3c 93       	st	X, r19
     d46:	2e 93       	st	-X, r18
     d48:	12 97       	sbiw	r26, 0x02	; 2
     d4a:	83 e0       	ldi	r24, 0x03	; 3
     d4c:	8c 93       	st	X, r24
     d4e:	87 e0       	ldi	r24, 0x07	; 7
     d50:	44 0f       	add	r20, r20
     d52:	55 1f       	adc	r21, r21
     d54:	66 1f       	adc	r22, r22
     d56:	77 1f       	adc	r23, r23
     d58:	8a 95       	dec	r24
     d5a:	d1 f7       	brne	.-12     	; 0xd50 <__unpack_f+0xd4>
     d5c:	70 64       	ori	r23, 0x40	; 64
     d5e:	14 96       	adiw	r26, 0x04	; 4
     d60:	4d 93       	st	X+, r20
     d62:	5d 93       	st	X+, r21
     d64:	6d 93       	st	X+, r22
     d66:	7c 93       	st	X, r23
     d68:	17 97       	sbiw	r26, 0x07	; 7
     d6a:	08 95       	ret

00000d6c <__fpcmp_parts_f>:
     d6c:	1f 93       	push	r17
     d6e:	dc 01       	movw	r26, r24
     d70:	fb 01       	movw	r30, r22
     d72:	9c 91       	ld	r25, X
     d74:	92 30       	cpi	r25, 0x02	; 2
     d76:	08 f4       	brcc	.+2      	; 0xd7a <__fpcmp_parts_f+0xe>
     d78:	47 c0       	rjmp	.+142    	; 0xe08 <__fpcmp_parts_f+0x9c>
     d7a:	80 81       	ld	r24, Z
     d7c:	82 30       	cpi	r24, 0x02	; 2
     d7e:	08 f4       	brcc	.+2      	; 0xd82 <__fpcmp_parts_f+0x16>
     d80:	43 c0       	rjmp	.+134    	; 0xe08 <__fpcmp_parts_f+0x9c>
     d82:	94 30       	cpi	r25, 0x04	; 4
     d84:	51 f4       	brne	.+20     	; 0xd9a <__fpcmp_parts_f+0x2e>
     d86:	11 96       	adiw	r26, 0x01	; 1
     d88:	1c 91       	ld	r17, X
     d8a:	84 30       	cpi	r24, 0x04	; 4
     d8c:	99 f5       	brne	.+102    	; 0xdf4 <__fpcmp_parts_f+0x88>
     d8e:	81 81       	ldd	r24, Z+1	; 0x01
     d90:	68 2f       	mov	r22, r24
     d92:	70 e0       	ldi	r23, 0x00	; 0
     d94:	61 1b       	sub	r22, r17
     d96:	71 09       	sbc	r23, r1
     d98:	3f c0       	rjmp	.+126    	; 0xe18 <__fpcmp_parts_f+0xac>
     d9a:	84 30       	cpi	r24, 0x04	; 4
     d9c:	21 f0       	breq	.+8      	; 0xda6 <__fpcmp_parts_f+0x3a>
     d9e:	92 30       	cpi	r25, 0x02	; 2
     da0:	31 f4       	brne	.+12     	; 0xdae <__fpcmp_parts_f+0x42>
     da2:	82 30       	cpi	r24, 0x02	; 2
     da4:	b9 f1       	breq	.+110    	; 0xe14 <__fpcmp_parts_f+0xa8>
     da6:	81 81       	ldd	r24, Z+1	; 0x01
     da8:	88 23       	and	r24, r24
     daa:	89 f1       	breq	.+98     	; 0xe0e <__fpcmp_parts_f+0xa2>
     dac:	2d c0       	rjmp	.+90     	; 0xe08 <__fpcmp_parts_f+0x9c>
     dae:	11 96       	adiw	r26, 0x01	; 1
     db0:	1c 91       	ld	r17, X
     db2:	11 97       	sbiw	r26, 0x01	; 1
     db4:	82 30       	cpi	r24, 0x02	; 2
     db6:	f1 f0       	breq	.+60     	; 0xdf4 <__fpcmp_parts_f+0x88>
     db8:	81 81       	ldd	r24, Z+1	; 0x01
     dba:	18 17       	cp	r17, r24
     dbc:	d9 f4       	brne	.+54     	; 0xdf4 <__fpcmp_parts_f+0x88>
     dbe:	12 96       	adiw	r26, 0x02	; 2
     dc0:	2d 91       	ld	r18, X+
     dc2:	3c 91       	ld	r19, X
     dc4:	13 97       	sbiw	r26, 0x03	; 3
     dc6:	82 81       	ldd	r24, Z+2	; 0x02
     dc8:	93 81       	ldd	r25, Z+3	; 0x03
     dca:	82 17       	cp	r24, r18
     dcc:	93 07       	cpc	r25, r19
     dce:	94 f0       	brlt	.+36     	; 0xdf4 <__fpcmp_parts_f+0x88>
     dd0:	28 17       	cp	r18, r24
     dd2:	39 07       	cpc	r19, r25
     dd4:	bc f0       	brlt	.+46     	; 0xe04 <__fpcmp_parts_f+0x98>
     dd6:	14 96       	adiw	r26, 0x04	; 4
     dd8:	8d 91       	ld	r24, X+
     dda:	9d 91       	ld	r25, X+
     ddc:	0d 90       	ld	r0, X+
     dde:	bc 91       	ld	r27, X
     de0:	a0 2d       	mov	r26, r0
     de2:	24 81       	ldd	r18, Z+4	; 0x04
     de4:	35 81       	ldd	r19, Z+5	; 0x05
     de6:	46 81       	ldd	r20, Z+6	; 0x06
     de8:	57 81       	ldd	r21, Z+7	; 0x07
     dea:	28 17       	cp	r18, r24
     dec:	39 07       	cpc	r19, r25
     dee:	4a 07       	cpc	r20, r26
     df0:	5b 07       	cpc	r21, r27
     df2:	18 f4       	brcc	.+6      	; 0xdfa <__fpcmp_parts_f+0x8e>
     df4:	11 23       	and	r17, r17
     df6:	41 f0       	breq	.+16     	; 0xe08 <__fpcmp_parts_f+0x9c>
     df8:	0a c0       	rjmp	.+20     	; 0xe0e <__fpcmp_parts_f+0xa2>
     dfa:	82 17       	cp	r24, r18
     dfc:	93 07       	cpc	r25, r19
     dfe:	a4 07       	cpc	r26, r20
     e00:	b5 07       	cpc	r27, r21
     e02:	40 f4       	brcc	.+16     	; 0xe14 <__fpcmp_parts_f+0xa8>
     e04:	11 23       	and	r17, r17
     e06:	19 f0       	breq	.+6      	; 0xe0e <__fpcmp_parts_f+0xa2>
     e08:	61 e0       	ldi	r22, 0x01	; 1
     e0a:	70 e0       	ldi	r23, 0x00	; 0
     e0c:	05 c0       	rjmp	.+10     	; 0xe18 <__fpcmp_parts_f+0xac>
     e0e:	6f ef       	ldi	r22, 0xFF	; 255
     e10:	7f ef       	ldi	r23, 0xFF	; 255
     e12:	02 c0       	rjmp	.+4      	; 0xe18 <__fpcmp_parts_f+0xac>
     e14:	60 e0       	ldi	r22, 0x00	; 0
     e16:	70 e0       	ldi	r23, 0x00	; 0
     e18:	cb 01       	movw	r24, r22
     e1a:	1f 91       	pop	r17
     e1c:	08 95       	ret

00000e1e <DcMotor_Init>:
#include "DC_Motor.h"
#include "Timer0_PWM.h"
#include "gpio.h"


void DcMotor_Init(void){
     e1e:	df 93       	push	r29
     e20:	cf 93       	push	r28
     e22:	cd b7       	in	r28, 0x3d	; 61
     e24:	de b7       	in	r29, 0x3e	; 62
	/* configure pin PC0 and PC1 as output pins */
	GPIO_setupPinDirection(Port_IN1, IN1, PIN_OUTPUT);
     e26:	81 e0       	ldi	r24, 0x01	; 1
     e28:	60 e0       	ldi	r22, 0x00	; 0
     e2a:	41 e0       	ldi	r20, 0x01	; 1
     e2c:	0e 94 0d 08 	call	0x101a	; 0x101a <GPIO_setupPinDirection>
	GPIO_setupPinDirection(Port_IN2, IN2, PIN_OUTPUT);
     e30:	81 e0       	ldi	r24, 0x01	; 1
     e32:	61 e0       	ldi	r22, 0x01	; 1
     e34:	41 e0       	ldi	r20, 0x01	; 1
     e36:	0e 94 0d 08 	call	0x101a	; 0x101a <GPIO_setupPinDirection>

	/* Motor is stop at the beginning */
	GPIO_writePin(Port_IN1, IN1, LOGIC_LOW);
     e3a:	81 e0       	ldi	r24, 0x01	; 1
     e3c:	60 e0       	ldi	r22, 0x00	; 0
     e3e:	40 e0       	ldi	r20, 0x00	; 0
     e40:	0e 94 f8 08 	call	0x11f0	; 0x11f0 <GPIO_writePin>
	GPIO_writePin(Port_IN2, IN2, LOGIC_LOW);
     e44:	81 e0       	ldi	r24, 0x01	; 1
     e46:	61 e0       	ldi	r22, 0x01	; 1
     e48:	40 e0       	ldi	r20, 0x00	; 0
     e4a:	0e 94 f8 08 	call	0x11f0	; 0x11f0 <GPIO_writePin>

}
     e4e:	cf 91       	pop	r28
     e50:	df 91       	pop	r29
     e52:	08 95       	ret

00000e54 <DcMotor_Rotate>:


void DcMotor_Rotate(DcMotor_State state,uint8 speed){
     e54:	df 93       	push	r29
     e56:	cf 93       	push	r28
     e58:	00 d0       	rcall	.+0      	; 0xe5a <DcMotor_Rotate+0x6>
     e5a:	00 d0       	rcall	.+0      	; 0xe5c <DcMotor_Rotate+0x8>
     e5c:	cd b7       	in	r28, 0x3d	; 61
     e5e:	de b7       	in	r29, 0x3e	; 62
     e60:	89 83       	std	Y+1, r24	; 0x01
     e62:	6a 83       	std	Y+2, r22	; 0x02

	/* generate duty cycle as [duty cycle = (speed/100) *255]
	 * to change the motor speed based on a given percentage
	 */
	PWM_Timer0_Start((uint8)((speed*255)/100));
     e64:	8a 81       	ldd	r24, Y+2	; 0x02
     e66:	48 2f       	mov	r20, r24
     e68:	50 e0       	ldi	r21, 0x00	; 0
     e6a:	ca 01       	movw	r24, r20
     e6c:	9c 01       	movw	r18, r24
     e6e:	22 0f       	add	r18, r18
     e70:	33 1f       	adc	r19, r19
     e72:	c9 01       	movw	r24, r18
     e74:	96 95       	lsr	r25
     e76:	98 2f       	mov	r25, r24
     e78:	88 27       	eor	r24, r24
     e7a:	97 95       	ror	r25
     e7c:	87 95       	ror	r24
     e7e:	82 1b       	sub	r24, r18
     e80:	93 0b       	sbc	r25, r19
     e82:	84 0f       	add	r24, r20
     e84:	95 1f       	adc	r25, r21
     e86:	24 e6       	ldi	r18, 0x64	; 100
     e88:	30 e0       	ldi	r19, 0x00	; 0
     e8a:	b9 01       	movw	r22, r18
     e8c:	0e 94 da 11 	call	0x23b4	; 0x23b4 <__divmodhi4>
     e90:	cb 01       	movw	r24, r22
     e92:	0e 94 85 07 	call	0xf0a	; 0xf0a <PWM_Timer0_Start>
	/*choose the motor state and direction*/
	switch (state){
     e96:	89 81       	ldd	r24, Y+1	; 0x01
     e98:	28 2f       	mov	r18, r24
     e9a:	30 e0       	ldi	r19, 0x00	; 0
     e9c:	3c 83       	std	Y+4, r19	; 0x04
     e9e:	2b 83       	std	Y+3, r18	; 0x03
     ea0:	8b 81       	ldd	r24, Y+3	; 0x03
     ea2:	9c 81       	ldd	r25, Y+4	; 0x04
     ea4:	81 30       	cpi	r24, 0x01	; 1
     ea6:	91 05       	cpc	r25, r1
     ea8:	a1 f0       	breq	.+40     	; 0xed2 <DcMotor_Rotate+0x7e>
     eaa:	2b 81       	ldd	r18, Y+3	; 0x03
     eac:	3c 81       	ldd	r19, Y+4	; 0x04
     eae:	22 30       	cpi	r18, 0x02	; 2
     eb0:	31 05       	cpc	r19, r1
     eb2:	d1 f0       	breq	.+52     	; 0xee8 <DcMotor_Rotate+0x94>
     eb4:	8b 81       	ldd	r24, Y+3	; 0x03
     eb6:	9c 81       	ldd	r25, Y+4	; 0x04
     eb8:	00 97       	sbiw	r24, 0x00	; 0
     eba:	01 f5       	brne	.+64     	; 0xefc <DcMotor_Rotate+0xa8>
	case CW:             // Rotate the motor --> clock wise
		GPIO_writePin(Port_IN1, IN1, LOGIC_LOW);
     ebc:	81 e0       	ldi	r24, 0x01	; 1
     ebe:	60 e0       	ldi	r22, 0x00	; 0
     ec0:	40 e0       	ldi	r20, 0x00	; 0
     ec2:	0e 94 f8 08 	call	0x11f0	; 0x11f0 <GPIO_writePin>
		GPIO_writePin(Port_IN2, IN2, LOGIC_HIGH);
     ec6:	81 e0       	ldi	r24, 0x01	; 1
     ec8:	61 e0       	ldi	r22, 0x01	; 1
     eca:	41 e0       	ldi	r20, 0x01	; 1
     ecc:	0e 94 f8 08 	call	0x11f0	; 0x11f0 <GPIO_writePin>
     ed0:	15 c0       	rjmp	.+42     	; 0xefc <DcMotor_Rotate+0xa8>
		break;
	case A_CW:           // Rotate the motor --> anti-clock wise
		GPIO_writePin(Port_IN1, IN1, LOGIC_HIGH);
     ed2:	81 e0       	ldi	r24, 0x01	; 1
     ed4:	60 e0       	ldi	r22, 0x00	; 0
     ed6:	41 e0       	ldi	r20, 0x01	; 1
     ed8:	0e 94 f8 08 	call	0x11f0	; 0x11f0 <GPIO_writePin>
		GPIO_writePin(Port_IN2, IN2, LOGIC_LOW);
     edc:	81 e0       	ldi	r24, 0x01	; 1
     ede:	61 e0       	ldi	r22, 0x01	; 1
     ee0:	40 e0       	ldi	r20, 0x00	; 0
     ee2:	0e 94 f8 08 	call	0x11f0	; 0x11f0 <GPIO_writePin>
     ee6:	0a c0       	rjmp	.+20     	; 0xefc <DcMotor_Rotate+0xa8>
		break;
	case stop:          // Stop the motor
		GPIO_writePin(Port_IN1, IN1, LOGIC_LOW);
     ee8:	81 e0       	ldi	r24, 0x01	; 1
     eea:	60 e0       	ldi	r22, 0x00	; 0
     eec:	40 e0       	ldi	r20, 0x00	; 0
     eee:	0e 94 f8 08 	call	0x11f0	; 0x11f0 <GPIO_writePin>
		GPIO_writePin(Port_IN2, IN2, LOGIC_LOW);
     ef2:	81 e0       	ldi	r24, 0x01	; 1
     ef4:	61 e0       	ldi	r22, 0x01	; 1
     ef6:	40 e0       	ldi	r20, 0x00	; 0
     ef8:	0e 94 f8 08 	call	0x11f0	; 0x11f0 <GPIO_writePin>
		break;
	default:
		break;
	}

}
     efc:	0f 90       	pop	r0
     efe:	0f 90       	pop	r0
     f00:	0f 90       	pop	r0
     f02:	0f 90       	pop	r0
     f04:	cf 91       	pop	r28
     f06:	df 91       	pop	r29
     f08:	08 95       	ret

00000f0a <PWM_Timer0_Start>:
 * Timer0 will be used with pre-scaler F_CPU/8
 * F_PWM=(F_CPU)/(256*N) = (10^6)/(256*8) = 500Hz
 * Duty Cycle can be changed by updating the value
 * in The Compare Register, Its value should be from 0 → 100
 */
void PWM_Timer0_Start(uint8 duty_cycle){
     f0a:	df 93       	push	r29
     f0c:	cf 93       	push	r28
     f0e:	0f 92       	push	r0
     f10:	cd b7       	in	r28, 0x3d	; 61
     f12:	de b7       	in	r29, 0x3e	; 62
     f14:	89 83       	std	Y+1, r24	; 0x01

	TCNT0 = 0; // Set Timer Initial Value to 0
     f16:	e2 e5       	ldi	r30, 0x52	; 82
     f18:	f0 e0       	ldi	r31, 0x00	; 0
     f1a:	10 82       	st	Z, r1

	OCR0  = (uint8)(duty_cycle); //Set Compare value
     f1c:	ec e5       	ldi	r30, 0x5C	; 92
     f1e:	f0 e0       	ldi	r31, 0x00	; 0
     f20:	89 81       	ldd	r24, Y+1	; 0x01
     f22:	80 83       	st	Z, r24

	DDRB  = DDRB | (1<<PB3); // Configure PB3/OC0 as output pin --> pin where the PWM signal is generated from MC
     f24:	a7 e3       	ldi	r26, 0x37	; 55
     f26:	b0 e0       	ldi	r27, 0x00	; 0
     f28:	e7 e3       	ldi	r30, 0x37	; 55
     f2a:	f0 e0       	ldi	r31, 0x00	; 0
     f2c:	80 81       	ld	r24, Z
     f2e:	88 60       	ori	r24, 0x08	; 8
     f30:	8c 93       	st	X, r24
	 * 1. Fast PWM mode FOC0=0
	 * 2. Fast PWM Mode WGM01=1 & WGM00=1
	 * 3. Clear OC0 when match occurs (non inverted mode) COM00=0 & COM01=1
	 * 4. clock = F_CPU/8 CS00=0 CS01=1 CS02=0
	 */
	TCCR0 = (1<<WGM00) | (1<<WGM01) | (1<<COM01) | (1<<CS01);
     f32:	e3 e5       	ldi	r30, 0x53	; 83
     f34:	f0 e0       	ldi	r31, 0x00	; 0
     f36:	8a e6       	ldi	r24, 0x6A	; 106
     f38:	80 83       	st	Z, r24

}
     f3a:	0f 90       	pop	r0
     f3c:	cf 91       	pop	r28
     f3e:	df 91       	pop	r29
     f40:	08 95       	ret

00000f42 <ADC_init>:
/*******************************************************************************
 *                      Functions Definitions                                  *
 *******************************************************************************/

void ADC_init(const ADC_ConfigType * Config_Ptr)
{
     f42:	df 93       	push	r29
     f44:	cf 93       	push	r28
     f46:	00 d0       	rcall	.+0      	; 0xf48 <ADC_init+0x6>
     f48:	0f 92       	push	r0
     f4a:	cd b7       	in	r28, 0x3d	; 61
     f4c:	de b7       	in	r29, 0x3e	; 62
     f4e:	9a 83       	std	Y+2, r25	; 0x02
     f50:	89 83       	std	Y+1, r24	; 0x01
	 * REFS1:0 = 00 to choose to connect external reference voltage by input this voltage through AREF pin
	 * ADLAR   = 0 right adjusted
	 * MUX4:0  = 00000 to choose channel 0 as initialization
	 */

	 ADMUX = (ADMUX & 0x00) | ((Config_Ptr->ref_volt)<<6);
     f52:	e7 e2       	ldi	r30, 0x27	; 39
     f54:	f0 e0       	ldi	r31, 0x00	; 0
     f56:	80 81       	ld	r24, Z
     f58:	a7 e2       	ldi	r26, 0x27	; 39
     f5a:	b0 e0       	ldi	r27, 0x00	; 0
     f5c:	e9 81       	ldd	r30, Y+1	; 0x01
     f5e:	fa 81       	ldd	r31, Y+2	; 0x02
     f60:	80 81       	ld	r24, Z
     f62:	88 2f       	mov	r24, r24
     f64:	90 e0       	ldi	r25, 0x00	; 0
     f66:	00 24       	eor	r0, r0
     f68:	96 95       	lsr	r25
     f6a:	87 95       	ror	r24
     f6c:	07 94       	ror	r0
     f6e:	96 95       	lsr	r25
     f70:	87 95       	ror	r24
     f72:	07 94       	ror	r0
     f74:	98 2f       	mov	r25, r24
     f76:	80 2d       	mov	r24, r0
     f78:	8c 93       	st	X, r24
	 * ADEN    = 1 Enable ADC
	 * ADIE    = 0 Disable ADC Interrupt
	 * ADATE   = 0 Disable Auto Trigger
	 * ADPS2:0 = 011 to choose ADC_Clock = F_CPU/8 = 1Mhz/8 = 125Khz --> ADC must operate in range 50-200Khz
	 */
	 ADCSRA |= (1<<ADEN);
     f7a:	a6 e2       	ldi	r26, 0x26	; 38
     f7c:	b0 e0       	ldi	r27, 0x00	; 0
     f7e:	e6 e2       	ldi	r30, 0x26	; 38
     f80:	f0 e0       	ldi	r31, 0x00	; 0
     f82:	80 81       	ld	r24, Z
     f84:	80 68       	ori	r24, 0x80	; 128
     f86:	8c 93       	st	X, r24
	 ADCSRA = (ADCSRA & 0x80) | ((Config_Ptr->prescaler));
     f88:	a6 e2       	ldi	r26, 0x26	; 38
     f8a:	b0 e0       	ldi	r27, 0x00	; 0
     f8c:	e6 e2       	ldi	r30, 0x26	; 38
     f8e:	f0 e0       	ldi	r31, 0x00	; 0
     f90:	80 81       	ld	r24, Z
     f92:	98 2f       	mov	r25, r24
     f94:	90 78       	andi	r25, 0x80	; 128
     f96:	e9 81       	ldd	r30, Y+1	; 0x01
     f98:	fa 81       	ldd	r31, Y+2	; 0x02
     f9a:	81 81       	ldd	r24, Z+1	; 0x01
     f9c:	89 2b       	or	r24, r25
     f9e:	8c 93       	st	X, r24

}
     fa0:	0f 90       	pop	r0
     fa2:	0f 90       	pop	r0
     fa4:	0f 90       	pop	r0
     fa6:	cf 91       	pop	r28
     fa8:	df 91       	pop	r29
     faa:	08 95       	ret

00000fac <ADC_readChannel>:

uint16 ADC_readChannel(uint8 channel_num)
{
     fac:	df 93       	push	r29
     fae:	cf 93       	push	r28
     fb0:	0f 92       	push	r0
     fb2:	cd b7       	in	r28, 0x3d	; 61
     fb4:	de b7       	in	r29, 0x3e	; 62
     fb6:	89 83       	std	Y+1, r24	; 0x01
	channel_num &= 0x07; /* Input channel number must be from 0 --> 7 */
     fb8:	89 81       	ldd	r24, Y+1	; 0x01
     fba:	87 70       	andi	r24, 0x07	; 7
     fbc:	89 83       	std	Y+1, r24	; 0x01
	ADMUX &= 0xE0; /* Clear first 5 bits in the ADMUX (channel number MUX4:0 bits) before set the required channel */
     fbe:	a7 e2       	ldi	r26, 0x27	; 39
     fc0:	b0 e0       	ldi	r27, 0x00	; 0
     fc2:	e7 e2       	ldi	r30, 0x27	; 39
     fc4:	f0 e0       	ldi	r31, 0x00	; 0
     fc6:	80 81       	ld	r24, Z
     fc8:	80 7e       	andi	r24, 0xE0	; 224
     fca:	8c 93       	st	X, r24
	ADMUX = ADMUX | channel_num; /* Choose the correct channel by setting the channel number in MUX4:0 bits */
     fcc:	a7 e2       	ldi	r26, 0x27	; 39
     fce:	b0 e0       	ldi	r27, 0x00	; 0
     fd0:	e7 e2       	ldi	r30, 0x27	; 39
     fd2:	f0 e0       	ldi	r31, 0x00	; 0
     fd4:	90 81       	ld	r25, Z
     fd6:	89 81       	ldd	r24, Y+1	; 0x01
     fd8:	89 2b       	or	r24, r25
     fda:	8c 93       	st	X, r24
	SET_BIT(ADCSRA,ADSC); /* Start conversion write '1' to ADSC */
     fdc:	a6 e2       	ldi	r26, 0x26	; 38
     fde:	b0 e0       	ldi	r27, 0x00	; 0
     fe0:	e6 e2       	ldi	r30, 0x26	; 38
     fe2:	f0 e0       	ldi	r31, 0x00	; 0
     fe4:	80 81       	ld	r24, Z
     fe6:	80 64       	ori	r24, 0x40	; 64
     fe8:	8c 93       	st	X, r24
	while(BIT_IS_CLEAR(ADCSRA,ADIF)); /* Wait for conversion to complete, ADIF becomes '1' */
     fea:	e6 e2       	ldi	r30, 0x26	; 38
     fec:	f0 e0       	ldi	r31, 0x00	; 0
     fee:	80 81       	ld	r24, Z
     ff0:	88 2f       	mov	r24, r24
     ff2:	90 e0       	ldi	r25, 0x00	; 0
     ff4:	80 71       	andi	r24, 0x10	; 16
     ff6:	90 70       	andi	r25, 0x00	; 0
     ff8:	00 97       	sbiw	r24, 0x00	; 0
     ffa:	b9 f3       	breq	.-18     	; 0xfea <ADC_readChannel+0x3e>
	SET_BIT(ADCSRA,ADIF); /* Clear ADIF by write '1' to it :) */
     ffc:	a6 e2       	ldi	r26, 0x26	; 38
     ffe:	b0 e0       	ldi	r27, 0x00	; 0
    1000:	e6 e2       	ldi	r30, 0x26	; 38
    1002:	f0 e0       	ldi	r31, 0x00	; 0
    1004:	80 81       	ld	r24, Z
    1006:	80 61       	ori	r24, 0x10	; 16
    1008:	8c 93       	st	X, r24
	return ADC; /* Read the digital value from the data register */
    100a:	e4 e2       	ldi	r30, 0x24	; 36
    100c:	f0 e0       	ldi	r31, 0x00	; 0
    100e:	80 81       	ld	r24, Z
    1010:	91 81       	ldd	r25, Z+1	; 0x01
}
    1012:	0f 90       	pop	r0
    1014:	cf 91       	pop	r28
    1016:	df 91       	pop	r29
    1018:	08 95       	ret

0000101a <GPIO_setupPinDirection>:
 * Description :
 * Setup the direction of the required pin input/output.
 * If the input port number or pin number are not correct, The function will not handle the request.
 */
void GPIO_setupPinDirection(uint8 port_num, uint8 pin_num, GPIO_PinDirectionType direction)
{
    101a:	df 93       	push	r29
    101c:	cf 93       	push	r28
    101e:	00 d0       	rcall	.+0      	; 0x1020 <GPIO_setupPinDirection+0x6>
    1020:	00 d0       	rcall	.+0      	; 0x1022 <GPIO_setupPinDirection+0x8>
    1022:	0f 92       	push	r0
    1024:	cd b7       	in	r28, 0x3d	; 61
    1026:	de b7       	in	r29, 0x3e	; 62
    1028:	89 83       	std	Y+1, r24	; 0x01
    102a:	6a 83       	std	Y+2, r22	; 0x02
    102c:	4b 83       	std	Y+3, r20	; 0x03
	/*
	 * Check if the input port number is greater than NUM_OF_PINS_PER_PORT value.
	 * Or if the input pin number is greater than NUM_OF_PINS_PER_PORT value.
	 * In this case the input is not valid port/pin number
	 */
	if((pin_num >= NUM_OF_PINS_PER_PORT) || (port_num >= NUM_OF_PORTS))
    102e:	8a 81       	ldd	r24, Y+2	; 0x02
    1030:	88 30       	cpi	r24, 0x08	; 8
    1032:	08 f0       	brcs	.+2      	; 0x1036 <GPIO_setupPinDirection+0x1c>
    1034:	d5 c0       	rjmp	.+426    	; 0x11e0 <GPIO_setupPinDirection+0x1c6>
    1036:	89 81       	ldd	r24, Y+1	; 0x01
    1038:	84 30       	cpi	r24, 0x04	; 4
    103a:	08 f0       	brcs	.+2      	; 0x103e <GPIO_setupPinDirection+0x24>
    103c:	d1 c0       	rjmp	.+418    	; 0x11e0 <GPIO_setupPinDirection+0x1c6>
		/* Do Nothing */
	}
	else
	{
		/* Setup the pin direction as required */
		switch(port_num)
    103e:	89 81       	ldd	r24, Y+1	; 0x01
    1040:	28 2f       	mov	r18, r24
    1042:	30 e0       	ldi	r19, 0x00	; 0
    1044:	3d 83       	std	Y+5, r19	; 0x05
    1046:	2c 83       	std	Y+4, r18	; 0x04
    1048:	8c 81       	ldd	r24, Y+4	; 0x04
    104a:	9d 81       	ldd	r25, Y+5	; 0x05
    104c:	81 30       	cpi	r24, 0x01	; 1
    104e:	91 05       	cpc	r25, r1
    1050:	09 f4       	brne	.+2      	; 0x1054 <GPIO_setupPinDirection+0x3a>
    1052:	43 c0       	rjmp	.+134    	; 0x10da <GPIO_setupPinDirection+0xc0>
    1054:	2c 81       	ldd	r18, Y+4	; 0x04
    1056:	3d 81       	ldd	r19, Y+5	; 0x05
    1058:	22 30       	cpi	r18, 0x02	; 2
    105a:	31 05       	cpc	r19, r1
    105c:	2c f4       	brge	.+10     	; 0x1068 <GPIO_setupPinDirection+0x4e>
    105e:	8c 81       	ldd	r24, Y+4	; 0x04
    1060:	9d 81       	ldd	r25, Y+5	; 0x05
    1062:	00 97       	sbiw	r24, 0x00	; 0
    1064:	71 f0       	breq	.+28     	; 0x1082 <GPIO_setupPinDirection+0x68>
    1066:	bc c0       	rjmp	.+376    	; 0x11e0 <GPIO_setupPinDirection+0x1c6>
    1068:	2c 81       	ldd	r18, Y+4	; 0x04
    106a:	3d 81       	ldd	r19, Y+5	; 0x05
    106c:	22 30       	cpi	r18, 0x02	; 2
    106e:	31 05       	cpc	r19, r1
    1070:	09 f4       	brne	.+2      	; 0x1074 <GPIO_setupPinDirection+0x5a>
    1072:	5f c0       	rjmp	.+190    	; 0x1132 <GPIO_setupPinDirection+0x118>
    1074:	8c 81       	ldd	r24, Y+4	; 0x04
    1076:	9d 81       	ldd	r25, Y+5	; 0x05
    1078:	83 30       	cpi	r24, 0x03	; 3
    107a:	91 05       	cpc	r25, r1
    107c:	09 f4       	brne	.+2      	; 0x1080 <GPIO_setupPinDirection+0x66>
    107e:	85 c0       	rjmp	.+266    	; 0x118a <GPIO_setupPinDirection+0x170>
    1080:	af c0       	rjmp	.+350    	; 0x11e0 <GPIO_setupPinDirection+0x1c6>
		{
		case PORTA_ID:
			if(direction == PIN_OUTPUT)
    1082:	8b 81       	ldd	r24, Y+3	; 0x03
    1084:	81 30       	cpi	r24, 0x01	; 1
    1086:	a1 f4       	brne	.+40     	; 0x10b0 <GPIO_setupPinDirection+0x96>
			{
				SET_BIT(DDRA,pin_num);
    1088:	aa e3       	ldi	r26, 0x3A	; 58
    108a:	b0 e0       	ldi	r27, 0x00	; 0
    108c:	ea e3       	ldi	r30, 0x3A	; 58
    108e:	f0 e0       	ldi	r31, 0x00	; 0
    1090:	80 81       	ld	r24, Z
    1092:	48 2f       	mov	r20, r24
    1094:	8a 81       	ldd	r24, Y+2	; 0x02
    1096:	28 2f       	mov	r18, r24
    1098:	30 e0       	ldi	r19, 0x00	; 0
    109a:	81 e0       	ldi	r24, 0x01	; 1
    109c:	90 e0       	ldi	r25, 0x00	; 0
    109e:	02 2e       	mov	r0, r18
    10a0:	02 c0       	rjmp	.+4      	; 0x10a6 <GPIO_setupPinDirection+0x8c>
    10a2:	88 0f       	add	r24, r24
    10a4:	99 1f       	adc	r25, r25
    10a6:	0a 94       	dec	r0
    10a8:	e2 f7       	brpl	.-8      	; 0x10a2 <GPIO_setupPinDirection+0x88>
    10aa:	84 2b       	or	r24, r20
    10ac:	8c 93       	st	X, r24
    10ae:	98 c0       	rjmp	.+304    	; 0x11e0 <GPIO_setupPinDirection+0x1c6>
			}
			else
			{
				CLEAR_BIT(DDRA,pin_num);
    10b0:	aa e3       	ldi	r26, 0x3A	; 58
    10b2:	b0 e0       	ldi	r27, 0x00	; 0
    10b4:	ea e3       	ldi	r30, 0x3A	; 58
    10b6:	f0 e0       	ldi	r31, 0x00	; 0
    10b8:	80 81       	ld	r24, Z
    10ba:	48 2f       	mov	r20, r24
    10bc:	8a 81       	ldd	r24, Y+2	; 0x02
    10be:	28 2f       	mov	r18, r24
    10c0:	30 e0       	ldi	r19, 0x00	; 0
    10c2:	81 e0       	ldi	r24, 0x01	; 1
    10c4:	90 e0       	ldi	r25, 0x00	; 0
    10c6:	02 2e       	mov	r0, r18
    10c8:	02 c0       	rjmp	.+4      	; 0x10ce <GPIO_setupPinDirection+0xb4>
    10ca:	88 0f       	add	r24, r24
    10cc:	99 1f       	adc	r25, r25
    10ce:	0a 94       	dec	r0
    10d0:	e2 f7       	brpl	.-8      	; 0x10ca <GPIO_setupPinDirection+0xb0>
    10d2:	80 95       	com	r24
    10d4:	84 23       	and	r24, r20
    10d6:	8c 93       	st	X, r24
    10d8:	83 c0       	rjmp	.+262    	; 0x11e0 <GPIO_setupPinDirection+0x1c6>
			}
			break;
		case PORTB_ID:
			if(direction == PIN_OUTPUT)
    10da:	8b 81       	ldd	r24, Y+3	; 0x03
    10dc:	81 30       	cpi	r24, 0x01	; 1
    10de:	a1 f4       	brne	.+40     	; 0x1108 <GPIO_setupPinDirection+0xee>
			{
				SET_BIT(DDRB,pin_num);
    10e0:	a7 e3       	ldi	r26, 0x37	; 55
    10e2:	b0 e0       	ldi	r27, 0x00	; 0
    10e4:	e7 e3       	ldi	r30, 0x37	; 55
    10e6:	f0 e0       	ldi	r31, 0x00	; 0
    10e8:	80 81       	ld	r24, Z
    10ea:	48 2f       	mov	r20, r24
    10ec:	8a 81       	ldd	r24, Y+2	; 0x02
    10ee:	28 2f       	mov	r18, r24
    10f0:	30 e0       	ldi	r19, 0x00	; 0
    10f2:	81 e0       	ldi	r24, 0x01	; 1
    10f4:	90 e0       	ldi	r25, 0x00	; 0
    10f6:	02 2e       	mov	r0, r18
    10f8:	02 c0       	rjmp	.+4      	; 0x10fe <GPIO_setupPinDirection+0xe4>
    10fa:	88 0f       	add	r24, r24
    10fc:	99 1f       	adc	r25, r25
    10fe:	0a 94       	dec	r0
    1100:	e2 f7       	brpl	.-8      	; 0x10fa <GPIO_setupPinDirection+0xe0>
    1102:	84 2b       	or	r24, r20
    1104:	8c 93       	st	X, r24
    1106:	6c c0       	rjmp	.+216    	; 0x11e0 <GPIO_setupPinDirection+0x1c6>
			}
			else
			{
				CLEAR_BIT(DDRB,pin_num);
    1108:	a7 e3       	ldi	r26, 0x37	; 55
    110a:	b0 e0       	ldi	r27, 0x00	; 0
    110c:	e7 e3       	ldi	r30, 0x37	; 55
    110e:	f0 e0       	ldi	r31, 0x00	; 0
    1110:	80 81       	ld	r24, Z
    1112:	48 2f       	mov	r20, r24
    1114:	8a 81       	ldd	r24, Y+2	; 0x02
    1116:	28 2f       	mov	r18, r24
    1118:	30 e0       	ldi	r19, 0x00	; 0
    111a:	81 e0       	ldi	r24, 0x01	; 1
    111c:	90 e0       	ldi	r25, 0x00	; 0
    111e:	02 2e       	mov	r0, r18
    1120:	02 c0       	rjmp	.+4      	; 0x1126 <GPIO_setupPinDirection+0x10c>
    1122:	88 0f       	add	r24, r24
    1124:	99 1f       	adc	r25, r25
    1126:	0a 94       	dec	r0
    1128:	e2 f7       	brpl	.-8      	; 0x1122 <GPIO_setupPinDirection+0x108>
    112a:	80 95       	com	r24
    112c:	84 23       	and	r24, r20
    112e:	8c 93       	st	X, r24
    1130:	57 c0       	rjmp	.+174    	; 0x11e0 <GPIO_setupPinDirection+0x1c6>
			}
			break;
		case PORTC_ID:
			if(direction == PIN_OUTPUT)
    1132:	8b 81       	ldd	r24, Y+3	; 0x03
    1134:	81 30       	cpi	r24, 0x01	; 1
    1136:	a1 f4       	brne	.+40     	; 0x1160 <GPIO_setupPinDirection+0x146>
			{
				SET_BIT(DDRC,pin_num);
    1138:	a4 e3       	ldi	r26, 0x34	; 52
    113a:	b0 e0       	ldi	r27, 0x00	; 0
    113c:	e4 e3       	ldi	r30, 0x34	; 52
    113e:	f0 e0       	ldi	r31, 0x00	; 0
    1140:	80 81       	ld	r24, Z
    1142:	48 2f       	mov	r20, r24
    1144:	8a 81       	ldd	r24, Y+2	; 0x02
    1146:	28 2f       	mov	r18, r24
    1148:	30 e0       	ldi	r19, 0x00	; 0
    114a:	81 e0       	ldi	r24, 0x01	; 1
    114c:	90 e0       	ldi	r25, 0x00	; 0
    114e:	02 2e       	mov	r0, r18
    1150:	02 c0       	rjmp	.+4      	; 0x1156 <GPIO_setupPinDirection+0x13c>
    1152:	88 0f       	add	r24, r24
    1154:	99 1f       	adc	r25, r25
    1156:	0a 94       	dec	r0
    1158:	e2 f7       	brpl	.-8      	; 0x1152 <GPIO_setupPinDirection+0x138>
    115a:	84 2b       	or	r24, r20
    115c:	8c 93       	st	X, r24
    115e:	40 c0       	rjmp	.+128    	; 0x11e0 <GPIO_setupPinDirection+0x1c6>
			}
			else
			{
				CLEAR_BIT(DDRC,pin_num);
    1160:	a4 e3       	ldi	r26, 0x34	; 52
    1162:	b0 e0       	ldi	r27, 0x00	; 0
    1164:	e4 e3       	ldi	r30, 0x34	; 52
    1166:	f0 e0       	ldi	r31, 0x00	; 0
    1168:	80 81       	ld	r24, Z
    116a:	48 2f       	mov	r20, r24
    116c:	8a 81       	ldd	r24, Y+2	; 0x02
    116e:	28 2f       	mov	r18, r24
    1170:	30 e0       	ldi	r19, 0x00	; 0
    1172:	81 e0       	ldi	r24, 0x01	; 1
    1174:	90 e0       	ldi	r25, 0x00	; 0
    1176:	02 2e       	mov	r0, r18
    1178:	02 c0       	rjmp	.+4      	; 0x117e <GPIO_setupPinDirection+0x164>
    117a:	88 0f       	add	r24, r24
    117c:	99 1f       	adc	r25, r25
    117e:	0a 94       	dec	r0
    1180:	e2 f7       	brpl	.-8      	; 0x117a <GPIO_setupPinDirection+0x160>
    1182:	80 95       	com	r24
    1184:	84 23       	and	r24, r20
    1186:	8c 93       	st	X, r24
    1188:	2b c0       	rjmp	.+86     	; 0x11e0 <GPIO_setupPinDirection+0x1c6>
			}
			break;
		case PORTD_ID:
			if(direction == PIN_OUTPUT)
    118a:	8b 81       	ldd	r24, Y+3	; 0x03
    118c:	81 30       	cpi	r24, 0x01	; 1
    118e:	a1 f4       	brne	.+40     	; 0x11b8 <GPIO_setupPinDirection+0x19e>
			{
				SET_BIT(DDRD,pin_num);
    1190:	a1 e3       	ldi	r26, 0x31	; 49
    1192:	b0 e0       	ldi	r27, 0x00	; 0
    1194:	e1 e3       	ldi	r30, 0x31	; 49
    1196:	f0 e0       	ldi	r31, 0x00	; 0
    1198:	80 81       	ld	r24, Z
    119a:	48 2f       	mov	r20, r24
    119c:	8a 81       	ldd	r24, Y+2	; 0x02
    119e:	28 2f       	mov	r18, r24
    11a0:	30 e0       	ldi	r19, 0x00	; 0
    11a2:	81 e0       	ldi	r24, 0x01	; 1
    11a4:	90 e0       	ldi	r25, 0x00	; 0
    11a6:	02 2e       	mov	r0, r18
    11a8:	02 c0       	rjmp	.+4      	; 0x11ae <GPIO_setupPinDirection+0x194>
    11aa:	88 0f       	add	r24, r24
    11ac:	99 1f       	adc	r25, r25
    11ae:	0a 94       	dec	r0
    11b0:	e2 f7       	brpl	.-8      	; 0x11aa <GPIO_setupPinDirection+0x190>
    11b2:	84 2b       	or	r24, r20
    11b4:	8c 93       	st	X, r24
    11b6:	14 c0       	rjmp	.+40     	; 0x11e0 <GPIO_setupPinDirection+0x1c6>
			}
			else
			{
				CLEAR_BIT(DDRD,pin_num);
    11b8:	a1 e3       	ldi	r26, 0x31	; 49
    11ba:	b0 e0       	ldi	r27, 0x00	; 0
    11bc:	e1 e3       	ldi	r30, 0x31	; 49
    11be:	f0 e0       	ldi	r31, 0x00	; 0
    11c0:	80 81       	ld	r24, Z
    11c2:	48 2f       	mov	r20, r24
    11c4:	8a 81       	ldd	r24, Y+2	; 0x02
    11c6:	28 2f       	mov	r18, r24
    11c8:	30 e0       	ldi	r19, 0x00	; 0
    11ca:	81 e0       	ldi	r24, 0x01	; 1
    11cc:	90 e0       	ldi	r25, 0x00	; 0
    11ce:	02 2e       	mov	r0, r18
    11d0:	02 c0       	rjmp	.+4      	; 0x11d6 <GPIO_setupPinDirection+0x1bc>
    11d2:	88 0f       	add	r24, r24
    11d4:	99 1f       	adc	r25, r25
    11d6:	0a 94       	dec	r0
    11d8:	e2 f7       	brpl	.-8      	; 0x11d2 <GPIO_setupPinDirection+0x1b8>
    11da:	80 95       	com	r24
    11dc:	84 23       	and	r24, r20
    11de:	8c 93       	st	X, r24
			}
			break;
		}
	}
}
    11e0:	0f 90       	pop	r0
    11e2:	0f 90       	pop	r0
    11e4:	0f 90       	pop	r0
    11e6:	0f 90       	pop	r0
    11e8:	0f 90       	pop	r0
    11ea:	cf 91       	pop	r28
    11ec:	df 91       	pop	r29
    11ee:	08 95       	ret

000011f0 <GPIO_writePin>:
 * Write the value Logic High or Logic Low on the required pin.
 * If the input port number or pin number are not correct, The function will not handle the request.
 * If the pin is input, this function will enable/disable the internal pull-up resistor.
 */
void GPIO_writePin(uint8 port_num, uint8 pin_num, uint8 value)
{
    11f0:	df 93       	push	r29
    11f2:	cf 93       	push	r28
    11f4:	00 d0       	rcall	.+0      	; 0x11f6 <GPIO_writePin+0x6>
    11f6:	00 d0       	rcall	.+0      	; 0x11f8 <GPIO_writePin+0x8>
    11f8:	0f 92       	push	r0
    11fa:	cd b7       	in	r28, 0x3d	; 61
    11fc:	de b7       	in	r29, 0x3e	; 62
    11fe:	89 83       	std	Y+1, r24	; 0x01
    1200:	6a 83       	std	Y+2, r22	; 0x02
    1202:	4b 83       	std	Y+3, r20	; 0x03
	/*
	 * Check if the input port number is greater than NUM_OF_PINS_PER_PORT value.
	 * Or if the input pin number is greater than NUM_OF_PINS_PER_PORT value.
	 * In this case the input is not valid port/pin number
	 */
	if((pin_num >= NUM_OF_PINS_PER_PORT) || (port_num >= NUM_OF_PORTS))
    1204:	8a 81       	ldd	r24, Y+2	; 0x02
    1206:	88 30       	cpi	r24, 0x08	; 8
    1208:	08 f0       	brcs	.+2      	; 0x120c <GPIO_writePin+0x1c>
    120a:	d5 c0       	rjmp	.+426    	; 0x13b6 <GPIO_writePin+0x1c6>
    120c:	89 81       	ldd	r24, Y+1	; 0x01
    120e:	84 30       	cpi	r24, 0x04	; 4
    1210:	08 f0       	brcs	.+2      	; 0x1214 <GPIO_writePin+0x24>
    1212:	d1 c0       	rjmp	.+418    	; 0x13b6 <GPIO_writePin+0x1c6>
		/* Do Nothing */
	}
	else
	{
		/* Write the pin value as required */
		switch(port_num)
    1214:	89 81       	ldd	r24, Y+1	; 0x01
    1216:	28 2f       	mov	r18, r24
    1218:	30 e0       	ldi	r19, 0x00	; 0
    121a:	3d 83       	std	Y+5, r19	; 0x05
    121c:	2c 83       	std	Y+4, r18	; 0x04
    121e:	8c 81       	ldd	r24, Y+4	; 0x04
    1220:	9d 81       	ldd	r25, Y+5	; 0x05
    1222:	81 30       	cpi	r24, 0x01	; 1
    1224:	91 05       	cpc	r25, r1
    1226:	09 f4       	brne	.+2      	; 0x122a <GPIO_writePin+0x3a>
    1228:	43 c0       	rjmp	.+134    	; 0x12b0 <GPIO_writePin+0xc0>
    122a:	2c 81       	ldd	r18, Y+4	; 0x04
    122c:	3d 81       	ldd	r19, Y+5	; 0x05
    122e:	22 30       	cpi	r18, 0x02	; 2
    1230:	31 05       	cpc	r19, r1
    1232:	2c f4       	brge	.+10     	; 0x123e <GPIO_writePin+0x4e>
    1234:	8c 81       	ldd	r24, Y+4	; 0x04
    1236:	9d 81       	ldd	r25, Y+5	; 0x05
    1238:	00 97       	sbiw	r24, 0x00	; 0
    123a:	71 f0       	breq	.+28     	; 0x1258 <GPIO_writePin+0x68>
    123c:	bc c0       	rjmp	.+376    	; 0x13b6 <GPIO_writePin+0x1c6>
    123e:	2c 81       	ldd	r18, Y+4	; 0x04
    1240:	3d 81       	ldd	r19, Y+5	; 0x05
    1242:	22 30       	cpi	r18, 0x02	; 2
    1244:	31 05       	cpc	r19, r1
    1246:	09 f4       	brne	.+2      	; 0x124a <GPIO_writePin+0x5a>
    1248:	5f c0       	rjmp	.+190    	; 0x1308 <GPIO_writePin+0x118>
    124a:	8c 81       	ldd	r24, Y+4	; 0x04
    124c:	9d 81       	ldd	r25, Y+5	; 0x05
    124e:	83 30       	cpi	r24, 0x03	; 3
    1250:	91 05       	cpc	r25, r1
    1252:	09 f4       	brne	.+2      	; 0x1256 <GPIO_writePin+0x66>
    1254:	85 c0       	rjmp	.+266    	; 0x1360 <GPIO_writePin+0x170>
    1256:	af c0       	rjmp	.+350    	; 0x13b6 <GPIO_writePin+0x1c6>
		{
		case PORTA_ID:
			if(value == LOGIC_HIGH)
    1258:	8b 81       	ldd	r24, Y+3	; 0x03
    125a:	81 30       	cpi	r24, 0x01	; 1
    125c:	a1 f4       	brne	.+40     	; 0x1286 <GPIO_writePin+0x96>
			{
				SET_BIT(PORTA,pin_num);
    125e:	ab e3       	ldi	r26, 0x3B	; 59
    1260:	b0 e0       	ldi	r27, 0x00	; 0
    1262:	eb e3       	ldi	r30, 0x3B	; 59
    1264:	f0 e0       	ldi	r31, 0x00	; 0
    1266:	80 81       	ld	r24, Z
    1268:	48 2f       	mov	r20, r24
    126a:	8a 81       	ldd	r24, Y+2	; 0x02
    126c:	28 2f       	mov	r18, r24
    126e:	30 e0       	ldi	r19, 0x00	; 0
    1270:	81 e0       	ldi	r24, 0x01	; 1
    1272:	90 e0       	ldi	r25, 0x00	; 0
    1274:	02 2e       	mov	r0, r18
    1276:	02 c0       	rjmp	.+4      	; 0x127c <GPIO_writePin+0x8c>
    1278:	88 0f       	add	r24, r24
    127a:	99 1f       	adc	r25, r25
    127c:	0a 94       	dec	r0
    127e:	e2 f7       	brpl	.-8      	; 0x1278 <GPIO_writePin+0x88>
    1280:	84 2b       	or	r24, r20
    1282:	8c 93       	st	X, r24
    1284:	98 c0       	rjmp	.+304    	; 0x13b6 <GPIO_writePin+0x1c6>
			}
			else
			{
				CLEAR_BIT(PORTA,pin_num);
    1286:	ab e3       	ldi	r26, 0x3B	; 59
    1288:	b0 e0       	ldi	r27, 0x00	; 0
    128a:	eb e3       	ldi	r30, 0x3B	; 59
    128c:	f0 e0       	ldi	r31, 0x00	; 0
    128e:	80 81       	ld	r24, Z
    1290:	48 2f       	mov	r20, r24
    1292:	8a 81       	ldd	r24, Y+2	; 0x02
    1294:	28 2f       	mov	r18, r24
    1296:	30 e0       	ldi	r19, 0x00	; 0
    1298:	81 e0       	ldi	r24, 0x01	; 1
    129a:	90 e0       	ldi	r25, 0x00	; 0
    129c:	02 2e       	mov	r0, r18
    129e:	02 c0       	rjmp	.+4      	; 0x12a4 <GPIO_writePin+0xb4>
    12a0:	88 0f       	add	r24, r24
    12a2:	99 1f       	adc	r25, r25
    12a4:	0a 94       	dec	r0
    12a6:	e2 f7       	brpl	.-8      	; 0x12a0 <GPIO_writePin+0xb0>
    12a8:	80 95       	com	r24
    12aa:	84 23       	and	r24, r20
    12ac:	8c 93       	st	X, r24
    12ae:	83 c0       	rjmp	.+262    	; 0x13b6 <GPIO_writePin+0x1c6>
			}
			break;
		case PORTB_ID:
			if(value == LOGIC_HIGH)
    12b0:	8b 81       	ldd	r24, Y+3	; 0x03
    12b2:	81 30       	cpi	r24, 0x01	; 1
    12b4:	a1 f4       	brne	.+40     	; 0x12de <GPIO_writePin+0xee>
			{
				SET_BIT(PORTB,pin_num);
    12b6:	a8 e3       	ldi	r26, 0x38	; 56
    12b8:	b0 e0       	ldi	r27, 0x00	; 0
    12ba:	e8 e3       	ldi	r30, 0x38	; 56
    12bc:	f0 e0       	ldi	r31, 0x00	; 0
    12be:	80 81       	ld	r24, Z
    12c0:	48 2f       	mov	r20, r24
    12c2:	8a 81       	ldd	r24, Y+2	; 0x02
    12c4:	28 2f       	mov	r18, r24
    12c6:	30 e0       	ldi	r19, 0x00	; 0
    12c8:	81 e0       	ldi	r24, 0x01	; 1
    12ca:	90 e0       	ldi	r25, 0x00	; 0
    12cc:	02 2e       	mov	r0, r18
    12ce:	02 c0       	rjmp	.+4      	; 0x12d4 <GPIO_writePin+0xe4>
    12d0:	88 0f       	add	r24, r24
    12d2:	99 1f       	adc	r25, r25
    12d4:	0a 94       	dec	r0
    12d6:	e2 f7       	brpl	.-8      	; 0x12d0 <GPIO_writePin+0xe0>
    12d8:	84 2b       	or	r24, r20
    12da:	8c 93       	st	X, r24
    12dc:	6c c0       	rjmp	.+216    	; 0x13b6 <GPIO_writePin+0x1c6>
			}
			else
			{
				CLEAR_BIT(PORTB,pin_num);
    12de:	a8 e3       	ldi	r26, 0x38	; 56
    12e0:	b0 e0       	ldi	r27, 0x00	; 0
    12e2:	e8 e3       	ldi	r30, 0x38	; 56
    12e4:	f0 e0       	ldi	r31, 0x00	; 0
    12e6:	80 81       	ld	r24, Z
    12e8:	48 2f       	mov	r20, r24
    12ea:	8a 81       	ldd	r24, Y+2	; 0x02
    12ec:	28 2f       	mov	r18, r24
    12ee:	30 e0       	ldi	r19, 0x00	; 0
    12f0:	81 e0       	ldi	r24, 0x01	; 1
    12f2:	90 e0       	ldi	r25, 0x00	; 0
    12f4:	02 2e       	mov	r0, r18
    12f6:	02 c0       	rjmp	.+4      	; 0x12fc <GPIO_writePin+0x10c>
    12f8:	88 0f       	add	r24, r24
    12fa:	99 1f       	adc	r25, r25
    12fc:	0a 94       	dec	r0
    12fe:	e2 f7       	brpl	.-8      	; 0x12f8 <GPIO_writePin+0x108>
    1300:	80 95       	com	r24
    1302:	84 23       	and	r24, r20
    1304:	8c 93       	st	X, r24
    1306:	57 c0       	rjmp	.+174    	; 0x13b6 <GPIO_writePin+0x1c6>
			}
			break;
		case PORTC_ID:
			if(value == LOGIC_HIGH)
    1308:	8b 81       	ldd	r24, Y+3	; 0x03
    130a:	81 30       	cpi	r24, 0x01	; 1
    130c:	a1 f4       	brne	.+40     	; 0x1336 <GPIO_writePin+0x146>
			{
				SET_BIT(PORTC,pin_num);
    130e:	a5 e3       	ldi	r26, 0x35	; 53
    1310:	b0 e0       	ldi	r27, 0x00	; 0
    1312:	e5 e3       	ldi	r30, 0x35	; 53
    1314:	f0 e0       	ldi	r31, 0x00	; 0
    1316:	80 81       	ld	r24, Z
    1318:	48 2f       	mov	r20, r24
    131a:	8a 81       	ldd	r24, Y+2	; 0x02
    131c:	28 2f       	mov	r18, r24
    131e:	30 e0       	ldi	r19, 0x00	; 0
    1320:	81 e0       	ldi	r24, 0x01	; 1
    1322:	90 e0       	ldi	r25, 0x00	; 0
    1324:	02 2e       	mov	r0, r18
    1326:	02 c0       	rjmp	.+4      	; 0x132c <GPIO_writePin+0x13c>
    1328:	88 0f       	add	r24, r24
    132a:	99 1f       	adc	r25, r25
    132c:	0a 94       	dec	r0
    132e:	e2 f7       	brpl	.-8      	; 0x1328 <GPIO_writePin+0x138>
    1330:	84 2b       	or	r24, r20
    1332:	8c 93       	st	X, r24
    1334:	40 c0       	rjmp	.+128    	; 0x13b6 <GPIO_writePin+0x1c6>
			}
			else
			{
				CLEAR_BIT(PORTC,pin_num);
    1336:	a5 e3       	ldi	r26, 0x35	; 53
    1338:	b0 e0       	ldi	r27, 0x00	; 0
    133a:	e5 e3       	ldi	r30, 0x35	; 53
    133c:	f0 e0       	ldi	r31, 0x00	; 0
    133e:	80 81       	ld	r24, Z
    1340:	48 2f       	mov	r20, r24
    1342:	8a 81       	ldd	r24, Y+2	; 0x02
    1344:	28 2f       	mov	r18, r24
    1346:	30 e0       	ldi	r19, 0x00	; 0
    1348:	81 e0       	ldi	r24, 0x01	; 1
    134a:	90 e0       	ldi	r25, 0x00	; 0
    134c:	02 2e       	mov	r0, r18
    134e:	02 c0       	rjmp	.+4      	; 0x1354 <GPIO_writePin+0x164>
    1350:	88 0f       	add	r24, r24
    1352:	99 1f       	adc	r25, r25
    1354:	0a 94       	dec	r0
    1356:	e2 f7       	brpl	.-8      	; 0x1350 <GPIO_writePin+0x160>
    1358:	80 95       	com	r24
    135a:	84 23       	and	r24, r20
    135c:	8c 93       	st	X, r24
    135e:	2b c0       	rjmp	.+86     	; 0x13b6 <GPIO_writePin+0x1c6>
			}
			break;
		case PORTD_ID:
			if(value == LOGIC_HIGH)
    1360:	8b 81       	ldd	r24, Y+3	; 0x03
    1362:	81 30       	cpi	r24, 0x01	; 1
    1364:	a1 f4       	brne	.+40     	; 0x138e <GPIO_writePin+0x19e>
			{
				SET_BIT(PORTD,pin_num);
    1366:	a2 e3       	ldi	r26, 0x32	; 50
    1368:	b0 e0       	ldi	r27, 0x00	; 0
    136a:	e2 e3       	ldi	r30, 0x32	; 50
    136c:	f0 e0       	ldi	r31, 0x00	; 0
    136e:	80 81       	ld	r24, Z
    1370:	48 2f       	mov	r20, r24
    1372:	8a 81       	ldd	r24, Y+2	; 0x02
    1374:	28 2f       	mov	r18, r24
    1376:	30 e0       	ldi	r19, 0x00	; 0
    1378:	81 e0       	ldi	r24, 0x01	; 1
    137a:	90 e0       	ldi	r25, 0x00	; 0
    137c:	02 2e       	mov	r0, r18
    137e:	02 c0       	rjmp	.+4      	; 0x1384 <GPIO_writePin+0x194>
    1380:	88 0f       	add	r24, r24
    1382:	99 1f       	adc	r25, r25
    1384:	0a 94       	dec	r0
    1386:	e2 f7       	brpl	.-8      	; 0x1380 <GPIO_writePin+0x190>
    1388:	84 2b       	or	r24, r20
    138a:	8c 93       	st	X, r24
    138c:	14 c0       	rjmp	.+40     	; 0x13b6 <GPIO_writePin+0x1c6>
			}
			else
			{
				CLEAR_BIT(PORTD,pin_num);
    138e:	a2 e3       	ldi	r26, 0x32	; 50
    1390:	b0 e0       	ldi	r27, 0x00	; 0
    1392:	e2 e3       	ldi	r30, 0x32	; 50
    1394:	f0 e0       	ldi	r31, 0x00	; 0
    1396:	80 81       	ld	r24, Z
    1398:	48 2f       	mov	r20, r24
    139a:	8a 81       	ldd	r24, Y+2	; 0x02
    139c:	28 2f       	mov	r18, r24
    139e:	30 e0       	ldi	r19, 0x00	; 0
    13a0:	81 e0       	ldi	r24, 0x01	; 1
    13a2:	90 e0       	ldi	r25, 0x00	; 0
    13a4:	02 2e       	mov	r0, r18
    13a6:	02 c0       	rjmp	.+4      	; 0x13ac <GPIO_writePin+0x1bc>
    13a8:	88 0f       	add	r24, r24
    13aa:	99 1f       	adc	r25, r25
    13ac:	0a 94       	dec	r0
    13ae:	e2 f7       	brpl	.-8      	; 0x13a8 <GPIO_writePin+0x1b8>
    13b0:	80 95       	com	r24
    13b2:	84 23       	and	r24, r20
    13b4:	8c 93       	st	X, r24
			}
			break;
		}
	}
}
    13b6:	0f 90       	pop	r0
    13b8:	0f 90       	pop	r0
    13ba:	0f 90       	pop	r0
    13bc:	0f 90       	pop	r0
    13be:	0f 90       	pop	r0
    13c0:	cf 91       	pop	r28
    13c2:	df 91       	pop	r29
    13c4:	08 95       	ret

000013c6 <GPIO_readPin>:
 * Description :
 * Read and return the value for the required pin, it should be Logic High or Logic Low.
 * If the input port number or pin number are not correct, The function will return Logic Low.
 */
uint8 GPIO_readPin(uint8 port_num, uint8 pin_num)
{
    13c6:	df 93       	push	r29
    13c8:	cf 93       	push	r28
    13ca:	00 d0       	rcall	.+0      	; 0x13cc <GPIO_readPin+0x6>
    13cc:	00 d0       	rcall	.+0      	; 0x13ce <GPIO_readPin+0x8>
    13ce:	0f 92       	push	r0
    13d0:	cd b7       	in	r28, 0x3d	; 61
    13d2:	de b7       	in	r29, 0x3e	; 62
    13d4:	8a 83       	std	Y+2, r24	; 0x02
    13d6:	6b 83       	std	Y+3, r22	; 0x03
	uint8 pin_value = LOGIC_LOW;
    13d8:	19 82       	std	Y+1, r1	; 0x01
	/*
	 * Check if the input port number is greater than NUM_OF_PINS_PER_PORT value.
	 * Or if the input pin number is greater than NUM_OF_PINS_PER_PORT value.
	 * In this case the input is not valid port/pin number
	 */
	if((pin_num >= NUM_OF_PINS_PER_PORT) || (port_num >= NUM_OF_PORTS))
    13da:	8b 81       	ldd	r24, Y+3	; 0x03
    13dc:	88 30       	cpi	r24, 0x08	; 8
    13de:	08 f0       	brcs	.+2      	; 0x13e2 <GPIO_readPin+0x1c>
    13e0:	84 c0       	rjmp	.+264    	; 0x14ea <GPIO_readPin+0x124>
    13e2:	8a 81       	ldd	r24, Y+2	; 0x02
    13e4:	84 30       	cpi	r24, 0x04	; 4
    13e6:	08 f0       	brcs	.+2      	; 0x13ea <GPIO_readPin+0x24>
    13e8:	80 c0       	rjmp	.+256    	; 0x14ea <GPIO_readPin+0x124>
		/* Do Nothing */
	}
	else
	{
		/* Read the pin value as required */
		switch(port_num)
    13ea:	8a 81       	ldd	r24, Y+2	; 0x02
    13ec:	28 2f       	mov	r18, r24
    13ee:	30 e0       	ldi	r19, 0x00	; 0
    13f0:	3d 83       	std	Y+5, r19	; 0x05
    13f2:	2c 83       	std	Y+4, r18	; 0x04
    13f4:	4c 81       	ldd	r20, Y+4	; 0x04
    13f6:	5d 81       	ldd	r21, Y+5	; 0x05
    13f8:	41 30       	cpi	r20, 0x01	; 1
    13fa:	51 05       	cpc	r21, r1
    13fc:	79 f1       	breq	.+94     	; 0x145c <GPIO_readPin+0x96>
    13fe:	8c 81       	ldd	r24, Y+4	; 0x04
    1400:	9d 81       	ldd	r25, Y+5	; 0x05
    1402:	82 30       	cpi	r24, 0x02	; 2
    1404:	91 05       	cpc	r25, r1
    1406:	34 f4       	brge	.+12     	; 0x1414 <GPIO_readPin+0x4e>
    1408:	2c 81       	ldd	r18, Y+4	; 0x04
    140a:	3d 81       	ldd	r19, Y+5	; 0x05
    140c:	21 15       	cp	r18, r1
    140e:	31 05       	cpc	r19, r1
    1410:	69 f0       	breq	.+26     	; 0x142c <GPIO_readPin+0x66>
    1412:	6b c0       	rjmp	.+214    	; 0x14ea <GPIO_readPin+0x124>
    1414:	4c 81       	ldd	r20, Y+4	; 0x04
    1416:	5d 81       	ldd	r21, Y+5	; 0x05
    1418:	42 30       	cpi	r20, 0x02	; 2
    141a:	51 05       	cpc	r21, r1
    141c:	b9 f1       	breq	.+110    	; 0x148c <GPIO_readPin+0xc6>
    141e:	8c 81       	ldd	r24, Y+4	; 0x04
    1420:	9d 81       	ldd	r25, Y+5	; 0x05
    1422:	83 30       	cpi	r24, 0x03	; 3
    1424:	91 05       	cpc	r25, r1
    1426:	09 f4       	brne	.+2      	; 0x142a <GPIO_readPin+0x64>
    1428:	49 c0       	rjmp	.+146    	; 0x14bc <GPIO_readPin+0xf6>
    142a:	5f c0       	rjmp	.+190    	; 0x14ea <GPIO_readPin+0x124>
		{
		case PORTA_ID:
			if(BIT_IS_SET(PINA,pin_num))
    142c:	e9 e3       	ldi	r30, 0x39	; 57
    142e:	f0 e0       	ldi	r31, 0x00	; 0
    1430:	80 81       	ld	r24, Z
    1432:	28 2f       	mov	r18, r24
    1434:	30 e0       	ldi	r19, 0x00	; 0
    1436:	8b 81       	ldd	r24, Y+3	; 0x03
    1438:	88 2f       	mov	r24, r24
    143a:	90 e0       	ldi	r25, 0x00	; 0
    143c:	a9 01       	movw	r20, r18
    143e:	02 c0       	rjmp	.+4      	; 0x1444 <GPIO_readPin+0x7e>
    1440:	55 95       	asr	r21
    1442:	47 95       	ror	r20
    1444:	8a 95       	dec	r24
    1446:	e2 f7       	brpl	.-8      	; 0x1440 <GPIO_readPin+0x7a>
    1448:	ca 01       	movw	r24, r20
    144a:	81 70       	andi	r24, 0x01	; 1
    144c:	90 70       	andi	r25, 0x00	; 0
    144e:	88 23       	and	r24, r24
    1450:	19 f0       	breq	.+6      	; 0x1458 <GPIO_readPin+0x92>
			{
				pin_value = LOGIC_HIGH;
    1452:	81 e0       	ldi	r24, 0x01	; 1
    1454:	89 83       	std	Y+1, r24	; 0x01
    1456:	49 c0       	rjmp	.+146    	; 0x14ea <GPIO_readPin+0x124>
			}
			else
			{
				pin_value = LOGIC_LOW;
    1458:	19 82       	std	Y+1, r1	; 0x01
    145a:	47 c0       	rjmp	.+142    	; 0x14ea <GPIO_readPin+0x124>
			}
			break;
		case PORTB_ID:
			if(BIT_IS_SET(PINB,pin_num))
    145c:	e6 e3       	ldi	r30, 0x36	; 54
    145e:	f0 e0       	ldi	r31, 0x00	; 0
    1460:	80 81       	ld	r24, Z
    1462:	28 2f       	mov	r18, r24
    1464:	30 e0       	ldi	r19, 0x00	; 0
    1466:	8b 81       	ldd	r24, Y+3	; 0x03
    1468:	88 2f       	mov	r24, r24
    146a:	90 e0       	ldi	r25, 0x00	; 0
    146c:	a9 01       	movw	r20, r18
    146e:	02 c0       	rjmp	.+4      	; 0x1474 <GPIO_readPin+0xae>
    1470:	55 95       	asr	r21
    1472:	47 95       	ror	r20
    1474:	8a 95       	dec	r24
    1476:	e2 f7       	brpl	.-8      	; 0x1470 <GPIO_readPin+0xaa>
    1478:	ca 01       	movw	r24, r20
    147a:	81 70       	andi	r24, 0x01	; 1
    147c:	90 70       	andi	r25, 0x00	; 0
    147e:	88 23       	and	r24, r24
    1480:	19 f0       	breq	.+6      	; 0x1488 <GPIO_readPin+0xc2>
			{
				pin_value = LOGIC_HIGH;
    1482:	81 e0       	ldi	r24, 0x01	; 1
    1484:	89 83       	std	Y+1, r24	; 0x01
    1486:	31 c0       	rjmp	.+98     	; 0x14ea <GPIO_readPin+0x124>
			}
			else
			{
				pin_value = LOGIC_LOW;
    1488:	19 82       	std	Y+1, r1	; 0x01
    148a:	2f c0       	rjmp	.+94     	; 0x14ea <GPIO_readPin+0x124>
			}
			break;
		case PORTC_ID:
			if(BIT_IS_SET(PINC,pin_num))
    148c:	e3 e3       	ldi	r30, 0x33	; 51
    148e:	f0 e0       	ldi	r31, 0x00	; 0
    1490:	80 81       	ld	r24, Z
    1492:	28 2f       	mov	r18, r24
    1494:	30 e0       	ldi	r19, 0x00	; 0
    1496:	8b 81       	ldd	r24, Y+3	; 0x03
    1498:	88 2f       	mov	r24, r24
    149a:	90 e0       	ldi	r25, 0x00	; 0
    149c:	a9 01       	movw	r20, r18
    149e:	02 c0       	rjmp	.+4      	; 0x14a4 <GPIO_readPin+0xde>
    14a0:	55 95       	asr	r21
    14a2:	47 95       	ror	r20
    14a4:	8a 95       	dec	r24
    14a6:	e2 f7       	brpl	.-8      	; 0x14a0 <GPIO_readPin+0xda>
    14a8:	ca 01       	movw	r24, r20
    14aa:	81 70       	andi	r24, 0x01	; 1
    14ac:	90 70       	andi	r25, 0x00	; 0
    14ae:	88 23       	and	r24, r24
    14b0:	19 f0       	breq	.+6      	; 0x14b8 <GPIO_readPin+0xf2>
			{
				pin_value = LOGIC_HIGH;
    14b2:	81 e0       	ldi	r24, 0x01	; 1
    14b4:	89 83       	std	Y+1, r24	; 0x01
    14b6:	19 c0       	rjmp	.+50     	; 0x14ea <GPIO_readPin+0x124>
			}
			else
			{
				pin_value = LOGIC_LOW;
    14b8:	19 82       	std	Y+1, r1	; 0x01
    14ba:	17 c0       	rjmp	.+46     	; 0x14ea <GPIO_readPin+0x124>
			}
			break;
		case PORTD_ID:
			if(BIT_IS_SET(PIND,pin_num))
    14bc:	e0 e3       	ldi	r30, 0x30	; 48
    14be:	f0 e0       	ldi	r31, 0x00	; 0
    14c0:	80 81       	ld	r24, Z
    14c2:	28 2f       	mov	r18, r24
    14c4:	30 e0       	ldi	r19, 0x00	; 0
    14c6:	8b 81       	ldd	r24, Y+3	; 0x03
    14c8:	88 2f       	mov	r24, r24
    14ca:	90 e0       	ldi	r25, 0x00	; 0
    14cc:	a9 01       	movw	r20, r18
    14ce:	02 c0       	rjmp	.+4      	; 0x14d4 <GPIO_readPin+0x10e>
    14d0:	55 95       	asr	r21
    14d2:	47 95       	ror	r20
    14d4:	8a 95       	dec	r24
    14d6:	e2 f7       	brpl	.-8      	; 0x14d0 <GPIO_readPin+0x10a>
    14d8:	ca 01       	movw	r24, r20
    14da:	81 70       	andi	r24, 0x01	; 1
    14dc:	90 70       	andi	r25, 0x00	; 0
    14de:	88 23       	and	r24, r24
    14e0:	19 f0       	breq	.+6      	; 0x14e8 <GPIO_readPin+0x122>
			{
				pin_value = LOGIC_HIGH;
    14e2:	81 e0       	ldi	r24, 0x01	; 1
    14e4:	89 83       	std	Y+1, r24	; 0x01
    14e6:	01 c0       	rjmp	.+2      	; 0x14ea <GPIO_readPin+0x124>
			}
			else
			{
				pin_value = LOGIC_LOW;
    14e8:	19 82       	std	Y+1, r1	; 0x01
			}
			break;
		}
	}

	return pin_value;
    14ea:	89 81       	ldd	r24, Y+1	; 0x01
}
    14ec:	0f 90       	pop	r0
    14ee:	0f 90       	pop	r0
    14f0:	0f 90       	pop	r0
    14f2:	0f 90       	pop	r0
    14f4:	0f 90       	pop	r0
    14f6:	cf 91       	pop	r28
    14f8:	df 91       	pop	r29
    14fa:	08 95       	ret

000014fc <GPIO_setupPortDirection>:
 * If the direction value is PORT_INPUT all pins in this port should be input pins.
 * If the direction value is PORT_OUTPUT all pins in this port should be output pins.
 * If the input port number is not correct, The function will not handle the request.
 */
void GPIO_setupPortDirection(uint8 port_num, GPIO_PortDirectionType direction)
{
    14fc:	df 93       	push	r29
    14fe:	cf 93       	push	r28
    1500:	00 d0       	rcall	.+0      	; 0x1502 <GPIO_setupPortDirection+0x6>
    1502:	00 d0       	rcall	.+0      	; 0x1504 <GPIO_setupPortDirection+0x8>
    1504:	cd b7       	in	r28, 0x3d	; 61
    1506:	de b7       	in	r29, 0x3e	; 62
    1508:	89 83       	std	Y+1, r24	; 0x01
    150a:	6a 83       	std	Y+2, r22	; 0x02
	/*
	 * Check if the input number is greater than NUM_OF_PORTS value.
	 * In this case the input is not valid port number
	 */
	if(port_num >= NUM_OF_PORTS)
    150c:	89 81       	ldd	r24, Y+1	; 0x01
    150e:	84 30       	cpi	r24, 0x04	; 4
    1510:	90 f5       	brcc	.+100    	; 0x1576 <GPIO_setupPortDirection+0x7a>
		/* Do Nothing */
	}
	else
	{
		/* Setup the port direction as required */
		switch(port_num)
    1512:	89 81       	ldd	r24, Y+1	; 0x01
    1514:	28 2f       	mov	r18, r24
    1516:	30 e0       	ldi	r19, 0x00	; 0
    1518:	3c 83       	std	Y+4, r19	; 0x04
    151a:	2b 83       	std	Y+3, r18	; 0x03
    151c:	8b 81       	ldd	r24, Y+3	; 0x03
    151e:	9c 81       	ldd	r25, Y+4	; 0x04
    1520:	81 30       	cpi	r24, 0x01	; 1
    1522:	91 05       	cpc	r25, r1
    1524:	d1 f0       	breq	.+52     	; 0x155a <GPIO_setupPortDirection+0x5e>
    1526:	2b 81       	ldd	r18, Y+3	; 0x03
    1528:	3c 81       	ldd	r19, Y+4	; 0x04
    152a:	22 30       	cpi	r18, 0x02	; 2
    152c:	31 05       	cpc	r19, r1
    152e:	2c f4       	brge	.+10     	; 0x153a <GPIO_setupPortDirection+0x3e>
    1530:	8b 81       	ldd	r24, Y+3	; 0x03
    1532:	9c 81       	ldd	r25, Y+4	; 0x04
    1534:	00 97       	sbiw	r24, 0x00	; 0
    1536:	61 f0       	breq	.+24     	; 0x1550 <GPIO_setupPortDirection+0x54>
    1538:	1e c0       	rjmp	.+60     	; 0x1576 <GPIO_setupPortDirection+0x7a>
    153a:	2b 81       	ldd	r18, Y+3	; 0x03
    153c:	3c 81       	ldd	r19, Y+4	; 0x04
    153e:	22 30       	cpi	r18, 0x02	; 2
    1540:	31 05       	cpc	r19, r1
    1542:	81 f0       	breq	.+32     	; 0x1564 <GPIO_setupPortDirection+0x68>
    1544:	8b 81       	ldd	r24, Y+3	; 0x03
    1546:	9c 81       	ldd	r25, Y+4	; 0x04
    1548:	83 30       	cpi	r24, 0x03	; 3
    154a:	91 05       	cpc	r25, r1
    154c:	81 f0       	breq	.+32     	; 0x156e <GPIO_setupPortDirection+0x72>
    154e:	13 c0       	rjmp	.+38     	; 0x1576 <GPIO_setupPortDirection+0x7a>
		{
		case PORTA_ID:
			DDRA = direction;
    1550:	ea e3       	ldi	r30, 0x3A	; 58
    1552:	f0 e0       	ldi	r31, 0x00	; 0
    1554:	8a 81       	ldd	r24, Y+2	; 0x02
    1556:	80 83       	st	Z, r24
    1558:	0e c0       	rjmp	.+28     	; 0x1576 <GPIO_setupPortDirection+0x7a>
			break;
		case PORTB_ID:
			DDRB = direction;
    155a:	e7 e3       	ldi	r30, 0x37	; 55
    155c:	f0 e0       	ldi	r31, 0x00	; 0
    155e:	8a 81       	ldd	r24, Y+2	; 0x02
    1560:	80 83       	st	Z, r24
    1562:	09 c0       	rjmp	.+18     	; 0x1576 <GPIO_setupPortDirection+0x7a>
			break;
		case PORTC_ID:
			DDRC = direction;
    1564:	e4 e3       	ldi	r30, 0x34	; 52
    1566:	f0 e0       	ldi	r31, 0x00	; 0
    1568:	8a 81       	ldd	r24, Y+2	; 0x02
    156a:	80 83       	st	Z, r24
    156c:	04 c0       	rjmp	.+8      	; 0x1576 <GPIO_setupPortDirection+0x7a>
			break;
		case PORTD_ID:
			DDRD = direction;
    156e:	e1 e3       	ldi	r30, 0x31	; 49
    1570:	f0 e0       	ldi	r31, 0x00	; 0
    1572:	8a 81       	ldd	r24, Y+2	; 0x02
    1574:	80 83       	st	Z, r24
			break;
		}
	}
}
    1576:	0f 90       	pop	r0
    1578:	0f 90       	pop	r0
    157a:	0f 90       	pop	r0
    157c:	0f 90       	pop	r0
    157e:	cf 91       	pop	r28
    1580:	df 91       	pop	r29
    1582:	08 95       	ret

00001584 <GPIO_writePort>:
 * If any pin in the port is output pin the value will be written.
 * If any pin in the port is input pin this will activate/deactivate the internal pull-up resistor.
 * If the input port number is not correct, The function will not handle the request.
 */
void GPIO_writePort(uint8 port_num, uint8 value)
{
    1584:	df 93       	push	r29
    1586:	cf 93       	push	r28
    1588:	00 d0       	rcall	.+0      	; 0x158a <GPIO_writePort+0x6>
    158a:	00 d0       	rcall	.+0      	; 0x158c <GPIO_writePort+0x8>
    158c:	cd b7       	in	r28, 0x3d	; 61
    158e:	de b7       	in	r29, 0x3e	; 62
    1590:	89 83       	std	Y+1, r24	; 0x01
    1592:	6a 83       	std	Y+2, r22	; 0x02
	/*
	 * Check if the input number is greater than NUM_OF_PORTS value.
	 * In this case the input is not valid port number
	 */
	if(port_num >= NUM_OF_PORTS)
    1594:	89 81       	ldd	r24, Y+1	; 0x01
    1596:	84 30       	cpi	r24, 0x04	; 4
    1598:	90 f5       	brcc	.+100    	; 0x15fe <GPIO_writePort+0x7a>
		/* Do Nothing */
	}
	else
	{
		/* Write the port value as required */
		switch(port_num)
    159a:	89 81       	ldd	r24, Y+1	; 0x01
    159c:	28 2f       	mov	r18, r24
    159e:	30 e0       	ldi	r19, 0x00	; 0
    15a0:	3c 83       	std	Y+4, r19	; 0x04
    15a2:	2b 83       	std	Y+3, r18	; 0x03
    15a4:	8b 81       	ldd	r24, Y+3	; 0x03
    15a6:	9c 81       	ldd	r25, Y+4	; 0x04
    15a8:	81 30       	cpi	r24, 0x01	; 1
    15aa:	91 05       	cpc	r25, r1
    15ac:	d1 f0       	breq	.+52     	; 0x15e2 <GPIO_writePort+0x5e>
    15ae:	2b 81       	ldd	r18, Y+3	; 0x03
    15b0:	3c 81       	ldd	r19, Y+4	; 0x04
    15b2:	22 30       	cpi	r18, 0x02	; 2
    15b4:	31 05       	cpc	r19, r1
    15b6:	2c f4       	brge	.+10     	; 0x15c2 <GPIO_writePort+0x3e>
    15b8:	8b 81       	ldd	r24, Y+3	; 0x03
    15ba:	9c 81       	ldd	r25, Y+4	; 0x04
    15bc:	00 97       	sbiw	r24, 0x00	; 0
    15be:	61 f0       	breq	.+24     	; 0x15d8 <GPIO_writePort+0x54>
    15c0:	1e c0       	rjmp	.+60     	; 0x15fe <GPIO_writePort+0x7a>
    15c2:	2b 81       	ldd	r18, Y+3	; 0x03
    15c4:	3c 81       	ldd	r19, Y+4	; 0x04
    15c6:	22 30       	cpi	r18, 0x02	; 2
    15c8:	31 05       	cpc	r19, r1
    15ca:	81 f0       	breq	.+32     	; 0x15ec <GPIO_writePort+0x68>
    15cc:	8b 81       	ldd	r24, Y+3	; 0x03
    15ce:	9c 81       	ldd	r25, Y+4	; 0x04
    15d0:	83 30       	cpi	r24, 0x03	; 3
    15d2:	91 05       	cpc	r25, r1
    15d4:	81 f0       	breq	.+32     	; 0x15f6 <GPIO_writePort+0x72>
    15d6:	13 c0       	rjmp	.+38     	; 0x15fe <GPIO_writePort+0x7a>
		{
		case PORTA_ID:
			PORTA = value;
    15d8:	eb e3       	ldi	r30, 0x3B	; 59
    15da:	f0 e0       	ldi	r31, 0x00	; 0
    15dc:	8a 81       	ldd	r24, Y+2	; 0x02
    15de:	80 83       	st	Z, r24
    15e0:	0e c0       	rjmp	.+28     	; 0x15fe <GPIO_writePort+0x7a>
			break;
		case PORTB_ID:
			PORTB = value;
    15e2:	e8 e3       	ldi	r30, 0x38	; 56
    15e4:	f0 e0       	ldi	r31, 0x00	; 0
    15e6:	8a 81       	ldd	r24, Y+2	; 0x02
    15e8:	80 83       	st	Z, r24
    15ea:	09 c0       	rjmp	.+18     	; 0x15fe <GPIO_writePort+0x7a>
			break;
		case PORTC_ID:
			PORTC = value;
    15ec:	e5 e3       	ldi	r30, 0x35	; 53
    15ee:	f0 e0       	ldi	r31, 0x00	; 0
    15f0:	8a 81       	ldd	r24, Y+2	; 0x02
    15f2:	80 83       	st	Z, r24
    15f4:	04 c0       	rjmp	.+8      	; 0x15fe <GPIO_writePort+0x7a>
			break;
		case PORTD_ID:
			PORTD = value;
    15f6:	e2 e3       	ldi	r30, 0x32	; 50
    15f8:	f0 e0       	ldi	r31, 0x00	; 0
    15fa:	8a 81       	ldd	r24, Y+2	; 0x02
    15fc:	80 83       	st	Z, r24
			break;
		}
	}
}
    15fe:	0f 90       	pop	r0
    1600:	0f 90       	pop	r0
    1602:	0f 90       	pop	r0
    1604:	0f 90       	pop	r0
    1606:	cf 91       	pop	r28
    1608:	df 91       	pop	r29
    160a:	08 95       	ret

0000160c <GPIO_readPort>:
 * Description :
 * Read and return the value of the required port.
 * If the input port number is not correct, The function will return ZERO value.
 */
uint8 GPIO_readPort(uint8 port_num)
{
    160c:	df 93       	push	r29
    160e:	cf 93       	push	r28
    1610:	00 d0       	rcall	.+0      	; 0x1612 <GPIO_readPort+0x6>
    1612:	00 d0       	rcall	.+0      	; 0x1614 <GPIO_readPort+0x8>
    1614:	cd b7       	in	r28, 0x3d	; 61
    1616:	de b7       	in	r29, 0x3e	; 62
    1618:	8a 83       	std	Y+2, r24	; 0x02
	uint8 value = LOGIC_LOW;
    161a:	19 82       	std	Y+1, r1	; 0x01

	/*
	 * Check if the input number is greater than NUM_OF_PORTS value.
	 * In this case the input is not valid port number
	 */
	if(port_num >= NUM_OF_PORTS)
    161c:	8a 81       	ldd	r24, Y+2	; 0x02
    161e:	84 30       	cpi	r24, 0x04	; 4
    1620:	90 f5       	brcc	.+100    	; 0x1686 <GPIO_readPort+0x7a>
		/* Do Nothing */
	}
	else
	{
		/* Read the port value as required */
		switch(port_num)
    1622:	8a 81       	ldd	r24, Y+2	; 0x02
    1624:	28 2f       	mov	r18, r24
    1626:	30 e0       	ldi	r19, 0x00	; 0
    1628:	3c 83       	std	Y+4, r19	; 0x04
    162a:	2b 83       	std	Y+3, r18	; 0x03
    162c:	8b 81       	ldd	r24, Y+3	; 0x03
    162e:	9c 81       	ldd	r25, Y+4	; 0x04
    1630:	81 30       	cpi	r24, 0x01	; 1
    1632:	91 05       	cpc	r25, r1
    1634:	d1 f0       	breq	.+52     	; 0x166a <GPIO_readPort+0x5e>
    1636:	2b 81       	ldd	r18, Y+3	; 0x03
    1638:	3c 81       	ldd	r19, Y+4	; 0x04
    163a:	22 30       	cpi	r18, 0x02	; 2
    163c:	31 05       	cpc	r19, r1
    163e:	2c f4       	brge	.+10     	; 0x164a <GPIO_readPort+0x3e>
    1640:	8b 81       	ldd	r24, Y+3	; 0x03
    1642:	9c 81       	ldd	r25, Y+4	; 0x04
    1644:	00 97       	sbiw	r24, 0x00	; 0
    1646:	61 f0       	breq	.+24     	; 0x1660 <GPIO_readPort+0x54>
    1648:	1e c0       	rjmp	.+60     	; 0x1686 <GPIO_readPort+0x7a>
    164a:	2b 81       	ldd	r18, Y+3	; 0x03
    164c:	3c 81       	ldd	r19, Y+4	; 0x04
    164e:	22 30       	cpi	r18, 0x02	; 2
    1650:	31 05       	cpc	r19, r1
    1652:	81 f0       	breq	.+32     	; 0x1674 <GPIO_readPort+0x68>
    1654:	8b 81       	ldd	r24, Y+3	; 0x03
    1656:	9c 81       	ldd	r25, Y+4	; 0x04
    1658:	83 30       	cpi	r24, 0x03	; 3
    165a:	91 05       	cpc	r25, r1
    165c:	81 f0       	breq	.+32     	; 0x167e <GPIO_readPort+0x72>
    165e:	13 c0       	rjmp	.+38     	; 0x1686 <GPIO_readPort+0x7a>
		{
		case PORTA_ID:
			value = PINA;
    1660:	e9 e3       	ldi	r30, 0x39	; 57
    1662:	f0 e0       	ldi	r31, 0x00	; 0
    1664:	80 81       	ld	r24, Z
    1666:	89 83       	std	Y+1, r24	; 0x01
    1668:	0e c0       	rjmp	.+28     	; 0x1686 <GPIO_readPort+0x7a>
			break;
		case PORTB_ID:
			value = PINB;
    166a:	e6 e3       	ldi	r30, 0x36	; 54
    166c:	f0 e0       	ldi	r31, 0x00	; 0
    166e:	80 81       	ld	r24, Z
    1670:	89 83       	std	Y+1, r24	; 0x01
    1672:	09 c0       	rjmp	.+18     	; 0x1686 <GPIO_readPort+0x7a>
			break;
		case PORTC_ID:
			value = PINC;
    1674:	e3 e3       	ldi	r30, 0x33	; 51
    1676:	f0 e0       	ldi	r31, 0x00	; 0
    1678:	80 81       	ld	r24, Z
    167a:	89 83       	std	Y+1, r24	; 0x01
    167c:	04 c0       	rjmp	.+8      	; 0x1686 <GPIO_readPort+0x7a>
			break;
		case PORTD_ID:
			value = PIND;
    167e:	e0 e3       	ldi	r30, 0x30	; 48
    1680:	f0 e0       	ldi	r31, 0x00	; 0
    1682:	80 81       	ld	r24, Z
    1684:	89 83       	std	Y+1, r24	; 0x01
			break;
		}
	}

	return value;
    1686:	89 81       	ldd	r24, Y+1	; 0x01
}
    1688:	0f 90       	pop	r0
    168a:	0f 90       	pop	r0
    168c:	0f 90       	pop	r0
    168e:	0f 90       	pop	r0
    1690:	cf 91       	pop	r28
    1692:	df 91       	pop	r29
    1694:	08 95       	ret

00001696 <LCD_init>:
 * Initialize the LCD:
 * 1. Setup the LCD pins directions by use the GPIO driver.
 * 2. Setup the LCD Data Mode 4-bits or 8-bits.
 */
void LCD_init(void)
{
    1696:	df 93       	push	r29
    1698:	cf 93       	push	r28
    169a:	cd b7       	in	r28, 0x3d	; 61
    169c:	de b7       	in	r29, 0x3e	; 62
    169e:	2e 97       	sbiw	r28, 0x0e	; 14
    16a0:	0f b6       	in	r0, 0x3f	; 63
    16a2:	f8 94       	cli
    16a4:	de bf       	out	0x3e, r29	; 62
    16a6:	0f be       	out	0x3f, r0	; 63
    16a8:	cd bf       	out	0x3d, r28	; 61
	/* Configure the direction for RS, RW, and E pins as output pins */
	GPIO_setupPinDirection(LCD_RS_PORT_ID,LCD_RS_PIN_ID,PIN_OUTPUT);
    16aa:	83 e0       	ldi	r24, 0x03	; 3
    16ac:	60 e0       	ldi	r22, 0x00	; 0
    16ae:	41 e0       	ldi	r20, 0x01	; 1
    16b0:	0e 94 0d 08 	call	0x101a	; 0x101a <GPIO_setupPinDirection>
	GPIO_setupPinDirection(LCD_RW_PORT_ID,LCD_RW_PIN_ID,PIN_OUTPUT);
    16b4:	83 e0       	ldi	r24, 0x03	; 3
    16b6:	61 e0       	ldi	r22, 0x01	; 1
    16b8:	41 e0       	ldi	r20, 0x01	; 1
    16ba:	0e 94 0d 08 	call	0x101a	; 0x101a <GPIO_setupPinDirection>
	GPIO_setupPinDirection(LCD_E_PORT_ID,LCD_E_PIN_ID,PIN_OUTPUT);
    16be:	83 e0       	ldi	r24, 0x03	; 3
    16c0:	62 e0       	ldi	r22, 0x02	; 2
    16c2:	41 e0       	ldi	r20, 0x01	; 1
    16c4:	0e 94 0d 08 	call	0x101a	; 0x101a <GPIO_setupPinDirection>
    16c8:	80 e0       	ldi	r24, 0x00	; 0
    16ca:	90 e0       	ldi	r25, 0x00	; 0
    16cc:	a0 ea       	ldi	r26, 0xA0	; 160
    16ce:	b1 e4       	ldi	r27, 0x41	; 65
    16d0:	8b 87       	std	Y+11, r24	; 0x0b
    16d2:	9c 87       	std	Y+12, r25	; 0x0c
    16d4:	ad 87       	std	Y+13, r26	; 0x0d
    16d6:	be 87       	std	Y+14, r27	; 0x0e
 */
void
_delay_ms(double __ms)
{
	uint16_t __ticks;
	double __tmp = ((F_CPU) / 4e3) * __ms;
    16d8:	6b 85       	ldd	r22, Y+11	; 0x0b
    16da:	7c 85       	ldd	r23, Y+12	; 0x0c
    16dc:	8d 85       	ldd	r24, Y+13	; 0x0d
    16de:	9e 85       	ldd	r25, Y+14	; 0x0e
    16e0:	20 e0       	ldi	r18, 0x00	; 0
    16e2:	30 e0       	ldi	r19, 0x00	; 0
    16e4:	4a e7       	ldi	r20, 0x7A	; 122
    16e6:	53 e4       	ldi	r21, 0x43	; 67
    16e8:	0e 94 17 02 	call	0x42e	; 0x42e <__mulsf3>
    16ec:	dc 01       	movw	r26, r24
    16ee:	cb 01       	movw	r24, r22
    16f0:	8f 83       	std	Y+7, r24	; 0x07
    16f2:	98 87       	std	Y+8, r25	; 0x08
    16f4:	a9 87       	std	Y+9, r26	; 0x09
    16f6:	ba 87       	std	Y+10, r27	; 0x0a
	if (__tmp < 1.0)
    16f8:	6f 81       	ldd	r22, Y+7	; 0x07
    16fa:	78 85       	ldd	r23, Y+8	; 0x08
    16fc:	89 85       	ldd	r24, Y+9	; 0x09
    16fe:	9a 85       	ldd	r25, Y+10	; 0x0a
    1700:	20 e0       	ldi	r18, 0x00	; 0
    1702:	30 e0       	ldi	r19, 0x00	; 0
    1704:	40 e8       	ldi	r20, 0x80	; 128
    1706:	5f e3       	ldi	r21, 0x3F	; 63
    1708:	0e 94 1d 04 	call	0x83a	; 0x83a <__ltsf2>
    170c:	88 23       	and	r24, r24
    170e:	2c f4       	brge	.+10     	; 0x171a <LCD_init+0x84>
		__ticks = 1;
    1710:	81 e0       	ldi	r24, 0x01	; 1
    1712:	90 e0       	ldi	r25, 0x00	; 0
    1714:	9e 83       	std	Y+6, r25	; 0x06
    1716:	8d 83       	std	Y+5, r24	; 0x05
    1718:	3f c0       	rjmp	.+126    	; 0x1798 <LCD_init+0x102>
	else if (__tmp > 65535)
    171a:	6f 81       	ldd	r22, Y+7	; 0x07
    171c:	78 85       	ldd	r23, Y+8	; 0x08
    171e:	89 85       	ldd	r24, Y+9	; 0x09
    1720:	9a 85       	ldd	r25, Y+10	; 0x0a
    1722:	20 e0       	ldi	r18, 0x00	; 0
    1724:	3f ef       	ldi	r19, 0xFF	; 255
    1726:	4f e7       	ldi	r20, 0x7F	; 127
    1728:	57 e4       	ldi	r21, 0x47	; 71
    172a:	0e 94 bd 03 	call	0x77a	; 0x77a <__gtsf2>
    172e:	18 16       	cp	r1, r24
    1730:	4c f5       	brge	.+82     	; 0x1784 <LCD_init+0xee>
	{
		//	__ticks = requested delay in 1/10 ms
		__ticks = (uint16_t) (__ms * 10.0);
    1732:	6b 85       	ldd	r22, Y+11	; 0x0b
    1734:	7c 85       	ldd	r23, Y+12	; 0x0c
    1736:	8d 85       	ldd	r24, Y+13	; 0x0d
    1738:	9e 85       	ldd	r25, Y+14	; 0x0e
    173a:	20 e0       	ldi	r18, 0x00	; 0
    173c:	30 e0       	ldi	r19, 0x00	; 0
    173e:	40 e2       	ldi	r20, 0x20	; 32
    1740:	51 e4       	ldi	r21, 0x41	; 65
    1742:	0e 94 17 02 	call	0x42e	; 0x42e <__mulsf3>
    1746:	dc 01       	movw	r26, r24
    1748:	cb 01       	movw	r24, r22
    174a:	bc 01       	movw	r22, r24
    174c:	cd 01       	movw	r24, r26
    174e:	0e 94 41 00 	call	0x82	; 0x82 <__fixunssfsi>
    1752:	dc 01       	movw	r26, r24
    1754:	cb 01       	movw	r24, r22
    1756:	9e 83       	std	Y+6, r25	; 0x06
    1758:	8d 83       	std	Y+5, r24	; 0x05
    175a:	0f c0       	rjmp	.+30     	; 0x177a <LCD_init+0xe4>
    175c:	89 e1       	ldi	r24, 0x19	; 25
    175e:	90 e0       	ldi	r25, 0x00	; 0
    1760:	9c 83       	std	Y+4, r25	; 0x04
    1762:	8b 83       	std	Y+3, r24	; 0x03
    milliseconds can be achieved.
 */
void
_delay_loop_2(uint16_t __count)
{
	__asm__ volatile (
    1764:	8b 81       	ldd	r24, Y+3	; 0x03
    1766:	9c 81       	ldd	r25, Y+4	; 0x04
    1768:	01 97       	sbiw	r24, 0x01	; 1
    176a:	f1 f7       	brne	.-4      	; 0x1768 <LCD_init+0xd2>
    176c:	9c 83       	std	Y+4, r25	; 0x04
    176e:	8b 83       	std	Y+3, r24	; 0x03
		while(__ticks)
		{
			// wait 1/10 ms
			_delay_loop_2(((F_CPU) / 4e3) / 10);
			__ticks --;
    1770:	8d 81       	ldd	r24, Y+5	; 0x05
    1772:	9e 81       	ldd	r25, Y+6	; 0x06
    1774:	01 97       	sbiw	r24, 0x01	; 1
    1776:	9e 83       	std	Y+6, r25	; 0x06
    1778:	8d 83       	std	Y+5, r24	; 0x05
		__ticks = 1;
	else if (__tmp > 65535)
	{
		//	__ticks = requested delay in 1/10 ms
		__ticks = (uint16_t) (__ms * 10.0);
		while(__ticks)
    177a:	8d 81       	ldd	r24, Y+5	; 0x05
    177c:	9e 81       	ldd	r25, Y+6	; 0x06
    177e:	00 97       	sbiw	r24, 0x00	; 0
    1780:	69 f7       	brne	.-38     	; 0x175c <LCD_init+0xc6>
    1782:	14 c0       	rjmp	.+40     	; 0x17ac <LCD_init+0x116>
			__ticks --;
		}
		return;
	}
	else
		__ticks = (uint16_t)__tmp;
    1784:	6f 81       	ldd	r22, Y+7	; 0x07
    1786:	78 85       	ldd	r23, Y+8	; 0x08
    1788:	89 85       	ldd	r24, Y+9	; 0x09
    178a:	9a 85       	ldd	r25, Y+10	; 0x0a
    178c:	0e 94 41 00 	call	0x82	; 0x82 <__fixunssfsi>
    1790:	dc 01       	movw	r26, r24
    1792:	cb 01       	movw	r24, r22
    1794:	9e 83       	std	Y+6, r25	; 0x06
    1796:	8d 83       	std	Y+5, r24	; 0x05
    1798:	8d 81       	ldd	r24, Y+5	; 0x05
    179a:	9e 81       	ldd	r25, Y+6	; 0x06
    179c:	9a 83       	std	Y+2, r25	; 0x02
    179e:	89 83       	std	Y+1, r24	; 0x01
    17a0:	89 81       	ldd	r24, Y+1	; 0x01
    17a2:	9a 81       	ldd	r25, Y+2	; 0x02
    17a4:	01 97       	sbiw	r24, 0x01	; 1
    17a6:	f1 f7       	brne	.-4      	; 0x17a4 <LCD_init+0x10e>
    17a8:	9a 83       	std	Y+2, r25	; 0x02
    17aa:	89 83       	std	Y+1, r24	; 0x01
	/* use 2-lines LCD + 4-bits Data Mode + 5*7 dot display Mode */
	LCD_sendCommand(LCD_TWO_LINES_FOUR_BITS_MODE);

#elif(LCD_DATA_BITS_MODE == 8)
	/* Configure the data port as output port */
	GPIO_setupPortDirection(LCD_DATA_PORT_ID,PORT_OUTPUT);
    17ac:	82 e0       	ldi	r24, 0x02	; 2
    17ae:	6f ef       	ldi	r22, 0xFF	; 255
    17b0:	0e 94 7e 0a 	call	0x14fc	; 0x14fc <GPIO_setupPortDirection>

	/* use 2-lines LCD + 8-bits Data Mode + 5*7 dot display Mode */
	LCD_sendCommand(LCD_TWO_LINES_EIGHT_BITS_MODE);
    17b4:	88 e3       	ldi	r24, 0x38	; 56
    17b6:	0e 94 f1 0b 	call	0x17e2	; 0x17e2 <LCD_sendCommand>

#endif

	/* Configure the read/write pin as Write */
	GPIO_writePin(LCD_RW_PORT_ID, LCD_RW_PIN_ID, LOGIC_LOW);
    17ba:	83 e0       	ldi	r24, 0x03	; 3
    17bc:	61 e0       	ldi	r22, 0x01	; 1
    17be:	40 e0       	ldi	r20, 0x00	; 0
    17c0:	0e 94 f8 08 	call	0x11f0	; 0x11f0 <GPIO_writePin>

	LCD_sendCommand(LCD_CURSOR_OFF); /* cursor off */
    17c4:	8c e0       	ldi	r24, 0x0C	; 12
    17c6:	0e 94 f1 0b 	call	0x17e2	; 0x17e2 <LCD_sendCommand>
	LCD_sendCommand(LCD_CLEAR_COMMAND); /* clear LCD at the beginning */
    17ca:	81 e0       	ldi	r24, 0x01	; 1
    17cc:	0e 94 f1 0b 	call	0x17e2	; 0x17e2 <LCD_sendCommand>
}
    17d0:	2e 96       	adiw	r28, 0x0e	; 14
    17d2:	0f b6       	in	r0, 0x3f	; 63
    17d4:	f8 94       	cli
    17d6:	de bf       	out	0x3e, r29	; 62
    17d8:	0f be       	out	0x3f, r0	; 63
    17da:	cd bf       	out	0x3d, r28	; 61
    17dc:	cf 91       	pop	r28
    17de:	df 91       	pop	r29
    17e0:	08 95       	ret

000017e2 <LCD_sendCommand>:
/*
 * Description :
 * Send the required command to the screen
 */
void LCD_sendCommand(uint8 command)
{
    17e2:	df 93       	push	r29
    17e4:	cf 93       	push	r28
    17e6:	cd b7       	in	r28, 0x3d	; 61
    17e8:	de b7       	in	r29, 0x3e	; 62
    17ea:	e9 97       	sbiw	r28, 0x39	; 57
    17ec:	0f b6       	in	r0, 0x3f	; 63
    17ee:	f8 94       	cli
    17f0:	de bf       	out	0x3e, r29	; 62
    17f2:	0f be       	out	0x3f, r0	; 63
    17f4:	cd bf       	out	0x3d, r28	; 61
    17f6:	89 af       	std	Y+57, r24	; 0x39
	GPIO_writePin(LCD_RS_PORT_ID,LCD_RS_PIN_ID,LOGIC_LOW); /* Instruction Mode RS=0 */
    17f8:	83 e0       	ldi	r24, 0x03	; 3
    17fa:	60 e0       	ldi	r22, 0x00	; 0
    17fc:	40 e0       	ldi	r20, 0x00	; 0
    17fe:	0e 94 f8 08 	call	0x11f0	; 0x11f0 <GPIO_writePin>
    1802:	80 e0       	ldi	r24, 0x00	; 0
    1804:	90 e0       	ldi	r25, 0x00	; 0
    1806:	a0 e8       	ldi	r26, 0x80	; 128
    1808:	bf e3       	ldi	r27, 0x3F	; 63
    180a:	8d ab       	std	Y+53, r24	; 0x35
    180c:	9e ab       	std	Y+54, r25	; 0x36
    180e:	af ab       	std	Y+55, r26	; 0x37
    1810:	b8 af       	std	Y+56, r27	; 0x38
 */
void
_delay_ms(double __ms)
{
	uint16_t __ticks;
	double __tmp = ((F_CPU) / 4e3) * __ms;
    1812:	6d a9       	ldd	r22, Y+53	; 0x35
    1814:	7e a9       	ldd	r23, Y+54	; 0x36
    1816:	8f a9       	ldd	r24, Y+55	; 0x37
    1818:	98 ad       	ldd	r25, Y+56	; 0x38
    181a:	20 e0       	ldi	r18, 0x00	; 0
    181c:	30 e0       	ldi	r19, 0x00	; 0
    181e:	4a e7       	ldi	r20, 0x7A	; 122
    1820:	53 e4       	ldi	r21, 0x43	; 67
    1822:	0e 94 17 02 	call	0x42e	; 0x42e <__mulsf3>
    1826:	dc 01       	movw	r26, r24
    1828:	cb 01       	movw	r24, r22
    182a:	89 ab       	std	Y+49, r24	; 0x31
    182c:	9a ab       	std	Y+50, r25	; 0x32
    182e:	ab ab       	std	Y+51, r26	; 0x33
    1830:	bc ab       	std	Y+52, r27	; 0x34
	if (__tmp < 1.0)
    1832:	69 a9       	ldd	r22, Y+49	; 0x31
    1834:	7a a9       	ldd	r23, Y+50	; 0x32
    1836:	8b a9       	ldd	r24, Y+51	; 0x33
    1838:	9c a9       	ldd	r25, Y+52	; 0x34
    183a:	20 e0       	ldi	r18, 0x00	; 0
    183c:	30 e0       	ldi	r19, 0x00	; 0
    183e:	40 e8       	ldi	r20, 0x80	; 128
    1840:	5f e3       	ldi	r21, 0x3F	; 63
    1842:	0e 94 1d 04 	call	0x83a	; 0x83a <__ltsf2>
    1846:	88 23       	and	r24, r24
    1848:	2c f4       	brge	.+10     	; 0x1854 <LCD_sendCommand+0x72>
		__ticks = 1;
    184a:	81 e0       	ldi	r24, 0x01	; 1
    184c:	90 e0       	ldi	r25, 0x00	; 0
    184e:	98 ab       	std	Y+48, r25	; 0x30
    1850:	8f a7       	std	Y+47, r24	; 0x2f
    1852:	3f c0       	rjmp	.+126    	; 0x18d2 <LCD_sendCommand+0xf0>
	else if (__tmp > 65535)
    1854:	69 a9       	ldd	r22, Y+49	; 0x31
    1856:	7a a9       	ldd	r23, Y+50	; 0x32
    1858:	8b a9       	ldd	r24, Y+51	; 0x33
    185a:	9c a9       	ldd	r25, Y+52	; 0x34
    185c:	20 e0       	ldi	r18, 0x00	; 0
    185e:	3f ef       	ldi	r19, 0xFF	; 255
    1860:	4f e7       	ldi	r20, 0x7F	; 127
    1862:	57 e4       	ldi	r21, 0x47	; 71
    1864:	0e 94 bd 03 	call	0x77a	; 0x77a <__gtsf2>
    1868:	18 16       	cp	r1, r24
    186a:	4c f5       	brge	.+82     	; 0x18be <LCD_sendCommand+0xdc>
	{
		//	__ticks = requested delay in 1/10 ms
		__ticks = (uint16_t) (__ms * 10.0);
    186c:	6d a9       	ldd	r22, Y+53	; 0x35
    186e:	7e a9       	ldd	r23, Y+54	; 0x36
    1870:	8f a9       	ldd	r24, Y+55	; 0x37
    1872:	98 ad       	ldd	r25, Y+56	; 0x38
    1874:	20 e0       	ldi	r18, 0x00	; 0
    1876:	30 e0       	ldi	r19, 0x00	; 0
    1878:	40 e2       	ldi	r20, 0x20	; 32
    187a:	51 e4       	ldi	r21, 0x41	; 65
    187c:	0e 94 17 02 	call	0x42e	; 0x42e <__mulsf3>
    1880:	dc 01       	movw	r26, r24
    1882:	cb 01       	movw	r24, r22
    1884:	bc 01       	movw	r22, r24
    1886:	cd 01       	movw	r24, r26
    1888:	0e 94 41 00 	call	0x82	; 0x82 <__fixunssfsi>
    188c:	dc 01       	movw	r26, r24
    188e:	cb 01       	movw	r24, r22
    1890:	98 ab       	std	Y+48, r25	; 0x30
    1892:	8f a7       	std	Y+47, r24	; 0x2f
    1894:	0f c0       	rjmp	.+30     	; 0x18b4 <LCD_sendCommand+0xd2>
    1896:	89 e1       	ldi	r24, 0x19	; 25
    1898:	90 e0       	ldi	r25, 0x00	; 0
    189a:	9e a7       	std	Y+46, r25	; 0x2e
    189c:	8d a7       	std	Y+45, r24	; 0x2d
    189e:	8d a5       	ldd	r24, Y+45	; 0x2d
    18a0:	9e a5       	ldd	r25, Y+46	; 0x2e
    18a2:	01 97       	sbiw	r24, 0x01	; 1
    18a4:	f1 f7       	brne	.-4      	; 0x18a2 <LCD_sendCommand+0xc0>
    18a6:	9e a7       	std	Y+46, r25	; 0x2e
    18a8:	8d a7       	std	Y+45, r24	; 0x2d
		while(__ticks)
		{
			// wait 1/10 ms
			_delay_loop_2(((F_CPU) / 4e3) / 10);
			__ticks --;
    18aa:	8f a5       	ldd	r24, Y+47	; 0x2f
    18ac:	98 a9       	ldd	r25, Y+48	; 0x30
    18ae:	01 97       	sbiw	r24, 0x01	; 1
    18b0:	98 ab       	std	Y+48, r25	; 0x30
    18b2:	8f a7       	std	Y+47, r24	; 0x2f
		__ticks = 1;
	else if (__tmp > 65535)
	{
		//	__ticks = requested delay in 1/10 ms
		__ticks = (uint16_t) (__ms * 10.0);
		while(__ticks)
    18b4:	8f a5       	ldd	r24, Y+47	; 0x2f
    18b6:	98 a9       	ldd	r25, Y+48	; 0x30
    18b8:	00 97       	sbiw	r24, 0x00	; 0
    18ba:	69 f7       	brne	.-38     	; 0x1896 <LCD_sendCommand+0xb4>
    18bc:	14 c0       	rjmp	.+40     	; 0x18e6 <LCD_sendCommand+0x104>
			__ticks --;
		}
		return;
	}
	else
		__ticks = (uint16_t)__tmp;
    18be:	69 a9       	ldd	r22, Y+49	; 0x31
    18c0:	7a a9       	ldd	r23, Y+50	; 0x32
    18c2:	8b a9       	ldd	r24, Y+51	; 0x33
    18c4:	9c a9       	ldd	r25, Y+52	; 0x34
    18c6:	0e 94 41 00 	call	0x82	; 0x82 <__fixunssfsi>
    18ca:	dc 01       	movw	r26, r24
    18cc:	cb 01       	movw	r24, r22
    18ce:	98 ab       	std	Y+48, r25	; 0x30
    18d0:	8f a7       	std	Y+47, r24	; 0x2f
    18d2:	8f a5       	ldd	r24, Y+47	; 0x2f
    18d4:	98 a9       	ldd	r25, Y+48	; 0x30
    18d6:	9c a7       	std	Y+44, r25	; 0x2c
    18d8:	8b a7       	std	Y+43, r24	; 0x2b
    18da:	8b a5       	ldd	r24, Y+43	; 0x2b
    18dc:	9c a5       	ldd	r25, Y+44	; 0x2c
    18de:	01 97       	sbiw	r24, 0x01	; 1
    18e0:	f1 f7       	brne	.-4      	; 0x18de <LCD_sendCommand+0xfc>
    18e2:	9c a7       	std	Y+44, r25	; 0x2c
    18e4:	8b a7       	std	Y+43, r24	; 0x2b
	_delay_ms(1); /* delay for processing Tas = 50ns */
	GPIO_writePin(LCD_E_PORT_ID,LCD_E_PIN_ID,LOGIC_HIGH); /* Enable LCD E=1 */
    18e6:	83 e0       	ldi	r24, 0x03	; 3
    18e8:	62 e0       	ldi	r22, 0x02	; 2
    18ea:	41 e0       	ldi	r20, 0x01	; 1
    18ec:	0e 94 f8 08 	call	0x11f0	; 0x11f0 <GPIO_writePin>
    18f0:	80 e0       	ldi	r24, 0x00	; 0
    18f2:	90 e0       	ldi	r25, 0x00	; 0
    18f4:	a0 e8       	ldi	r26, 0x80	; 128
    18f6:	bf e3       	ldi	r27, 0x3F	; 63
    18f8:	8f a3       	std	Y+39, r24	; 0x27
    18fa:	98 a7       	std	Y+40, r25	; 0x28
    18fc:	a9 a7       	std	Y+41, r26	; 0x29
    18fe:	ba a7       	std	Y+42, r27	; 0x2a
 */
void
_delay_ms(double __ms)
{
	uint16_t __ticks;
	double __tmp = ((F_CPU) / 4e3) * __ms;
    1900:	6f a1       	ldd	r22, Y+39	; 0x27
    1902:	78 a5       	ldd	r23, Y+40	; 0x28
    1904:	89 a5       	ldd	r24, Y+41	; 0x29
    1906:	9a a5       	ldd	r25, Y+42	; 0x2a
    1908:	20 e0       	ldi	r18, 0x00	; 0
    190a:	30 e0       	ldi	r19, 0x00	; 0
    190c:	4a e7       	ldi	r20, 0x7A	; 122
    190e:	53 e4       	ldi	r21, 0x43	; 67
    1910:	0e 94 17 02 	call	0x42e	; 0x42e <__mulsf3>
    1914:	dc 01       	movw	r26, r24
    1916:	cb 01       	movw	r24, r22
    1918:	8b a3       	std	Y+35, r24	; 0x23
    191a:	9c a3       	std	Y+36, r25	; 0x24
    191c:	ad a3       	std	Y+37, r26	; 0x25
    191e:	be a3       	std	Y+38, r27	; 0x26
	if (__tmp < 1.0)
    1920:	6b a1       	ldd	r22, Y+35	; 0x23
    1922:	7c a1       	ldd	r23, Y+36	; 0x24
    1924:	8d a1       	ldd	r24, Y+37	; 0x25
    1926:	9e a1       	ldd	r25, Y+38	; 0x26
    1928:	20 e0       	ldi	r18, 0x00	; 0
    192a:	30 e0       	ldi	r19, 0x00	; 0
    192c:	40 e8       	ldi	r20, 0x80	; 128
    192e:	5f e3       	ldi	r21, 0x3F	; 63
    1930:	0e 94 1d 04 	call	0x83a	; 0x83a <__ltsf2>
    1934:	88 23       	and	r24, r24
    1936:	2c f4       	brge	.+10     	; 0x1942 <LCD_sendCommand+0x160>
		__ticks = 1;
    1938:	81 e0       	ldi	r24, 0x01	; 1
    193a:	90 e0       	ldi	r25, 0x00	; 0
    193c:	9a a3       	std	Y+34, r25	; 0x22
    193e:	89 a3       	std	Y+33, r24	; 0x21
    1940:	3f c0       	rjmp	.+126    	; 0x19c0 <LCD_sendCommand+0x1de>
	else if (__tmp > 65535)
    1942:	6b a1       	ldd	r22, Y+35	; 0x23
    1944:	7c a1       	ldd	r23, Y+36	; 0x24
    1946:	8d a1       	ldd	r24, Y+37	; 0x25
    1948:	9e a1       	ldd	r25, Y+38	; 0x26
    194a:	20 e0       	ldi	r18, 0x00	; 0
    194c:	3f ef       	ldi	r19, 0xFF	; 255
    194e:	4f e7       	ldi	r20, 0x7F	; 127
    1950:	57 e4       	ldi	r21, 0x47	; 71
    1952:	0e 94 bd 03 	call	0x77a	; 0x77a <__gtsf2>
    1956:	18 16       	cp	r1, r24
    1958:	4c f5       	brge	.+82     	; 0x19ac <LCD_sendCommand+0x1ca>
	{
		//	__ticks = requested delay in 1/10 ms
		__ticks = (uint16_t) (__ms * 10.0);
    195a:	6f a1       	ldd	r22, Y+39	; 0x27
    195c:	78 a5       	ldd	r23, Y+40	; 0x28
    195e:	89 a5       	ldd	r24, Y+41	; 0x29
    1960:	9a a5       	ldd	r25, Y+42	; 0x2a
    1962:	20 e0       	ldi	r18, 0x00	; 0
    1964:	30 e0       	ldi	r19, 0x00	; 0
    1966:	40 e2       	ldi	r20, 0x20	; 32
    1968:	51 e4       	ldi	r21, 0x41	; 65
    196a:	0e 94 17 02 	call	0x42e	; 0x42e <__mulsf3>
    196e:	dc 01       	movw	r26, r24
    1970:	cb 01       	movw	r24, r22
    1972:	bc 01       	movw	r22, r24
    1974:	cd 01       	movw	r24, r26
    1976:	0e 94 41 00 	call	0x82	; 0x82 <__fixunssfsi>
    197a:	dc 01       	movw	r26, r24
    197c:	cb 01       	movw	r24, r22
    197e:	9a a3       	std	Y+34, r25	; 0x22
    1980:	89 a3       	std	Y+33, r24	; 0x21
    1982:	0f c0       	rjmp	.+30     	; 0x19a2 <LCD_sendCommand+0x1c0>
    1984:	89 e1       	ldi	r24, 0x19	; 25
    1986:	90 e0       	ldi	r25, 0x00	; 0
    1988:	98 a3       	std	Y+32, r25	; 0x20
    198a:	8f 8f       	std	Y+31, r24	; 0x1f
    198c:	8f 8d       	ldd	r24, Y+31	; 0x1f
    198e:	98 a1       	ldd	r25, Y+32	; 0x20
    1990:	01 97       	sbiw	r24, 0x01	; 1
    1992:	f1 f7       	brne	.-4      	; 0x1990 <LCD_sendCommand+0x1ae>
    1994:	98 a3       	std	Y+32, r25	; 0x20
    1996:	8f 8f       	std	Y+31, r24	; 0x1f
		while(__ticks)
		{
			// wait 1/10 ms
			_delay_loop_2(((F_CPU) / 4e3) / 10);
			__ticks --;
    1998:	89 a1       	ldd	r24, Y+33	; 0x21
    199a:	9a a1       	ldd	r25, Y+34	; 0x22
    199c:	01 97       	sbiw	r24, 0x01	; 1
    199e:	9a a3       	std	Y+34, r25	; 0x22
    19a0:	89 a3       	std	Y+33, r24	; 0x21
		__ticks = 1;
	else if (__tmp > 65535)
	{
		//	__ticks = requested delay in 1/10 ms
		__ticks = (uint16_t) (__ms * 10.0);
		while(__ticks)
    19a2:	89 a1       	ldd	r24, Y+33	; 0x21
    19a4:	9a a1       	ldd	r25, Y+34	; 0x22
    19a6:	00 97       	sbiw	r24, 0x00	; 0
    19a8:	69 f7       	brne	.-38     	; 0x1984 <LCD_sendCommand+0x1a2>
    19aa:	14 c0       	rjmp	.+40     	; 0x19d4 <LCD_sendCommand+0x1f2>
			__ticks --;
		}
		return;
	}
	else
		__ticks = (uint16_t)__tmp;
    19ac:	6b a1       	ldd	r22, Y+35	; 0x23
    19ae:	7c a1       	ldd	r23, Y+36	; 0x24
    19b0:	8d a1       	ldd	r24, Y+37	; 0x25
    19b2:	9e a1       	ldd	r25, Y+38	; 0x26
    19b4:	0e 94 41 00 	call	0x82	; 0x82 <__fixunssfsi>
    19b8:	dc 01       	movw	r26, r24
    19ba:	cb 01       	movw	r24, r22
    19bc:	9a a3       	std	Y+34, r25	; 0x22
    19be:	89 a3       	std	Y+33, r24	; 0x21
    19c0:	89 a1       	ldd	r24, Y+33	; 0x21
    19c2:	9a a1       	ldd	r25, Y+34	; 0x22
    19c4:	9e 8f       	std	Y+30, r25	; 0x1e
    19c6:	8d 8f       	std	Y+29, r24	; 0x1d
    19c8:	8d 8d       	ldd	r24, Y+29	; 0x1d
    19ca:	9e 8d       	ldd	r25, Y+30	; 0x1e
    19cc:	01 97       	sbiw	r24, 0x01	; 1
    19ce:	f1 f7       	brne	.-4      	; 0x19cc <LCD_sendCommand+0x1ea>
    19d0:	9e 8f       	std	Y+30, r25	; 0x1e
    19d2:	8d 8f       	std	Y+29, r24	; 0x1d
	_delay_ms(1); /* delay for processing Tdsw = 100ns */
	GPIO_writePin(LCD_E_PORT_ID,LCD_E_PIN_ID,LOGIC_LOW); /* Disable LCD E=0 */
	_delay_ms(1); /* delay for processing Th = 13ns */

#elif(LCD_DATA_BITS_MODE == 8)
	GPIO_writePort(LCD_DATA_PORT_ID,command); /* out the required command to the data bus D0 --> D7 */
    19d4:	82 e0       	ldi	r24, 0x02	; 2
    19d6:	69 ad       	ldd	r22, Y+57	; 0x39
    19d8:	0e 94 c2 0a 	call	0x1584	; 0x1584 <GPIO_writePort>
    19dc:	80 e0       	ldi	r24, 0x00	; 0
    19de:	90 e0       	ldi	r25, 0x00	; 0
    19e0:	a0 e8       	ldi	r26, 0x80	; 128
    19e2:	bf e3       	ldi	r27, 0x3F	; 63
    19e4:	89 8f       	std	Y+25, r24	; 0x19
    19e6:	9a 8f       	std	Y+26, r25	; 0x1a
    19e8:	ab 8f       	std	Y+27, r26	; 0x1b
    19ea:	bc 8f       	std	Y+28, r27	; 0x1c
 */
void
_delay_ms(double __ms)
{
	uint16_t __ticks;
	double __tmp = ((F_CPU) / 4e3) * __ms;
    19ec:	69 8d       	ldd	r22, Y+25	; 0x19
    19ee:	7a 8d       	ldd	r23, Y+26	; 0x1a
    19f0:	8b 8d       	ldd	r24, Y+27	; 0x1b
    19f2:	9c 8d       	ldd	r25, Y+28	; 0x1c
    19f4:	20 e0       	ldi	r18, 0x00	; 0
    19f6:	30 e0       	ldi	r19, 0x00	; 0
    19f8:	4a e7       	ldi	r20, 0x7A	; 122
    19fa:	53 e4       	ldi	r21, 0x43	; 67
    19fc:	0e 94 17 02 	call	0x42e	; 0x42e <__mulsf3>
    1a00:	dc 01       	movw	r26, r24
    1a02:	cb 01       	movw	r24, r22
    1a04:	8d 8b       	std	Y+21, r24	; 0x15
    1a06:	9e 8b       	std	Y+22, r25	; 0x16
    1a08:	af 8b       	std	Y+23, r26	; 0x17
    1a0a:	b8 8f       	std	Y+24, r27	; 0x18
	if (__tmp < 1.0)
    1a0c:	6d 89       	ldd	r22, Y+21	; 0x15
    1a0e:	7e 89       	ldd	r23, Y+22	; 0x16
    1a10:	8f 89       	ldd	r24, Y+23	; 0x17
    1a12:	98 8d       	ldd	r25, Y+24	; 0x18
    1a14:	20 e0       	ldi	r18, 0x00	; 0
    1a16:	30 e0       	ldi	r19, 0x00	; 0
    1a18:	40 e8       	ldi	r20, 0x80	; 128
    1a1a:	5f e3       	ldi	r21, 0x3F	; 63
    1a1c:	0e 94 1d 04 	call	0x83a	; 0x83a <__ltsf2>
    1a20:	88 23       	and	r24, r24
    1a22:	2c f4       	brge	.+10     	; 0x1a2e <LCD_sendCommand+0x24c>
		__ticks = 1;
    1a24:	81 e0       	ldi	r24, 0x01	; 1
    1a26:	90 e0       	ldi	r25, 0x00	; 0
    1a28:	9c 8b       	std	Y+20, r25	; 0x14
    1a2a:	8b 8b       	std	Y+19, r24	; 0x13
    1a2c:	3f c0       	rjmp	.+126    	; 0x1aac <LCD_sendCommand+0x2ca>
	else if (__tmp > 65535)
    1a2e:	6d 89       	ldd	r22, Y+21	; 0x15
    1a30:	7e 89       	ldd	r23, Y+22	; 0x16
    1a32:	8f 89       	ldd	r24, Y+23	; 0x17
    1a34:	98 8d       	ldd	r25, Y+24	; 0x18
    1a36:	20 e0       	ldi	r18, 0x00	; 0
    1a38:	3f ef       	ldi	r19, 0xFF	; 255
    1a3a:	4f e7       	ldi	r20, 0x7F	; 127
    1a3c:	57 e4       	ldi	r21, 0x47	; 71
    1a3e:	0e 94 bd 03 	call	0x77a	; 0x77a <__gtsf2>
    1a42:	18 16       	cp	r1, r24
    1a44:	4c f5       	brge	.+82     	; 0x1a98 <LCD_sendCommand+0x2b6>
	{
		//	__ticks = requested delay in 1/10 ms
		__ticks = (uint16_t) (__ms * 10.0);
    1a46:	69 8d       	ldd	r22, Y+25	; 0x19
    1a48:	7a 8d       	ldd	r23, Y+26	; 0x1a
    1a4a:	8b 8d       	ldd	r24, Y+27	; 0x1b
    1a4c:	9c 8d       	ldd	r25, Y+28	; 0x1c
    1a4e:	20 e0       	ldi	r18, 0x00	; 0
    1a50:	30 e0       	ldi	r19, 0x00	; 0
    1a52:	40 e2       	ldi	r20, 0x20	; 32
    1a54:	51 e4       	ldi	r21, 0x41	; 65
    1a56:	0e 94 17 02 	call	0x42e	; 0x42e <__mulsf3>
    1a5a:	dc 01       	movw	r26, r24
    1a5c:	cb 01       	movw	r24, r22
    1a5e:	bc 01       	movw	r22, r24
    1a60:	cd 01       	movw	r24, r26
    1a62:	0e 94 41 00 	call	0x82	; 0x82 <__fixunssfsi>
    1a66:	dc 01       	movw	r26, r24
    1a68:	cb 01       	movw	r24, r22
    1a6a:	9c 8b       	std	Y+20, r25	; 0x14
    1a6c:	8b 8b       	std	Y+19, r24	; 0x13
    1a6e:	0f c0       	rjmp	.+30     	; 0x1a8e <LCD_sendCommand+0x2ac>
    1a70:	89 e1       	ldi	r24, 0x19	; 25
    1a72:	90 e0       	ldi	r25, 0x00	; 0
    1a74:	9a 8b       	std	Y+18, r25	; 0x12
    1a76:	89 8b       	std	Y+17, r24	; 0x11
    1a78:	89 89       	ldd	r24, Y+17	; 0x11
    1a7a:	9a 89       	ldd	r25, Y+18	; 0x12
    1a7c:	01 97       	sbiw	r24, 0x01	; 1
    1a7e:	f1 f7       	brne	.-4      	; 0x1a7c <LCD_sendCommand+0x29a>
    1a80:	9a 8b       	std	Y+18, r25	; 0x12
    1a82:	89 8b       	std	Y+17, r24	; 0x11
		while(__ticks)
		{
			// wait 1/10 ms
			_delay_loop_2(((F_CPU) / 4e3) / 10);
			__ticks --;
    1a84:	8b 89       	ldd	r24, Y+19	; 0x13
    1a86:	9c 89       	ldd	r25, Y+20	; 0x14
    1a88:	01 97       	sbiw	r24, 0x01	; 1
    1a8a:	9c 8b       	std	Y+20, r25	; 0x14
    1a8c:	8b 8b       	std	Y+19, r24	; 0x13
		__ticks = 1;
	else if (__tmp > 65535)
	{
		//	__ticks = requested delay in 1/10 ms
		__ticks = (uint16_t) (__ms * 10.0);
		while(__ticks)
    1a8e:	8b 89       	ldd	r24, Y+19	; 0x13
    1a90:	9c 89       	ldd	r25, Y+20	; 0x14
    1a92:	00 97       	sbiw	r24, 0x00	; 0
    1a94:	69 f7       	brne	.-38     	; 0x1a70 <LCD_sendCommand+0x28e>
    1a96:	14 c0       	rjmp	.+40     	; 0x1ac0 <LCD_sendCommand+0x2de>
			__ticks --;
		}
		return;
	}
	else
		__ticks = (uint16_t)__tmp;
    1a98:	6d 89       	ldd	r22, Y+21	; 0x15
    1a9a:	7e 89       	ldd	r23, Y+22	; 0x16
    1a9c:	8f 89       	ldd	r24, Y+23	; 0x17
    1a9e:	98 8d       	ldd	r25, Y+24	; 0x18
    1aa0:	0e 94 41 00 	call	0x82	; 0x82 <__fixunssfsi>
    1aa4:	dc 01       	movw	r26, r24
    1aa6:	cb 01       	movw	r24, r22
    1aa8:	9c 8b       	std	Y+20, r25	; 0x14
    1aaa:	8b 8b       	std	Y+19, r24	; 0x13
    1aac:	8b 89       	ldd	r24, Y+19	; 0x13
    1aae:	9c 89       	ldd	r25, Y+20	; 0x14
    1ab0:	98 8b       	std	Y+16, r25	; 0x10
    1ab2:	8f 87       	std	Y+15, r24	; 0x0f
    1ab4:	8f 85       	ldd	r24, Y+15	; 0x0f
    1ab6:	98 89       	ldd	r25, Y+16	; 0x10
    1ab8:	01 97       	sbiw	r24, 0x01	; 1
    1aba:	f1 f7       	brne	.-4      	; 0x1ab8 <LCD_sendCommand+0x2d6>
    1abc:	98 8b       	std	Y+16, r25	; 0x10
    1abe:	8f 87       	std	Y+15, r24	; 0x0f
	_delay_ms(1); /* delay for processing Tdsw = 100ns */
	GPIO_writePin(LCD_E_PORT_ID,LCD_E_PIN_ID,LOGIC_LOW); /* Disable LCD E=0 */
    1ac0:	83 e0       	ldi	r24, 0x03	; 3
    1ac2:	62 e0       	ldi	r22, 0x02	; 2
    1ac4:	40 e0       	ldi	r20, 0x00	; 0
    1ac6:	0e 94 f8 08 	call	0x11f0	; 0x11f0 <GPIO_writePin>
    1aca:	80 e0       	ldi	r24, 0x00	; 0
    1acc:	90 e0       	ldi	r25, 0x00	; 0
    1ace:	a0 e8       	ldi	r26, 0x80	; 128
    1ad0:	bf e3       	ldi	r27, 0x3F	; 63
    1ad2:	8b 87       	std	Y+11, r24	; 0x0b
    1ad4:	9c 87       	std	Y+12, r25	; 0x0c
    1ad6:	ad 87       	std	Y+13, r26	; 0x0d
    1ad8:	be 87       	std	Y+14, r27	; 0x0e
 */
void
_delay_ms(double __ms)
{
	uint16_t __ticks;
	double __tmp = ((F_CPU) / 4e3) * __ms;
    1ada:	6b 85       	ldd	r22, Y+11	; 0x0b
    1adc:	7c 85       	ldd	r23, Y+12	; 0x0c
    1ade:	8d 85       	ldd	r24, Y+13	; 0x0d
    1ae0:	9e 85       	ldd	r25, Y+14	; 0x0e
    1ae2:	20 e0       	ldi	r18, 0x00	; 0
    1ae4:	30 e0       	ldi	r19, 0x00	; 0
    1ae6:	4a e7       	ldi	r20, 0x7A	; 122
    1ae8:	53 e4       	ldi	r21, 0x43	; 67
    1aea:	0e 94 17 02 	call	0x42e	; 0x42e <__mulsf3>
    1aee:	dc 01       	movw	r26, r24
    1af0:	cb 01       	movw	r24, r22
    1af2:	8f 83       	std	Y+7, r24	; 0x07
    1af4:	98 87       	std	Y+8, r25	; 0x08
    1af6:	a9 87       	std	Y+9, r26	; 0x09
    1af8:	ba 87       	std	Y+10, r27	; 0x0a
	if (__tmp < 1.0)
    1afa:	6f 81       	ldd	r22, Y+7	; 0x07
    1afc:	78 85       	ldd	r23, Y+8	; 0x08
    1afe:	89 85       	ldd	r24, Y+9	; 0x09
    1b00:	9a 85       	ldd	r25, Y+10	; 0x0a
    1b02:	20 e0       	ldi	r18, 0x00	; 0
    1b04:	30 e0       	ldi	r19, 0x00	; 0
    1b06:	40 e8       	ldi	r20, 0x80	; 128
    1b08:	5f e3       	ldi	r21, 0x3F	; 63
    1b0a:	0e 94 1d 04 	call	0x83a	; 0x83a <__ltsf2>
    1b0e:	88 23       	and	r24, r24
    1b10:	2c f4       	brge	.+10     	; 0x1b1c <LCD_sendCommand+0x33a>
		__ticks = 1;
    1b12:	81 e0       	ldi	r24, 0x01	; 1
    1b14:	90 e0       	ldi	r25, 0x00	; 0
    1b16:	9e 83       	std	Y+6, r25	; 0x06
    1b18:	8d 83       	std	Y+5, r24	; 0x05
    1b1a:	3f c0       	rjmp	.+126    	; 0x1b9a <LCD_sendCommand+0x3b8>
	else if (__tmp > 65535)
    1b1c:	6f 81       	ldd	r22, Y+7	; 0x07
    1b1e:	78 85       	ldd	r23, Y+8	; 0x08
    1b20:	89 85       	ldd	r24, Y+9	; 0x09
    1b22:	9a 85       	ldd	r25, Y+10	; 0x0a
    1b24:	20 e0       	ldi	r18, 0x00	; 0
    1b26:	3f ef       	ldi	r19, 0xFF	; 255
    1b28:	4f e7       	ldi	r20, 0x7F	; 127
    1b2a:	57 e4       	ldi	r21, 0x47	; 71
    1b2c:	0e 94 bd 03 	call	0x77a	; 0x77a <__gtsf2>
    1b30:	18 16       	cp	r1, r24
    1b32:	4c f5       	brge	.+82     	; 0x1b86 <LCD_sendCommand+0x3a4>
	{
		//	__ticks = requested delay in 1/10 ms
		__ticks = (uint16_t) (__ms * 10.0);
    1b34:	6b 85       	ldd	r22, Y+11	; 0x0b
    1b36:	7c 85       	ldd	r23, Y+12	; 0x0c
    1b38:	8d 85       	ldd	r24, Y+13	; 0x0d
    1b3a:	9e 85       	ldd	r25, Y+14	; 0x0e
    1b3c:	20 e0       	ldi	r18, 0x00	; 0
    1b3e:	30 e0       	ldi	r19, 0x00	; 0
    1b40:	40 e2       	ldi	r20, 0x20	; 32
    1b42:	51 e4       	ldi	r21, 0x41	; 65
    1b44:	0e 94 17 02 	call	0x42e	; 0x42e <__mulsf3>
    1b48:	dc 01       	movw	r26, r24
    1b4a:	cb 01       	movw	r24, r22
    1b4c:	bc 01       	movw	r22, r24
    1b4e:	cd 01       	movw	r24, r26
    1b50:	0e 94 41 00 	call	0x82	; 0x82 <__fixunssfsi>
    1b54:	dc 01       	movw	r26, r24
    1b56:	cb 01       	movw	r24, r22
    1b58:	9e 83       	std	Y+6, r25	; 0x06
    1b5a:	8d 83       	std	Y+5, r24	; 0x05
    1b5c:	0f c0       	rjmp	.+30     	; 0x1b7c <LCD_sendCommand+0x39a>
    1b5e:	89 e1       	ldi	r24, 0x19	; 25
    1b60:	90 e0       	ldi	r25, 0x00	; 0
    1b62:	9c 83       	std	Y+4, r25	; 0x04
    1b64:	8b 83       	std	Y+3, r24	; 0x03
    1b66:	8b 81       	ldd	r24, Y+3	; 0x03
    1b68:	9c 81       	ldd	r25, Y+4	; 0x04
    1b6a:	01 97       	sbiw	r24, 0x01	; 1
    1b6c:	f1 f7       	brne	.-4      	; 0x1b6a <LCD_sendCommand+0x388>
    1b6e:	9c 83       	std	Y+4, r25	; 0x04
    1b70:	8b 83       	std	Y+3, r24	; 0x03
		while(__ticks)
		{
			// wait 1/10 ms
			_delay_loop_2(((F_CPU) / 4e3) / 10);
			__ticks --;
    1b72:	8d 81       	ldd	r24, Y+5	; 0x05
    1b74:	9e 81       	ldd	r25, Y+6	; 0x06
    1b76:	01 97       	sbiw	r24, 0x01	; 1
    1b78:	9e 83       	std	Y+6, r25	; 0x06
    1b7a:	8d 83       	std	Y+5, r24	; 0x05
		__ticks = 1;
	else if (__tmp > 65535)
	{
		//	__ticks = requested delay in 1/10 ms
		__ticks = (uint16_t) (__ms * 10.0);
		while(__ticks)
    1b7c:	8d 81       	ldd	r24, Y+5	; 0x05
    1b7e:	9e 81       	ldd	r25, Y+6	; 0x06
    1b80:	00 97       	sbiw	r24, 0x00	; 0
    1b82:	69 f7       	brne	.-38     	; 0x1b5e <LCD_sendCommand+0x37c>
    1b84:	14 c0       	rjmp	.+40     	; 0x1bae <LCD_sendCommand+0x3cc>
			__ticks --;
		}
		return;
	}
	else
		__ticks = (uint16_t)__tmp;
    1b86:	6f 81       	ldd	r22, Y+7	; 0x07
    1b88:	78 85       	ldd	r23, Y+8	; 0x08
    1b8a:	89 85       	ldd	r24, Y+9	; 0x09
    1b8c:	9a 85       	ldd	r25, Y+10	; 0x0a
    1b8e:	0e 94 41 00 	call	0x82	; 0x82 <__fixunssfsi>
    1b92:	dc 01       	movw	r26, r24
    1b94:	cb 01       	movw	r24, r22
    1b96:	9e 83       	std	Y+6, r25	; 0x06
    1b98:	8d 83       	std	Y+5, r24	; 0x05
    1b9a:	8d 81       	ldd	r24, Y+5	; 0x05
    1b9c:	9e 81       	ldd	r25, Y+6	; 0x06
    1b9e:	9a 83       	std	Y+2, r25	; 0x02
    1ba0:	89 83       	std	Y+1, r24	; 0x01
    1ba2:	89 81       	ldd	r24, Y+1	; 0x01
    1ba4:	9a 81       	ldd	r25, Y+2	; 0x02
    1ba6:	01 97       	sbiw	r24, 0x01	; 1
    1ba8:	f1 f7       	brne	.-4      	; 0x1ba6 <LCD_sendCommand+0x3c4>
    1baa:	9a 83       	std	Y+2, r25	; 0x02
    1bac:	89 83       	std	Y+1, r24	; 0x01
	_delay_ms(1); /* delay for processing Th = 13ns */
#endif
}
    1bae:	e9 96       	adiw	r28, 0x39	; 57
    1bb0:	0f b6       	in	r0, 0x3f	; 63
    1bb2:	f8 94       	cli
    1bb4:	de bf       	out	0x3e, r29	; 62
    1bb6:	0f be       	out	0x3f, r0	; 63
    1bb8:	cd bf       	out	0x3d, r28	; 61
    1bba:	cf 91       	pop	r28
    1bbc:	df 91       	pop	r29
    1bbe:	08 95       	ret

00001bc0 <LCD_displayCharacter>:
/*
 * Description :
 * Display the required character on the screen
 */
void LCD_displayCharacter(uint8 data)
{
    1bc0:	df 93       	push	r29
    1bc2:	cf 93       	push	r28
    1bc4:	cd b7       	in	r28, 0x3d	; 61
    1bc6:	de b7       	in	r29, 0x3e	; 62
    1bc8:	e9 97       	sbiw	r28, 0x39	; 57
    1bca:	0f b6       	in	r0, 0x3f	; 63
    1bcc:	f8 94       	cli
    1bce:	de bf       	out	0x3e, r29	; 62
    1bd0:	0f be       	out	0x3f, r0	; 63
    1bd2:	cd bf       	out	0x3d, r28	; 61
    1bd4:	89 af       	std	Y+57, r24	; 0x39
	GPIO_writePin(LCD_RS_PORT_ID,LCD_RS_PIN_ID,LOGIC_HIGH); /* Data Mode RS=1 */
    1bd6:	83 e0       	ldi	r24, 0x03	; 3
    1bd8:	60 e0       	ldi	r22, 0x00	; 0
    1bda:	41 e0       	ldi	r20, 0x01	; 1
    1bdc:	0e 94 f8 08 	call	0x11f0	; 0x11f0 <GPIO_writePin>
    1be0:	80 e0       	ldi	r24, 0x00	; 0
    1be2:	90 e0       	ldi	r25, 0x00	; 0
    1be4:	a0 e8       	ldi	r26, 0x80	; 128
    1be6:	bf e3       	ldi	r27, 0x3F	; 63
    1be8:	8d ab       	std	Y+53, r24	; 0x35
    1bea:	9e ab       	std	Y+54, r25	; 0x36
    1bec:	af ab       	std	Y+55, r26	; 0x37
    1bee:	b8 af       	std	Y+56, r27	; 0x38
 */
void
_delay_ms(double __ms)
{
	uint16_t __ticks;
	double __tmp = ((F_CPU) / 4e3) * __ms;
    1bf0:	6d a9       	ldd	r22, Y+53	; 0x35
    1bf2:	7e a9       	ldd	r23, Y+54	; 0x36
    1bf4:	8f a9       	ldd	r24, Y+55	; 0x37
    1bf6:	98 ad       	ldd	r25, Y+56	; 0x38
    1bf8:	20 e0       	ldi	r18, 0x00	; 0
    1bfa:	30 e0       	ldi	r19, 0x00	; 0
    1bfc:	4a e7       	ldi	r20, 0x7A	; 122
    1bfe:	53 e4       	ldi	r21, 0x43	; 67
    1c00:	0e 94 17 02 	call	0x42e	; 0x42e <__mulsf3>
    1c04:	dc 01       	movw	r26, r24
    1c06:	cb 01       	movw	r24, r22
    1c08:	89 ab       	std	Y+49, r24	; 0x31
    1c0a:	9a ab       	std	Y+50, r25	; 0x32
    1c0c:	ab ab       	std	Y+51, r26	; 0x33
    1c0e:	bc ab       	std	Y+52, r27	; 0x34
	if (__tmp < 1.0)
    1c10:	69 a9       	ldd	r22, Y+49	; 0x31
    1c12:	7a a9       	ldd	r23, Y+50	; 0x32
    1c14:	8b a9       	ldd	r24, Y+51	; 0x33
    1c16:	9c a9       	ldd	r25, Y+52	; 0x34
    1c18:	20 e0       	ldi	r18, 0x00	; 0
    1c1a:	30 e0       	ldi	r19, 0x00	; 0
    1c1c:	40 e8       	ldi	r20, 0x80	; 128
    1c1e:	5f e3       	ldi	r21, 0x3F	; 63
    1c20:	0e 94 1d 04 	call	0x83a	; 0x83a <__ltsf2>
    1c24:	88 23       	and	r24, r24
    1c26:	2c f4       	brge	.+10     	; 0x1c32 <LCD_displayCharacter+0x72>
		__ticks = 1;
    1c28:	81 e0       	ldi	r24, 0x01	; 1
    1c2a:	90 e0       	ldi	r25, 0x00	; 0
    1c2c:	98 ab       	std	Y+48, r25	; 0x30
    1c2e:	8f a7       	std	Y+47, r24	; 0x2f
    1c30:	3f c0       	rjmp	.+126    	; 0x1cb0 <LCD_displayCharacter+0xf0>
	else if (__tmp > 65535)
    1c32:	69 a9       	ldd	r22, Y+49	; 0x31
    1c34:	7a a9       	ldd	r23, Y+50	; 0x32
    1c36:	8b a9       	ldd	r24, Y+51	; 0x33
    1c38:	9c a9       	ldd	r25, Y+52	; 0x34
    1c3a:	20 e0       	ldi	r18, 0x00	; 0
    1c3c:	3f ef       	ldi	r19, 0xFF	; 255
    1c3e:	4f e7       	ldi	r20, 0x7F	; 127
    1c40:	57 e4       	ldi	r21, 0x47	; 71
    1c42:	0e 94 bd 03 	call	0x77a	; 0x77a <__gtsf2>
    1c46:	18 16       	cp	r1, r24
    1c48:	4c f5       	brge	.+82     	; 0x1c9c <LCD_displayCharacter+0xdc>
	{
		//	__ticks = requested delay in 1/10 ms
		__ticks = (uint16_t) (__ms * 10.0);
    1c4a:	6d a9       	ldd	r22, Y+53	; 0x35
    1c4c:	7e a9       	ldd	r23, Y+54	; 0x36
    1c4e:	8f a9       	ldd	r24, Y+55	; 0x37
    1c50:	98 ad       	ldd	r25, Y+56	; 0x38
    1c52:	20 e0       	ldi	r18, 0x00	; 0
    1c54:	30 e0       	ldi	r19, 0x00	; 0
    1c56:	40 e2       	ldi	r20, 0x20	; 32
    1c58:	51 e4       	ldi	r21, 0x41	; 65
    1c5a:	0e 94 17 02 	call	0x42e	; 0x42e <__mulsf3>
    1c5e:	dc 01       	movw	r26, r24
    1c60:	cb 01       	movw	r24, r22
    1c62:	bc 01       	movw	r22, r24
    1c64:	cd 01       	movw	r24, r26
    1c66:	0e 94 41 00 	call	0x82	; 0x82 <__fixunssfsi>
    1c6a:	dc 01       	movw	r26, r24
    1c6c:	cb 01       	movw	r24, r22
    1c6e:	98 ab       	std	Y+48, r25	; 0x30
    1c70:	8f a7       	std	Y+47, r24	; 0x2f
    1c72:	0f c0       	rjmp	.+30     	; 0x1c92 <LCD_displayCharacter+0xd2>
    1c74:	89 e1       	ldi	r24, 0x19	; 25
    1c76:	90 e0       	ldi	r25, 0x00	; 0
    1c78:	9e a7       	std	Y+46, r25	; 0x2e
    1c7a:	8d a7       	std	Y+45, r24	; 0x2d
    1c7c:	8d a5       	ldd	r24, Y+45	; 0x2d
    1c7e:	9e a5       	ldd	r25, Y+46	; 0x2e
    1c80:	01 97       	sbiw	r24, 0x01	; 1
    1c82:	f1 f7       	brne	.-4      	; 0x1c80 <LCD_displayCharacter+0xc0>
    1c84:	9e a7       	std	Y+46, r25	; 0x2e
    1c86:	8d a7       	std	Y+45, r24	; 0x2d
		while(__ticks)
		{
			// wait 1/10 ms
			_delay_loop_2(((F_CPU) / 4e3) / 10);
			__ticks --;
    1c88:	8f a5       	ldd	r24, Y+47	; 0x2f
    1c8a:	98 a9       	ldd	r25, Y+48	; 0x30
    1c8c:	01 97       	sbiw	r24, 0x01	; 1
    1c8e:	98 ab       	std	Y+48, r25	; 0x30
    1c90:	8f a7       	std	Y+47, r24	; 0x2f
		__ticks = 1;
	else if (__tmp > 65535)
	{
		//	__ticks = requested delay in 1/10 ms
		__ticks = (uint16_t) (__ms * 10.0);
		while(__ticks)
    1c92:	8f a5       	ldd	r24, Y+47	; 0x2f
    1c94:	98 a9       	ldd	r25, Y+48	; 0x30
    1c96:	00 97       	sbiw	r24, 0x00	; 0
    1c98:	69 f7       	brne	.-38     	; 0x1c74 <LCD_displayCharacter+0xb4>
    1c9a:	14 c0       	rjmp	.+40     	; 0x1cc4 <LCD_displayCharacter+0x104>
			__ticks --;
		}
		return;
	}
	else
		__ticks = (uint16_t)__tmp;
    1c9c:	69 a9       	ldd	r22, Y+49	; 0x31
    1c9e:	7a a9       	ldd	r23, Y+50	; 0x32
    1ca0:	8b a9       	ldd	r24, Y+51	; 0x33
    1ca2:	9c a9       	ldd	r25, Y+52	; 0x34
    1ca4:	0e 94 41 00 	call	0x82	; 0x82 <__fixunssfsi>
    1ca8:	dc 01       	movw	r26, r24
    1caa:	cb 01       	movw	r24, r22
    1cac:	98 ab       	std	Y+48, r25	; 0x30
    1cae:	8f a7       	std	Y+47, r24	; 0x2f
    1cb0:	8f a5       	ldd	r24, Y+47	; 0x2f
    1cb2:	98 a9       	ldd	r25, Y+48	; 0x30
    1cb4:	9c a7       	std	Y+44, r25	; 0x2c
    1cb6:	8b a7       	std	Y+43, r24	; 0x2b
    1cb8:	8b a5       	ldd	r24, Y+43	; 0x2b
    1cba:	9c a5       	ldd	r25, Y+44	; 0x2c
    1cbc:	01 97       	sbiw	r24, 0x01	; 1
    1cbe:	f1 f7       	brne	.-4      	; 0x1cbc <LCD_displayCharacter+0xfc>
    1cc0:	9c a7       	std	Y+44, r25	; 0x2c
    1cc2:	8b a7       	std	Y+43, r24	; 0x2b
	_delay_ms(1); /* delay for processing Tas = 50ns */
	GPIO_writePin(LCD_E_PORT_ID,LCD_E_PIN_ID,LOGIC_HIGH); /* Enable LCD E=1 */
    1cc4:	83 e0       	ldi	r24, 0x03	; 3
    1cc6:	62 e0       	ldi	r22, 0x02	; 2
    1cc8:	41 e0       	ldi	r20, 0x01	; 1
    1cca:	0e 94 f8 08 	call	0x11f0	; 0x11f0 <GPIO_writePin>
    1cce:	80 e0       	ldi	r24, 0x00	; 0
    1cd0:	90 e0       	ldi	r25, 0x00	; 0
    1cd2:	a0 e8       	ldi	r26, 0x80	; 128
    1cd4:	bf e3       	ldi	r27, 0x3F	; 63
    1cd6:	8f a3       	std	Y+39, r24	; 0x27
    1cd8:	98 a7       	std	Y+40, r25	; 0x28
    1cda:	a9 a7       	std	Y+41, r26	; 0x29
    1cdc:	ba a7       	std	Y+42, r27	; 0x2a
 */
void
_delay_ms(double __ms)
{
	uint16_t __ticks;
	double __tmp = ((F_CPU) / 4e3) * __ms;
    1cde:	6f a1       	ldd	r22, Y+39	; 0x27
    1ce0:	78 a5       	ldd	r23, Y+40	; 0x28
    1ce2:	89 a5       	ldd	r24, Y+41	; 0x29
    1ce4:	9a a5       	ldd	r25, Y+42	; 0x2a
    1ce6:	20 e0       	ldi	r18, 0x00	; 0
    1ce8:	30 e0       	ldi	r19, 0x00	; 0
    1cea:	4a e7       	ldi	r20, 0x7A	; 122
    1cec:	53 e4       	ldi	r21, 0x43	; 67
    1cee:	0e 94 17 02 	call	0x42e	; 0x42e <__mulsf3>
    1cf2:	dc 01       	movw	r26, r24
    1cf4:	cb 01       	movw	r24, r22
    1cf6:	8b a3       	std	Y+35, r24	; 0x23
    1cf8:	9c a3       	std	Y+36, r25	; 0x24
    1cfa:	ad a3       	std	Y+37, r26	; 0x25
    1cfc:	be a3       	std	Y+38, r27	; 0x26
	if (__tmp < 1.0)
    1cfe:	6b a1       	ldd	r22, Y+35	; 0x23
    1d00:	7c a1       	ldd	r23, Y+36	; 0x24
    1d02:	8d a1       	ldd	r24, Y+37	; 0x25
    1d04:	9e a1       	ldd	r25, Y+38	; 0x26
    1d06:	20 e0       	ldi	r18, 0x00	; 0
    1d08:	30 e0       	ldi	r19, 0x00	; 0
    1d0a:	40 e8       	ldi	r20, 0x80	; 128
    1d0c:	5f e3       	ldi	r21, 0x3F	; 63
    1d0e:	0e 94 1d 04 	call	0x83a	; 0x83a <__ltsf2>
    1d12:	88 23       	and	r24, r24
    1d14:	2c f4       	brge	.+10     	; 0x1d20 <LCD_displayCharacter+0x160>
		__ticks = 1;
    1d16:	81 e0       	ldi	r24, 0x01	; 1
    1d18:	90 e0       	ldi	r25, 0x00	; 0
    1d1a:	9a a3       	std	Y+34, r25	; 0x22
    1d1c:	89 a3       	std	Y+33, r24	; 0x21
    1d1e:	3f c0       	rjmp	.+126    	; 0x1d9e <LCD_displayCharacter+0x1de>
	else if (__tmp > 65535)
    1d20:	6b a1       	ldd	r22, Y+35	; 0x23
    1d22:	7c a1       	ldd	r23, Y+36	; 0x24
    1d24:	8d a1       	ldd	r24, Y+37	; 0x25
    1d26:	9e a1       	ldd	r25, Y+38	; 0x26
    1d28:	20 e0       	ldi	r18, 0x00	; 0
    1d2a:	3f ef       	ldi	r19, 0xFF	; 255
    1d2c:	4f e7       	ldi	r20, 0x7F	; 127
    1d2e:	57 e4       	ldi	r21, 0x47	; 71
    1d30:	0e 94 bd 03 	call	0x77a	; 0x77a <__gtsf2>
    1d34:	18 16       	cp	r1, r24
    1d36:	4c f5       	brge	.+82     	; 0x1d8a <LCD_displayCharacter+0x1ca>
	{
		//	__ticks = requested delay in 1/10 ms
		__ticks = (uint16_t) (__ms * 10.0);
    1d38:	6f a1       	ldd	r22, Y+39	; 0x27
    1d3a:	78 a5       	ldd	r23, Y+40	; 0x28
    1d3c:	89 a5       	ldd	r24, Y+41	; 0x29
    1d3e:	9a a5       	ldd	r25, Y+42	; 0x2a
    1d40:	20 e0       	ldi	r18, 0x00	; 0
    1d42:	30 e0       	ldi	r19, 0x00	; 0
    1d44:	40 e2       	ldi	r20, 0x20	; 32
    1d46:	51 e4       	ldi	r21, 0x41	; 65
    1d48:	0e 94 17 02 	call	0x42e	; 0x42e <__mulsf3>
    1d4c:	dc 01       	movw	r26, r24
    1d4e:	cb 01       	movw	r24, r22
    1d50:	bc 01       	movw	r22, r24
    1d52:	cd 01       	movw	r24, r26
    1d54:	0e 94 41 00 	call	0x82	; 0x82 <__fixunssfsi>
    1d58:	dc 01       	movw	r26, r24
    1d5a:	cb 01       	movw	r24, r22
    1d5c:	9a a3       	std	Y+34, r25	; 0x22
    1d5e:	89 a3       	std	Y+33, r24	; 0x21
    1d60:	0f c0       	rjmp	.+30     	; 0x1d80 <LCD_displayCharacter+0x1c0>
    1d62:	89 e1       	ldi	r24, 0x19	; 25
    1d64:	90 e0       	ldi	r25, 0x00	; 0
    1d66:	98 a3       	std	Y+32, r25	; 0x20
    1d68:	8f 8f       	std	Y+31, r24	; 0x1f
    1d6a:	8f 8d       	ldd	r24, Y+31	; 0x1f
    1d6c:	98 a1       	ldd	r25, Y+32	; 0x20
    1d6e:	01 97       	sbiw	r24, 0x01	; 1
    1d70:	f1 f7       	brne	.-4      	; 0x1d6e <LCD_displayCharacter+0x1ae>
    1d72:	98 a3       	std	Y+32, r25	; 0x20
    1d74:	8f 8f       	std	Y+31, r24	; 0x1f
		while(__ticks)
		{
			// wait 1/10 ms
			_delay_loop_2(((F_CPU) / 4e3) / 10);
			__ticks --;
    1d76:	89 a1       	ldd	r24, Y+33	; 0x21
    1d78:	9a a1       	ldd	r25, Y+34	; 0x22
    1d7a:	01 97       	sbiw	r24, 0x01	; 1
    1d7c:	9a a3       	std	Y+34, r25	; 0x22
    1d7e:	89 a3       	std	Y+33, r24	; 0x21
		__ticks = 1;
	else if (__tmp > 65535)
	{
		//	__ticks = requested delay in 1/10 ms
		__ticks = (uint16_t) (__ms * 10.0);
		while(__ticks)
    1d80:	89 a1       	ldd	r24, Y+33	; 0x21
    1d82:	9a a1       	ldd	r25, Y+34	; 0x22
    1d84:	00 97       	sbiw	r24, 0x00	; 0
    1d86:	69 f7       	brne	.-38     	; 0x1d62 <LCD_displayCharacter+0x1a2>
    1d88:	14 c0       	rjmp	.+40     	; 0x1db2 <LCD_displayCharacter+0x1f2>
			__ticks --;
		}
		return;
	}
	else
		__ticks = (uint16_t)__tmp;
    1d8a:	6b a1       	ldd	r22, Y+35	; 0x23
    1d8c:	7c a1       	ldd	r23, Y+36	; 0x24
    1d8e:	8d a1       	ldd	r24, Y+37	; 0x25
    1d90:	9e a1       	ldd	r25, Y+38	; 0x26
    1d92:	0e 94 41 00 	call	0x82	; 0x82 <__fixunssfsi>
    1d96:	dc 01       	movw	r26, r24
    1d98:	cb 01       	movw	r24, r22
    1d9a:	9a a3       	std	Y+34, r25	; 0x22
    1d9c:	89 a3       	std	Y+33, r24	; 0x21
    1d9e:	89 a1       	ldd	r24, Y+33	; 0x21
    1da0:	9a a1       	ldd	r25, Y+34	; 0x22
    1da2:	9e 8f       	std	Y+30, r25	; 0x1e
    1da4:	8d 8f       	std	Y+29, r24	; 0x1d
    1da6:	8d 8d       	ldd	r24, Y+29	; 0x1d
    1da8:	9e 8d       	ldd	r25, Y+30	; 0x1e
    1daa:	01 97       	sbiw	r24, 0x01	; 1
    1dac:	f1 f7       	brne	.-4      	; 0x1daa <LCD_displayCharacter+0x1ea>
    1dae:	9e 8f       	std	Y+30, r25	; 0x1e
    1db0:	8d 8f       	std	Y+29, r24	; 0x1d
	_delay_ms(1); /* delay for processing Tdsw = 100ns */
	GPIO_writePin(LCD_E_PORT_ID,LCD_E_PIN_ID,LOGIC_LOW); /* Disable LCD E=0 */
	_delay_ms(1); /* delay for processing Th = 13ns */

#elif(LCD_DATA_BITS_MODE == 8)
	GPIO_writePort(LCD_DATA_PORT_ID,data); /* out the required command to the data bus D0 --> D7 */
    1db2:	82 e0       	ldi	r24, 0x02	; 2
    1db4:	69 ad       	ldd	r22, Y+57	; 0x39
    1db6:	0e 94 c2 0a 	call	0x1584	; 0x1584 <GPIO_writePort>
    1dba:	80 e0       	ldi	r24, 0x00	; 0
    1dbc:	90 e0       	ldi	r25, 0x00	; 0
    1dbe:	a0 e8       	ldi	r26, 0x80	; 128
    1dc0:	bf e3       	ldi	r27, 0x3F	; 63
    1dc2:	89 8f       	std	Y+25, r24	; 0x19
    1dc4:	9a 8f       	std	Y+26, r25	; 0x1a
    1dc6:	ab 8f       	std	Y+27, r26	; 0x1b
    1dc8:	bc 8f       	std	Y+28, r27	; 0x1c
 */
void
_delay_ms(double __ms)
{
	uint16_t __ticks;
	double __tmp = ((F_CPU) / 4e3) * __ms;
    1dca:	69 8d       	ldd	r22, Y+25	; 0x19
    1dcc:	7a 8d       	ldd	r23, Y+26	; 0x1a
    1dce:	8b 8d       	ldd	r24, Y+27	; 0x1b
    1dd0:	9c 8d       	ldd	r25, Y+28	; 0x1c
    1dd2:	20 e0       	ldi	r18, 0x00	; 0
    1dd4:	30 e0       	ldi	r19, 0x00	; 0
    1dd6:	4a e7       	ldi	r20, 0x7A	; 122
    1dd8:	53 e4       	ldi	r21, 0x43	; 67
    1dda:	0e 94 17 02 	call	0x42e	; 0x42e <__mulsf3>
    1dde:	dc 01       	movw	r26, r24
    1de0:	cb 01       	movw	r24, r22
    1de2:	8d 8b       	std	Y+21, r24	; 0x15
    1de4:	9e 8b       	std	Y+22, r25	; 0x16
    1de6:	af 8b       	std	Y+23, r26	; 0x17
    1de8:	b8 8f       	std	Y+24, r27	; 0x18
	if (__tmp < 1.0)
    1dea:	6d 89       	ldd	r22, Y+21	; 0x15
    1dec:	7e 89       	ldd	r23, Y+22	; 0x16
    1dee:	8f 89       	ldd	r24, Y+23	; 0x17
    1df0:	98 8d       	ldd	r25, Y+24	; 0x18
    1df2:	20 e0       	ldi	r18, 0x00	; 0
    1df4:	30 e0       	ldi	r19, 0x00	; 0
    1df6:	40 e8       	ldi	r20, 0x80	; 128
    1df8:	5f e3       	ldi	r21, 0x3F	; 63
    1dfa:	0e 94 1d 04 	call	0x83a	; 0x83a <__ltsf2>
    1dfe:	88 23       	and	r24, r24
    1e00:	2c f4       	brge	.+10     	; 0x1e0c <LCD_displayCharacter+0x24c>
		__ticks = 1;
    1e02:	81 e0       	ldi	r24, 0x01	; 1
    1e04:	90 e0       	ldi	r25, 0x00	; 0
    1e06:	9c 8b       	std	Y+20, r25	; 0x14
    1e08:	8b 8b       	std	Y+19, r24	; 0x13
    1e0a:	3f c0       	rjmp	.+126    	; 0x1e8a <LCD_displayCharacter+0x2ca>
	else if (__tmp > 65535)
    1e0c:	6d 89       	ldd	r22, Y+21	; 0x15
    1e0e:	7e 89       	ldd	r23, Y+22	; 0x16
    1e10:	8f 89       	ldd	r24, Y+23	; 0x17
    1e12:	98 8d       	ldd	r25, Y+24	; 0x18
    1e14:	20 e0       	ldi	r18, 0x00	; 0
    1e16:	3f ef       	ldi	r19, 0xFF	; 255
    1e18:	4f e7       	ldi	r20, 0x7F	; 127
    1e1a:	57 e4       	ldi	r21, 0x47	; 71
    1e1c:	0e 94 bd 03 	call	0x77a	; 0x77a <__gtsf2>
    1e20:	18 16       	cp	r1, r24
    1e22:	4c f5       	brge	.+82     	; 0x1e76 <LCD_displayCharacter+0x2b6>
	{
		//	__ticks = requested delay in 1/10 ms
		__ticks = (uint16_t) (__ms * 10.0);
    1e24:	69 8d       	ldd	r22, Y+25	; 0x19
    1e26:	7a 8d       	ldd	r23, Y+26	; 0x1a
    1e28:	8b 8d       	ldd	r24, Y+27	; 0x1b
    1e2a:	9c 8d       	ldd	r25, Y+28	; 0x1c
    1e2c:	20 e0       	ldi	r18, 0x00	; 0
    1e2e:	30 e0       	ldi	r19, 0x00	; 0
    1e30:	40 e2       	ldi	r20, 0x20	; 32
    1e32:	51 e4       	ldi	r21, 0x41	; 65
    1e34:	0e 94 17 02 	call	0x42e	; 0x42e <__mulsf3>
    1e38:	dc 01       	movw	r26, r24
    1e3a:	cb 01       	movw	r24, r22
    1e3c:	bc 01       	movw	r22, r24
    1e3e:	cd 01       	movw	r24, r26
    1e40:	0e 94 41 00 	call	0x82	; 0x82 <__fixunssfsi>
    1e44:	dc 01       	movw	r26, r24
    1e46:	cb 01       	movw	r24, r22
    1e48:	9c 8b       	std	Y+20, r25	; 0x14
    1e4a:	8b 8b       	std	Y+19, r24	; 0x13
    1e4c:	0f c0       	rjmp	.+30     	; 0x1e6c <LCD_displayCharacter+0x2ac>
    1e4e:	89 e1       	ldi	r24, 0x19	; 25
    1e50:	90 e0       	ldi	r25, 0x00	; 0
    1e52:	9a 8b       	std	Y+18, r25	; 0x12
    1e54:	89 8b       	std	Y+17, r24	; 0x11
    1e56:	89 89       	ldd	r24, Y+17	; 0x11
    1e58:	9a 89       	ldd	r25, Y+18	; 0x12
    1e5a:	01 97       	sbiw	r24, 0x01	; 1
    1e5c:	f1 f7       	brne	.-4      	; 0x1e5a <LCD_displayCharacter+0x29a>
    1e5e:	9a 8b       	std	Y+18, r25	; 0x12
    1e60:	89 8b       	std	Y+17, r24	; 0x11
		while(__ticks)
		{
			// wait 1/10 ms
			_delay_loop_2(((F_CPU) / 4e3) / 10);
			__ticks --;
    1e62:	8b 89       	ldd	r24, Y+19	; 0x13
    1e64:	9c 89       	ldd	r25, Y+20	; 0x14
    1e66:	01 97       	sbiw	r24, 0x01	; 1
    1e68:	9c 8b       	std	Y+20, r25	; 0x14
    1e6a:	8b 8b       	std	Y+19, r24	; 0x13
		__ticks = 1;
	else if (__tmp > 65535)
	{
		//	__ticks = requested delay in 1/10 ms
		__ticks = (uint16_t) (__ms * 10.0);
		while(__ticks)
    1e6c:	8b 89       	ldd	r24, Y+19	; 0x13
    1e6e:	9c 89       	ldd	r25, Y+20	; 0x14
    1e70:	00 97       	sbiw	r24, 0x00	; 0
    1e72:	69 f7       	brne	.-38     	; 0x1e4e <LCD_displayCharacter+0x28e>
    1e74:	14 c0       	rjmp	.+40     	; 0x1e9e <LCD_displayCharacter+0x2de>
			__ticks --;
		}
		return;
	}
	else
		__ticks = (uint16_t)__tmp;
    1e76:	6d 89       	ldd	r22, Y+21	; 0x15
    1e78:	7e 89       	ldd	r23, Y+22	; 0x16
    1e7a:	8f 89       	ldd	r24, Y+23	; 0x17
    1e7c:	98 8d       	ldd	r25, Y+24	; 0x18
    1e7e:	0e 94 41 00 	call	0x82	; 0x82 <__fixunssfsi>
    1e82:	dc 01       	movw	r26, r24
    1e84:	cb 01       	movw	r24, r22
    1e86:	9c 8b       	std	Y+20, r25	; 0x14
    1e88:	8b 8b       	std	Y+19, r24	; 0x13
    1e8a:	8b 89       	ldd	r24, Y+19	; 0x13
    1e8c:	9c 89       	ldd	r25, Y+20	; 0x14
    1e8e:	98 8b       	std	Y+16, r25	; 0x10
    1e90:	8f 87       	std	Y+15, r24	; 0x0f
    1e92:	8f 85       	ldd	r24, Y+15	; 0x0f
    1e94:	98 89       	ldd	r25, Y+16	; 0x10
    1e96:	01 97       	sbiw	r24, 0x01	; 1
    1e98:	f1 f7       	brne	.-4      	; 0x1e96 <LCD_displayCharacter+0x2d6>
    1e9a:	98 8b       	std	Y+16, r25	; 0x10
    1e9c:	8f 87       	std	Y+15, r24	; 0x0f
	_delay_ms(1); /* delay for processing Tdsw = 100ns */
	GPIO_writePin(LCD_E_PORT_ID,LCD_E_PIN_ID,LOGIC_LOW); /* Disable LCD E=0 */
    1e9e:	83 e0       	ldi	r24, 0x03	; 3
    1ea0:	62 e0       	ldi	r22, 0x02	; 2
    1ea2:	40 e0       	ldi	r20, 0x00	; 0
    1ea4:	0e 94 f8 08 	call	0x11f0	; 0x11f0 <GPIO_writePin>
    1ea8:	80 e0       	ldi	r24, 0x00	; 0
    1eaa:	90 e0       	ldi	r25, 0x00	; 0
    1eac:	a0 e8       	ldi	r26, 0x80	; 128
    1eae:	bf e3       	ldi	r27, 0x3F	; 63
    1eb0:	8b 87       	std	Y+11, r24	; 0x0b
    1eb2:	9c 87       	std	Y+12, r25	; 0x0c
    1eb4:	ad 87       	std	Y+13, r26	; 0x0d
    1eb6:	be 87       	std	Y+14, r27	; 0x0e
 */
void
_delay_ms(double __ms)
{
	uint16_t __ticks;
	double __tmp = ((F_CPU) / 4e3) * __ms;
    1eb8:	6b 85       	ldd	r22, Y+11	; 0x0b
    1eba:	7c 85       	ldd	r23, Y+12	; 0x0c
    1ebc:	8d 85       	ldd	r24, Y+13	; 0x0d
    1ebe:	9e 85       	ldd	r25, Y+14	; 0x0e
    1ec0:	20 e0       	ldi	r18, 0x00	; 0
    1ec2:	30 e0       	ldi	r19, 0x00	; 0
    1ec4:	4a e7       	ldi	r20, 0x7A	; 122
    1ec6:	53 e4       	ldi	r21, 0x43	; 67
    1ec8:	0e 94 17 02 	call	0x42e	; 0x42e <__mulsf3>
    1ecc:	dc 01       	movw	r26, r24
    1ece:	cb 01       	movw	r24, r22
    1ed0:	8f 83       	std	Y+7, r24	; 0x07
    1ed2:	98 87       	std	Y+8, r25	; 0x08
    1ed4:	a9 87       	std	Y+9, r26	; 0x09
    1ed6:	ba 87       	std	Y+10, r27	; 0x0a
	if (__tmp < 1.0)
    1ed8:	6f 81       	ldd	r22, Y+7	; 0x07
    1eda:	78 85       	ldd	r23, Y+8	; 0x08
    1edc:	89 85       	ldd	r24, Y+9	; 0x09
    1ede:	9a 85       	ldd	r25, Y+10	; 0x0a
    1ee0:	20 e0       	ldi	r18, 0x00	; 0
    1ee2:	30 e0       	ldi	r19, 0x00	; 0
    1ee4:	40 e8       	ldi	r20, 0x80	; 128
    1ee6:	5f e3       	ldi	r21, 0x3F	; 63
    1ee8:	0e 94 1d 04 	call	0x83a	; 0x83a <__ltsf2>
    1eec:	88 23       	and	r24, r24
    1eee:	2c f4       	brge	.+10     	; 0x1efa <LCD_displayCharacter+0x33a>
		__ticks = 1;
    1ef0:	81 e0       	ldi	r24, 0x01	; 1
    1ef2:	90 e0       	ldi	r25, 0x00	; 0
    1ef4:	9e 83       	std	Y+6, r25	; 0x06
    1ef6:	8d 83       	std	Y+5, r24	; 0x05
    1ef8:	3f c0       	rjmp	.+126    	; 0x1f78 <LCD_displayCharacter+0x3b8>
	else if (__tmp > 65535)
    1efa:	6f 81       	ldd	r22, Y+7	; 0x07
    1efc:	78 85       	ldd	r23, Y+8	; 0x08
    1efe:	89 85       	ldd	r24, Y+9	; 0x09
    1f00:	9a 85       	ldd	r25, Y+10	; 0x0a
    1f02:	20 e0       	ldi	r18, 0x00	; 0
    1f04:	3f ef       	ldi	r19, 0xFF	; 255
    1f06:	4f e7       	ldi	r20, 0x7F	; 127
    1f08:	57 e4       	ldi	r21, 0x47	; 71
    1f0a:	0e 94 bd 03 	call	0x77a	; 0x77a <__gtsf2>
    1f0e:	18 16       	cp	r1, r24
    1f10:	4c f5       	brge	.+82     	; 0x1f64 <LCD_displayCharacter+0x3a4>
	{
		//	__ticks = requested delay in 1/10 ms
		__ticks = (uint16_t) (__ms * 10.0);
    1f12:	6b 85       	ldd	r22, Y+11	; 0x0b
    1f14:	7c 85       	ldd	r23, Y+12	; 0x0c
    1f16:	8d 85       	ldd	r24, Y+13	; 0x0d
    1f18:	9e 85       	ldd	r25, Y+14	; 0x0e
    1f1a:	20 e0       	ldi	r18, 0x00	; 0
    1f1c:	30 e0       	ldi	r19, 0x00	; 0
    1f1e:	40 e2       	ldi	r20, 0x20	; 32
    1f20:	51 e4       	ldi	r21, 0x41	; 65
    1f22:	0e 94 17 02 	call	0x42e	; 0x42e <__mulsf3>
    1f26:	dc 01       	movw	r26, r24
    1f28:	cb 01       	movw	r24, r22
    1f2a:	bc 01       	movw	r22, r24
    1f2c:	cd 01       	movw	r24, r26
    1f2e:	0e 94 41 00 	call	0x82	; 0x82 <__fixunssfsi>
    1f32:	dc 01       	movw	r26, r24
    1f34:	cb 01       	movw	r24, r22
    1f36:	9e 83       	std	Y+6, r25	; 0x06
    1f38:	8d 83       	std	Y+5, r24	; 0x05
    1f3a:	0f c0       	rjmp	.+30     	; 0x1f5a <LCD_displayCharacter+0x39a>
    1f3c:	89 e1       	ldi	r24, 0x19	; 25
    1f3e:	90 e0       	ldi	r25, 0x00	; 0
    1f40:	9c 83       	std	Y+4, r25	; 0x04
    1f42:	8b 83       	std	Y+3, r24	; 0x03
    1f44:	8b 81       	ldd	r24, Y+3	; 0x03
    1f46:	9c 81       	ldd	r25, Y+4	; 0x04
    1f48:	01 97       	sbiw	r24, 0x01	; 1
    1f4a:	f1 f7       	brne	.-4      	; 0x1f48 <LCD_displayCharacter+0x388>
    1f4c:	9c 83       	std	Y+4, r25	; 0x04
    1f4e:	8b 83       	std	Y+3, r24	; 0x03
		while(__ticks)
		{
			// wait 1/10 ms
			_delay_loop_2(((F_CPU) / 4e3) / 10);
			__ticks --;
    1f50:	8d 81       	ldd	r24, Y+5	; 0x05
    1f52:	9e 81       	ldd	r25, Y+6	; 0x06
    1f54:	01 97       	sbiw	r24, 0x01	; 1
    1f56:	9e 83       	std	Y+6, r25	; 0x06
    1f58:	8d 83       	std	Y+5, r24	; 0x05
		__ticks = 1;
	else if (__tmp > 65535)
	{
		//	__ticks = requested delay in 1/10 ms
		__ticks = (uint16_t) (__ms * 10.0);
		while(__ticks)
    1f5a:	8d 81       	ldd	r24, Y+5	; 0x05
    1f5c:	9e 81       	ldd	r25, Y+6	; 0x06
    1f5e:	00 97       	sbiw	r24, 0x00	; 0
    1f60:	69 f7       	brne	.-38     	; 0x1f3c <LCD_displayCharacter+0x37c>
    1f62:	14 c0       	rjmp	.+40     	; 0x1f8c <LCD_displayCharacter+0x3cc>
			__ticks --;
		}
		return;
	}
	else
		__ticks = (uint16_t)__tmp;
    1f64:	6f 81       	ldd	r22, Y+7	; 0x07
    1f66:	78 85       	ldd	r23, Y+8	; 0x08
    1f68:	89 85       	ldd	r24, Y+9	; 0x09
    1f6a:	9a 85       	ldd	r25, Y+10	; 0x0a
    1f6c:	0e 94 41 00 	call	0x82	; 0x82 <__fixunssfsi>
    1f70:	dc 01       	movw	r26, r24
    1f72:	cb 01       	movw	r24, r22
    1f74:	9e 83       	std	Y+6, r25	; 0x06
    1f76:	8d 83       	std	Y+5, r24	; 0x05
    1f78:	8d 81       	ldd	r24, Y+5	; 0x05
    1f7a:	9e 81       	ldd	r25, Y+6	; 0x06
    1f7c:	9a 83       	std	Y+2, r25	; 0x02
    1f7e:	89 83       	std	Y+1, r24	; 0x01
    1f80:	89 81       	ldd	r24, Y+1	; 0x01
    1f82:	9a 81       	ldd	r25, Y+2	; 0x02
    1f84:	01 97       	sbiw	r24, 0x01	; 1
    1f86:	f1 f7       	brne	.-4      	; 0x1f84 <LCD_displayCharacter+0x3c4>
    1f88:	9a 83       	std	Y+2, r25	; 0x02
    1f8a:	89 83       	std	Y+1, r24	; 0x01
	_delay_ms(1); /* delay for processing Th = 13ns */
#endif
}
    1f8c:	e9 96       	adiw	r28, 0x39	; 57
    1f8e:	0f b6       	in	r0, 0x3f	; 63
    1f90:	f8 94       	cli
    1f92:	de bf       	out	0x3e, r29	; 62
    1f94:	0f be       	out	0x3f, r0	; 63
    1f96:	cd bf       	out	0x3d, r28	; 61
    1f98:	cf 91       	pop	r28
    1f9a:	df 91       	pop	r29
    1f9c:	08 95       	ret

00001f9e <LCD_displayString>:
/*
 * Description :
 * Display the required string on the screen
 */
void LCD_displayString(const char *Str)
{
    1f9e:	df 93       	push	r29
    1fa0:	cf 93       	push	r28
    1fa2:	00 d0       	rcall	.+0      	; 0x1fa4 <LCD_displayString+0x6>
    1fa4:	0f 92       	push	r0
    1fa6:	cd b7       	in	r28, 0x3d	; 61
    1fa8:	de b7       	in	r29, 0x3e	; 62
    1faa:	9b 83       	std	Y+3, r25	; 0x03
    1fac:	8a 83       	std	Y+2, r24	; 0x02
	uint8 i = 0;
    1fae:	19 82       	std	Y+1, r1	; 0x01
    1fb0:	0e c0       	rjmp	.+28     	; 0x1fce <LCD_displayString+0x30>
	while(Str[i] != '\0')
	{
		LCD_displayCharacter(Str[i]);
    1fb2:	89 81       	ldd	r24, Y+1	; 0x01
    1fb4:	28 2f       	mov	r18, r24
    1fb6:	30 e0       	ldi	r19, 0x00	; 0
    1fb8:	8a 81       	ldd	r24, Y+2	; 0x02
    1fba:	9b 81       	ldd	r25, Y+3	; 0x03
    1fbc:	fc 01       	movw	r30, r24
    1fbe:	e2 0f       	add	r30, r18
    1fc0:	f3 1f       	adc	r31, r19
    1fc2:	80 81       	ld	r24, Z
    1fc4:	0e 94 e0 0d 	call	0x1bc0	; 0x1bc0 <LCD_displayCharacter>
		i++;
    1fc8:	89 81       	ldd	r24, Y+1	; 0x01
    1fca:	8f 5f       	subi	r24, 0xFF	; 255
    1fcc:	89 83       	std	Y+1, r24	; 0x01
 * Display the required string on the screen
 */
void LCD_displayString(const char *Str)
{
	uint8 i = 0;
	while(Str[i] != '\0')
    1fce:	89 81       	ldd	r24, Y+1	; 0x01
    1fd0:	28 2f       	mov	r18, r24
    1fd2:	30 e0       	ldi	r19, 0x00	; 0
    1fd4:	8a 81       	ldd	r24, Y+2	; 0x02
    1fd6:	9b 81       	ldd	r25, Y+3	; 0x03
    1fd8:	fc 01       	movw	r30, r24
    1fda:	e2 0f       	add	r30, r18
    1fdc:	f3 1f       	adc	r31, r19
    1fde:	80 81       	ld	r24, Z
    1fe0:	88 23       	and	r24, r24
    1fe2:	39 f7       	brne	.-50     	; 0x1fb2 <LCD_displayString+0x14>
	{
		LCD_displayCharacter(*Str);
		Str++;
	}		
	*********************************************************/
}
    1fe4:	0f 90       	pop	r0
    1fe6:	0f 90       	pop	r0
    1fe8:	0f 90       	pop	r0
    1fea:	cf 91       	pop	r28
    1fec:	df 91       	pop	r29
    1fee:	08 95       	ret

00001ff0 <LCD_moveCursor>:
/*
 * Description :
 * Move the cursor to a specified row and column index on the screen
 */
void LCD_moveCursor(uint8 row,uint8 col)
{
    1ff0:	df 93       	push	r29
    1ff2:	cf 93       	push	r28
    1ff4:	00 d0       	rcall	.+0      	; 0x1ff6 <LCD_moveCursor+0x6>
    1ff6:	00 d0       	rcall	.+0      	; 0x1ff8 <LCD_moveCursor+0x8>
    1ff8:	0f 92       	push	r0
    1ffa:	cd b7       	in	r28, 0x3d	; 61
    1ffc:	de b7       	in	r29, 0x3e	; 62
    1ffe:	8a 83       	std	Y+2, r24	; 0x02
    2000:	6b 83       	std	Y+3, r22	; 0x03
	uint8 lcd_memory_address;
	
	/* Calculate the required address in the LCD DDRAM */
	switch(row)
    2002:	8a 81       	ldd	r24, Y+2	; 0x02
    2004:	28 2f       	mov	r18, r24
    2006:	30 e0       	ldi	r19, 0x00	; 0
    2008:	3d 83       	std	Y+5, r19	; 0x05
    200a:	2c 83       	std	Y+4, r18	; 0x04
    200c:	8c 81       	ldd	r24, Y+4	; 0x04
    200e:	9d 81       	ldd	r25, Y+5	; 0x05
    2010:	81 30       	cpi	r24, 0x01	; 1
    2012:	91 05       	cpc	r25, r1
    2014:	c1 f0       	breq	.+48     	; 0x2046 <LCD_moveCursor+0x56>
    2016:	2c 81       	ldd	r18, Y+4	; 0x04
    2018:	3d 81       	ldd	r19, Y+5	; 0x05
    201a:	22 30       	cpi	r18, 0x02	; 2
    201c:	31 05       	cpc	r19, r1
    201e:	2c f4       	brge	.+10     	; 0x202a <LCD_moveCursor+0x3a>
    2020:	8c 81       	ldd	r24, Y+4	; 0x04
    2022:	9d 81       	ldd	r25, Y+5	; 0x05
    2024:	00 97       	sbiw	r24, 0x00	; 0
    2026:	61 f0       	breq	.+24     	; 0x2040 <LCD_moveCursor+0x50>
    2028:	19 c0       	rjmp	.+50     	; 0x205c <LCD_moveCursor+0x6c>
    202a:	2c 81       	ldd	r18, Y+4	; 0x04
    202c:	3d 81       	ldd	r19, Y+5	; 0x05
    202e:	22 30       	cpi	r18, 0x02	; 2
    2030:	31 05       	cpc	r19, r1
    2032:	69 f0       	breq	.+26     	; 0x204e <LCD_moveCursor+0x5e>
    2034:	8c 81       	ldd	r24, Y+4	; 0x04
    2036:	9d 81       	ldd	r25, Y+5	; 0x05
    2038:	83 30       	cpi	r24, 0x03	; 3
    203a:	91 05       	cpc	r25, r1
    203c:	61 f0       	breq	.+24     	; 0x2056 <LCD_moveCursor+0x66>
    203e:	0e c0       	rjmp	.+28     	; 0x205c <LCD_moveCursor+0x6c>
	{
		case 0:
			lcd_memory_address=col;
    2040:	8b 81       	ldd	r24, Y+3	; 0x03
    2042:	89 83       	std	Y+1, r24	; 0x01
    2044:	0b c0       	rjmp	.+22     	; 0x205c <LCD_moveCursor+0x6c>
				break;
		case 1:
			lcd_memory_address=col+0x40;
    2046:	8b 81       	ldd	r24, Y+3	; 0x03
    2048:	80 5c       	subi	r24, 0xC0	; 192
    204a:	89 83       	std	Y+1, r24	; 0x01
    204c:	07 c0       	rjmp	.+14     	; 0x205c <LCD_moveCursor+0x6c>
				break;
		case 2:
			lcd_memory_address=col+0x10;
    204e:	8b 81       	ldd	r24, Y+3	; 0x03
    2050:	80 5f       	subi	r24, 0xF0	; 240
    2052:	89 83       	std	Y+1, r24	; 0x01
    2054:	03 c0       	rjmp	.+6      	; 0x205c <LCD_moveCursor+0x6c>
				break;
		case 3:
			lcd_memory_address=col+0x50;
    2056:	8b 81       	ldd	r24, Y+3	; 0x03
    2058:	80 5b       	subi	r24, 0xB0	; 176
    205a:	89 83       	std	Y+1, r24	; 0x01
				break;
	}					
	/* Move the LCD cursor to this specific address */
	LCD_sendCommand(lcd_memory_address | LCD_SET_CURSOR_LOCATION);
    205c:	89 81       	ldd	r24, Y+1	; 0x01
    205e:	80 68       	ori	r24, 0x80	; 128
    2060:	0e 94 f1 0b 	call	0x17e2	; 0x17e2 <LCD_sendCommand>
}
    2064:	0f 90       	pop	r0
    2066:	0f 90       	pop	r0
    2068:	0f 90       	pop	r0
    206a:	0f 90       	pop	r0
    206c:	0f 90       	pop	r0
    206e:	cf 91       	pop	r28
    2070:	df 91       	pop	r29
    2072:	08 95       	ret

00002074 <LCD_displayStringRowColumn>:
/*
 * Description :
 * Display the required string in a specified row and column index on the screen
 */
void LCD_displayStringRowColumn(uint8 row,uint8 col,const char *Str)
{
    2074:	df 93       	push	r29
    2076:	cf 93       	push	r28
    2078:	00 d0       	rcall	.+0      	; 0x207a <LCD_displayStringRowColumn+0x6>
    207a:	00 d0       	rcall	.+0      	; 0x207c <LCD_displayStringRowColumn+0x8>
    207c:	cd b7       	in	r28, 0x3d	; 61
    207e:	de b7       	in	r29, 0x3e	; 62
    2080:	89 83       	std	Y+1, r24	; 0x01
    2082:	6a 83       	std	Y+2, r22	; 0x02
    2084:	5c 83       	std	Y+4, r21	; 0x04
    2086:	4b 83       	std	Y+3, r20	; 0x03
	LCD_moveCursor(row,col); /* go to to the required LCD position */
    2088:	89 81       	ldd	r24, Y+1	; 0x01
    208a:	6a 81       	ldd	r22, Y+2	; 0x02
    208c:	0e 94 f8 0f 	call	0x1ff0	; 0x1ff0 <LCD_moveCursor>
	LCD_displayString(Str); /* display the string */
    2090:	8b 81       	ldd	r24, Y+3	; 0x03
    2092:	9c 81       	ldd	r25, Y+4	; 0x04
    2094:	0e 94 cf 0f 	call	0x1f9e	; 0x1f9e <LCD_displayString>
}
    2098:	0f 90       	pop	r0
    209a:	0f 90       	pop	r0
    209c:	0f 90       	pop	r0
    209e:	0f 90       	pop	r0
    20a0:	cf 91       	pop	r28
    20a2:	df 91       	pop	r29
    20a4:	08 95       	ret

000020a6 <LCD_intgerToString>:
/*
 * Description :
 * Display the required decimal value on the screen
 */
void LCD_intgerToString(int data)
{
    20a6:	df 93       	push	r29
    20a8:	cf 93       	push	r28
    20aa:	cd b7       	in	r28, 0x3d	; 61
    20ac:	de b7       	in	r29, 0x3e	; 62
    20ae:	62 97       	sbiw	r28, 0x12	; 18
    20b0:	0f b6       	in	r0, 0x3f	; 63
    20b2:	f8 94       	cli
    20b4:	de bf       	out	0x3e, r29	; 62
    20b6:	0f be       	out	0x3f, r0	; 63
    20b8:	cd bf       	out	0x3d, r28	; 61
    20ba:	9a 8b       	std	Y+18, r25	; 0x12
    20bc:	89 8b       	std	Y+17, r24	; 0x11
   char buff[16]; /* String to hold the ascii result */
   itoa(data,buff,10); /* Use itoa C function to convert the data to its corresponding ASCII value, 10 for decimal */
    20be:	89 89       	ldd	r24, Y+17	; 0x11
    20c0:	9a 89       	ldd	r25, Y+18	; 0x12
    20c2:	9e 01       	movw	r18, r28
    20c4:	2f 5f       	subi	r18, 0xFF	; 255
    20c6:	3f 4f       	sbci	r19, 0xFF	; 255
    20c8:	b9 01       	movw	r22, r18
    20ca:	4a e0       	ldi	r20, 0x0A	; 10
    20cc:	50 e0       	ldi	r21, 0x00	; 0
    20ce:	0e 94 38 12 	call	0x2470	; 0x2470 <itoa>
   LCD_displayString(buff); /* Display the string */
    20d2:	ce 01       	movw	r24, r28
    20d4:	01 96       	adiw	r24, 0x01	; 1
    20d6:	0e 94 cf 0f 	call	0x1f9e	; 0x1f9e <LCD_displayString>
}
    20da:	62 96       	adiw	r28, 0x12	; 18
    20dc:	0f b6       	in	r0, 0x3f	; 63
    20de:	f8 94       	cli
    20e0:	de bf       	out	0x3e, r29	; 62
    20e2:	0f be       	out	0x3f, r0	; 63
    20e4:	cd bf       	out	0x3d, r28	; 61
    20e6:	cf 91       	pop	r28
    20e8:	df 91       	pop	r29
    20ea:	08 95       	ret

000020ec <LCD_clearScreen>:
/*
 * Description :
 * Send the clear screen command
 */
void LCD_clearScreen(void)
{
    20ec:	df 93       	push	r29
    20ee:	cf 93       	push	r28
    20f0:	cd b7       	in	r28, 0x3d	; 61
    20f2:	de b7       	in	r29, 0x3e	; 62
	LCD_sendCommand(LCD_CLEAR_COMMAND); /* Send clear display command */
    20f4:	81 e0       	ldi	r24, 0x01	; 1
    20f6:	0e 94 f1 0b 	call	0x17e2	; 0x17e2 <LCD_sendCommand>
}
    20fa:	cf 91       	pop	r28
    20fc:	df 91       	pop	r29
    20fe:	08 95       	ret

00002100 <LM35_getTemperature>:
/*
 * Description :
 * Function responsible for calculate the temperature from the ADC digital value.
 */
uint8 LM35_getTemperature(void)
{
    2100:	df 93       	push	r29
    2102:	cf 93       	push	r28
    2104:	00 d0       	rcall	.+0      	; 0x2106 <LM35_getTemperature+0x6>
    2106:	0f 92       	push	r0
    2108:	cd b7       	in	r28, 0x3d	; 61
    210a:	de b7       	in	r29, 0x3e	; 62
	uint8 temp_value = 0;
    210c:	1b 82       	std	Y+3, r1	; 0x03

	uint16 adc_value = 0;
    210e:	1a 82       	std	Y+2, r1	; 0x02
    2110:	19 82       	std	Y+1, r1	; 0x01

	/* Read ADC channel where the temperature sensor is connected */
	adc_value = ADC_readChannel(SENSOR_CHANNEL_ID);
    2112:	82 e0       	ldi	r24, 0x02	; 2
    2114:	0e 94 d6 07 	call	0xfac	; 0xfac <ADC_readChannel>
    2118:	9a 83       	std	Y+2, r25	; 0x02
    211a:	89 83       	std	Y+1, r24	; 0x01

	/* Calculate the temperature from the ADC value*/
	temp_value = (uint8)(((uint32)adc_value*SENSOR_MAX_TEMPERATURE*ADC_REF_VOLT_VALUE)/(ADC_MAXIMUM_VALUE*SENSOR_MAX_VOLT_VALUE));
    211c:	89 81       	ldd	r24, Y+1	; 0x01
    211e:	9a 81       	ldd	r25, Y+2	; 0x02
    2120:	cc 01       	movw	r24, r24
    2122:	a0 e0       	ldi	r26, 0x00	; 0
    2124:	b0 e0       	ldi	r27, 0x00	; 0
    2126:	26 e9       	ldi	r18, 0x96	; 150
    2128:	30 e0       	ldi	r19, 0x00	; 0
    212a:	40 e0       	ldi	r20, 0x00	; 0
    212c:	50 e0       	ldi	r21, 0x00	; 0
    212e:	bc 01       	movw	r22, r24
    2130:	cd 01       	movw	r24, r26
    2132:	0e 94 bb 11 	call	0x2376	; 0x2376 <__mulsi3>
    2136:	dc 01       	movw	r26, r24
    2138:	cb 01       	movw	r24, r22
    213a:	bc 01       	movw	r22, r24
    213c:	cd 01       	movw	r24, r26
    213e:	0e 94 a1 04 	call	0x942	; 0x942 <__floatunsisf>
    2142:	dc 01       	movw	r26, r24
    2144:	cb 01       	movw	r24, r22
    2146:	bc 01       	movw	r22, r24
    2148:	cd 01       	movw	r24, r26
    214a:	2a e0       	ldi	r18, 0x0A	; 10
    214c:	37 ed       	ldi	r19, 0xD7	; 215
    214e:	43 e2       	ldi	r20, 0x23	; 35
    2150:	50 e4       	ldi	r21, 0x40	; 64
    2152:	0e 94 17 02 	call	0x42e	; 0x42e <__mulsf3>
    2156:	dc 01       	movw	r26, r24
    2158:	cb 01       	movw	r24, r22
    215a:	bc 01       	movw	r22, r24
    215c:	cd 01       	movw	r24, r26
    215e:	20 e0       	ldi	r18, 0x00	; 0
    2160:	30 ed       	ldi	r19, 0xD0	; 208
    2162:	4f eb       	ldi	r20, 0xBF	; 191
    2164:	54 e4       	ldi	r21, 0x44	; 68
    2166:	0e 94 11 03 	call	0x622	; 0x622 <__divsf3>
    216a:	dc 01       	movw	r26, r24
    216c:	cb 01       	movw	r24, r22
    216e:	bc 01       	movw	r22, r24
    2170:	cd 01       	movw	r24, r26
    2172:	0e 94 41 00 	call	0x82	; 0x82 <__fixunssfsi>
    2176:	dc 01       	movw	r26, r24
    2178:	cb 01       	movw	r24, r22
    217a:	8b 83       	std	Y+3, r24	; 0x03

	return temp_value;
    217c:	8b 81       	ldd	r24, Y+3	; 0x03
}
    217e:	0f 90       	pop	r0
    2180:	0f 90       	pop	r0
    2182:	0f 90       	pop	r0
    2184:	cf 91       	pop	r28
    2186:	df 91       	pop	r29
    2188:	08 95       	ret

0000218a <main>:
#include "std_types.h"




int main (void){
    218a:	df 93       	push	r29
    218c:	cf 93       	push	r28
    218e:	cd b7       	in	r28, 0x3d	; 61
    2190:	de b7       	in	r29, 0x3e	; 62
    2192:	e6 97       	sbiw	r28, 0x36	; 54
    2194:	0f b6       	in	r0, 0x3f	; 63
    2196:	f8 94       	cli
    2198:	de bf       	out	0x3e, r29	; 62
    219a:	0f be       	out	0x3f, r0	; 63
    219c:	cd bf       	out	0x3d, r28	; 61

    /*initialize the used modules */
	ADC_ConfigType ADC_Configurations ={D_FACTOR_8,Internal_Vref};
    219e:	83 e0       	ldi	r24, 0x03	; 3
    21a0:	8a 83       	std	Y+2, r24	; 0x02
    21a2:	83 e0       	ldi	r24, 0x03	; 3
    21a4:	8b 83       	std	Y+3, r24	; 0x03
	ADC_init(&ADC_Configurations);
    21a6:	ce 01       	movw	r24, r28
    21a8:	02 96       	adiw	r24, 0x02	; 2
    21aa:	0e 94 a1 07 	call	0xf42	; 0xf42 <ADC_init>
	DcMotor_Init();
    21ae:	0e 94 0f 07 	call	0xe1e	; 0xe1e <DcMotor_Init>
	LCD_init();
    21b2:	0e 94 4b 0b 	call	0x1696	; 0x1696 <LCD_init>

	/*local variable*/
	uint8 Temperture_value ;
	/*LCD strings you will use to display*/
	uint8 LCD_status_OFF[12]= "Fan is OFF";
    21b6:	ce 01       	movw	r24, r28
    21b8:	04 96       	adiw	r24, 0x04	; 4
    21ba:	99 a7       	std	Y+41, r25	; 0x29
    21bc:	88 a7       	std	Y+40, r24	; 0x28
    21be:	e0 e6       	ldi	r30, 0x60	; 96
    21c0:	f0 e0       	ldi	r31, 0x00	; 0
    21c2:	fb a7       	std	Y+43, r31	; 0x2b
    21c4:	ea a7       	std	Y+42, r30	; 0x2a
    21c6:	fb e0       	ldi	r31, 0x0B	; 11
    21c8:	fc a7       	std	Y+44, r31	; 0x2c
    21ca:	ea a5       	ldd	r30, Y+42	; 0x2a
    21cc:	fb a5       	ldd	r31, Y+43	; 0x2b
    21ce:	00 80       	ld	r0, Z
    21d0:	8a a5       	ldd	r24, Y+42	; 0x2a
    21d2:	9b a5       	ldd	r25, Y+43	; 0x2b
    21d4:	01 96       	adiw	r24, 0x01	; 1
    21d6:	9b a7       	std	Y+43, r25	; 0x2b
    21d8:	8a a7       	std	Y+42, r24	; 0x2a
    21da:	e8 a5       	ldd	r30, Y+40	; 0x28
    21dc:	f9 a5       	ldd	r31, Y+41	; 0x29
    21de:	00 82       	st	Z, r0
    21e0:	88 a5       	ldd	r24, Y+40	; 0x28
    21e2:	99 a5       	ldd	r25, Y+41	; 0x29
    21e4:	01 96       	adiw	r24, 0x01	; 1
    21e6:	99 a7       	std	Y+41, r25	; 0x29
    21e8:	88 a7       	std	Y+40, r24	; 0x28
    21ea:	9c a5       	ldd	r25, Y+44	; 0x2c
    21ec:	91 50       	subi	r25, 0x01	; 1
    21ee:	9c a7       	std	Y+44, r25	; 0x2c
    21f0:	ec a5       	ldd	r30, Y+44	; 0x2c
    21f2:	ee 23       	and	r30, r30
    21f4:	51 f7       	brne	.-44     	; 0x21ca <main+0x40>
    21f6:	1f 86       	std	Y+15, r1	; 0x0f
	uint8 LCD_status_ON[12]= "Fan is ON ";
    21f8:	ce 01       	movw	r24, r28
    21fa:	40 96       	adiw	r24, 0x10	; 16
    21fc:	9e a7       	std	Y+46, r25	; 0x2e
    21fe:	8d a7       	std	Y+45, r24	; 0x2d
    2200:	ec e6       	ldi	r30, 0x6C	; 108
    2202:	f0 e0       	ldi	r31, 0x00	; 0
    2204:	f8 ab       	std	Y+48, r31	; 0x30
    2206:	ef a7       	std	Y+47, r30	; 0x2f
    2208:	fb e0       	ldi	r31, 0x0B	; 11
    220a:	f9 ab       	std	Y+49, r31	; 0x31
    220c:	ef a5       	ldd	r30, Y+47	; 0x2f
    220e:	f8 a9       	ldd	r31, Y+48	; 0x30
    2210:	00 80       	ld	r0, Z
    2212:	8f a5       	ldd	r24, Y+47	; 0x2f
    2214:	98 a9       	ldd	r25, Y+48	; 0x30
    2216:	01 96       	adiw	r24, 0x01	; 1
    2218:	98 ab       	std	Y+48, r25	; 0x30
    221a:	8f a7       	std	Y+47, r24	; 0x2f
    221c:	ed a5       	ldd	r30, Y+45	; 0x2d
    221e:	fe a5       	ldd	r31, Y+46	; 0x2e
    2220:	00 82       	st	Z, r0
    2222:	8d a5       	ldd	r24, Y+45	; 0x2d
    2224:	9e a5       	ldd	r25, Y+46	; 0x2e
    2226:	01 96       	adiw	r24, 0x01	; 1
    2228:	9e a7       	std	Y+46, r25	; 0x2e
    222a:	8d a7       	std	Y+45, r24	; 0x2d
    222c:	99 a9       	ldd	r25, Y+49	; 0x31
    222e:	91 50       	subi	r25, 0x01	; 1
    2230:	99 ab       	std	Y+49, r25	; 0x31
    2232:	e9 a9       	ldd	r30, Y+49	; 0x31
    2234:	ee 23       	and	r30, r30
    2236:	51 f7       	brne	.-44     	; 0x220c <main+0x82>
    2238:	1b 8e       	std	Y+27, r1	; 0x1b
	uint8 LCD_Temp_Value[12]="Temp =    C";
    223a:	ce 01       	movw	r24, r28
    223c:	4c 96       	adiw	r24, 0x1c	; 28
    223e:	9b ab       	std	Y+51, r25	; 0x33
    2240:	8a ab       	std	Y+50, r24	; 0x32
    2242:	e8 e7       	ldi	r30, 0x78	; 120
    2244:	f0 e0       	ldi	r31, 0x00	; 0
    2246:	fd ab       	std	Y+53, r31	; 0x35
    2248:	ec ab       	std	Y+52, r30	; 0x34
    224a:	fc e0       	ldi	r31, 0x0C	; 12
    224c:	fe ab       	std	Y+54, r31	; 0x36
    224e:	ec a9       	ldd	r30, Y+52	; 0x34
    2250:	fd a9       	ldd	r31, Y+53	; 0x35
    2252:	00 80       	ld	r0, Z
    2254:	8c a9       	ldd	r24, Y+52	; 0x34
    2256:	9d a9       	ldd	r25, Y+53	; 0x35
    2258:	01 96       	adiw	r24, 0x01	; 1
    225a:	9d ab       	std	Y+53, r25	; 0x35
    225c:	8c ab       	std	Y+52, r24	; 0x34
    225e:	ea a9       	ldd	r30, Y+50	; 0x32
    2260:	fb a9       	ldd	r31, Y+51	; 0x33
    2262:	00 82       	st	Z, r0
    2264:	8a a9       	ldd	r24, Y+50	; 0x32
    2266:	9b a9       	ldd	r25, Y+51	; 0x33
    2268:	01 96       	adiw	r24, 0x01	; 1
    226a:	9b ab       	std	Y+51, r25	; 0x33
    226c:	8a ab       	std	Y+50, r24	; 0x32
    226e:	9e a9       	ldd	r25, Y+54	; 0x36
    2270:	91 50       	subi	r25, 0x01	; 1
    2272:	9e ab       	std	Y+54, r25	; 0x36
    2274:	ee a9       	ldd	r30, Y+54	; 0x36
    2276:	ee 23       	and	r30, r30
    2278:	51 f7       	brne	.-44     	; 0x224e <main+0xc4>

	while (1){

		Temperture_value = LM35_getTemperature();
    227a:	0e 94 80 10 	call	0x2100	; 0x2100 <LM35_getTemperature>
    227e:	89 83       	std	Y+1, r24	; 0x01

		/* Display the temperature value every time at same position */
		LCD_displayStringRowColumn(1,2,LCD_Temp_Value);
    2280:	9e 01       	movw	r18, r28
    2282:	24 5e       	subi	r18, 0xE4	; 228
    2284:	3f 4f       	sbci	r19, 0xFF	; 255
    2286:	81 e0       	ldi	r24, 0x01	; 1
    2288:	62 e0       	ldi	r22, 0x02	; 2
    228a:	a9 01       	movw	r20, r18
    228c:	0e 94 3a 10 	call	0x2074	; 0x2074 <LCD_displayStringRowColumn>
		LCD_moveCursor(1,9);
    2290:	81 e0       	ldi	r24, 0x01	; 1
    2292:	69 e0       	ldi	r22, 0x09	; 9
    2294:	0e 94 f8 0f 	call	0x1ff0	; 0x1ff0 <LCD_moveCursor>
		if(Temperture_value >= 100)
    2298:	89 81       	ldd	r24, Y+1	; 0x01
    229a:	84 36       	cpi	r24, 0x64	; 100
    229c:	30 f0       	brcs	.+12     	; 0x22aa <main+0x120>
		{
			LCD_intgerToString(Temperture_value);
    229e:	89 81       	ldd	r24, Y+1	; 0x01
    22a0:	88 2f       	mov	r24, r24
    22a2:	90 e0       	ldi	r25, 0x00	; 0
    22a4:	0e 94 53 10 	call	0x20a6	; 0x20a6 <LCD_intgerToString>
    22a8:	08 c0       	rjmp	.+16     	; 0x22ba <main+0x130>
		}
		else
		{
			LCD_intgerToString(Temperture_value);
    22aa:	89 81       	ldd	r24, Y+1	; 0x01
    22ac:	88 2f       	mov	r24, r24
    22ae:	90 e0       	ldi	r25, 0x00	; 0
    22b0:	0e 94 53 10 	call	0x20a6	; 0x20a6 <LCD_intgerToString>
			/* In case the digital value is two or one digits print space in the next digit place */
			LCD_displayCharacter(' ');
    22b4:	80 e2       	ldi	r24, 0x20	; 32
    22b6:	0e 94 e0 0d 	call	0x1bc0	; 0x1bc0 <LCD_displayCharacter>


		/*control the speed of the motor base on the sensed temperature
		 * and show the motor state on/off on the LCD
		 */
		if (Temperture_value < 30){
    22ba:	89 81       	ldd	r24, Y+1	; 0x01
    22bc:	8e 31       	cpi	r24, 0x1E	; 30
    22be:	68 f4       	brcc	.+26     	; 0x22da <main+0x150>
			//turn off the fan
			DcMotor_Rotate( stop, 0);
    22c0:	82 e0       	ldi	r24, 0x02	; 2
    22c2:	60 e0       	ldi	r22, 0x00	; 0
    22c4:	0e 94 2a 07 	call	0xe54	; 0xe54 <DcMotor_Rotate>
			LCD_displayStringRowColumn(0,2,LCD_status_OFF);
    22c8:	9e 01       	movw	r18, r28
    22ca:	2c 5f       	subi	r18, 0xFC	; 252
    22cc:	3f 4f       	sbci	r19, 0xFF	; 255
    22ce:	80 e0       	ldi	r24, 0x00	; 0
    22d0:	62 e0       	ldi	r22, 0x02	; 2
    22d2:	a9 01       	movw	r20, r18
    22d4:	0e 94 3a 10 	call	0x2074	; 0x2074 <LCD_displayStringRowColumn>
    22d8:	d0 cf       	rjmp	.-96     	; 0x227a <main+0xf0>

		}
		else if (Temperture_value >= 30 && Temperture_value < 60 ){
    22da:	89 81       	ldd	r24, Y+1	; 0x01
    22dc:	8e 31       	cpi	r24, 0x1E	; 30
    22de:	80 f0       	brcs	.+32     	; 0x2300 <main+0x176>
    22e0:	89 81       	ldd	r24, Y+1	; 0x01
    22e2:	8c 33       	cpi	r24, 0x3C	; 60
    22e4:	68 f4       	brcc	.+26     	; 0x2300 <main+0x176>
			// 25% of the maximum speed
			DcMotor_Rotate( CW, 25);
    22e6:	80 e0       	ldi	r24, 0x00	; 0
    22e8:	69 e1       	ldi	r22, 0x19	; 25
    22ea:	0e 94 2a 07 	call	0xe54	; 0xe54 <DcMotor_Rotate>
			LCD_displayStringRowColumn(0,2,LCD_status_ON);
    22ee:	9e 01       	movw	r18, r28
    22f0:	20 5f       	subi	r18, 0xF0	; 240
    22f2:	3f 4f       	sbci	r19, 0xFF	; 255
    22f4:	80 e0       	ldi	r24, 0x00	; 0
    22f6:	62 e0       	ldi	r22, 0x02	; 2
    22f8:	a9 01       	movw	r20, r18
    22fa:	0e 94 3a 10 	call	0x2074	; 0x2074 <LCD_displayStringRowColumn>
    22fe:	bd cf       	rjmp	.-134    	; 0x227a <main+0xf0>

		}
		else if (Temperture_value >= 60 && Temperture_value < 90 ){
    2300:	89 81       	ldd	r24, Y+1	; 0x01
    2302:	8c 33       	cpi	r24, 0x3C	; 60
    2304:	80 f0       	brcs	.+32     	; 0x2326 <main+0x19c>
    2306:	89 81       	ldd	r24, Y+1	; 0x01
    2308:	8a 35       	cpi	r24, 0x5A	; 90
    230a:	68 f4       	brcc	.+26     	; 0x2326 <main+0x19c>
			// 50% of the maximum speed
			DcMotor_Rotate( CW, 50);
    230c:	80 e0       	ldi	r24, 0x00	; 0
    230e:	62 e3       	ldi	r22, 0x32	; 50
    2310:	0e 94 2a 07 	call	0xe54	; 0xe54 <DcMotor_Rotate>
			LCD_displayStringRowColumn(0,2,LCD_status_ON);
    2314:	9e 01       	movw	r18, r28
    2316:	20 5f       	subi	r18, 0xF0	; 240
    2318:	3f 4f       	sbci	r19, 0xFF	; 255
    231a:	80 e0       	ldi	r24, 0x00	; 0
    231c:	62 e0       	ldi	r22, 0x02	; 2
    231e:	a9 01       	movw	r20, r18
    2320:	0e 94 3a 10 	call	0x2074	; 0x2074 <LCD_displayStringRowColumn>
    2324:	aa cf       	rjmp	.-172    	; 0x227a <main+0xf0>

		}
		else if (Temperture_value >= 90 && Temperture_value < 120 ){
    2326:	89 81       	ldd	r24, Y+1	; 0x01
    2328:	8a 35       	cpi	r24, 0x5A	; 90
    232a:	80 f0       	brcs	.+32     	; 0x234c <main+0x1c2>
    232c:	89 81       	ldd	r24, Y+1	; 0x01
    232e:	88 37       	cpi	r24, 0x78	; 120
    2330:	68 f4       	brcc	.+26     	; 0x234c <main+0x1c2>
			// 75% of the maximum speed
			DcMotor_Rotate( CW, 75);
    2332:	80 e0       	ldi	r24, 0x00	; 0
    2334:	6b e4       	ldi	r22, 0x4B	; 75
    2336:	0e 94 2a 07 	call	0xe54	; 0xe54 <DcMotor_Rotate>
			LCD_displayStringRowColumn(0,2,LCD_status_ON);
    233a:	9e 01       	movw	r18, r28
    233c:	20 5f       	subi	r18, 0xF0	; 240
    233e:	3f 4f       	sbci	r19, 0xFF	; 255
    2340:	80 e0       	ldi	r24, 0x00	; 0
    2342:	62 e0       	ldi	r22, 0x02	; 2
    2344:	a9 01       	movw	r20, r18
    2346:	0e 94 3a 10 	call	0x2074	; 0x2074 <LCD_displayStringRowColumn>
    234a:	97 cf       	rjmp	.-210    	; 0x227a <main+0xf0>
		}
		else if(Temperture_value >= 120 && Temperture_value <= 150) {
    234c:	89 81       	ldd	r24, Y+1	; 0x01
    234e:	88 37       	cpi	r24, 0x78	; 120
    2350:	08 f4       	brcc	.+2      	; 0x2354 <main+0x1ca>
    2352:	93 cf       	rjmp	.-218    	; 0x227a <main+0xf0>
    2354:	89 81       	ldd	r24, Y+1	; 0x01
    2356:	87 39       	cpi	r24, 0x97	; 151
    2358:	08 f0       	brcs	.+2      	; 0x235c <main+0x1d2>
    235a:	8f cf       	rjmp	.-226    	; 0x227a <main+0xf0>
			// 100% of the maximum speed
			DcMotor_Rotate( CW, 100);
    235c:	80 e0       	ldi	r24, 0x00	; 0
    235e:	64 e6       	ldi	r22, 0x64	; 100
    2360:	0e 94 2a 07 	call	0xe54	; 0xe54 <DcMotor_Rotate>
			LCD_displayStringRowColumn(0,2,LCD_status_ON);
    2364:	9e 01       	movw	r18, r28
    2366:	20 5f       	subi	r18, 0xF0	; 240
    2368:	3f 4f       	sbci	r19, 0xFF	; 255
    236a:	80 e0       	ldi	r24, 0x00	; 0
    236c:	62 e0       	ldi	r22, 0x02	; 2
    236e:	a9 01       	movw	r20, r18
    2370:	0e 94 3a 10 	call	0x2074	; 0x2074 <LCD_displayStringRowColumn>
    2374:	82 cf       	rjmp	.-252    	; 0x227a <main+0xf0>

00002376 <__mulsi3>:
    2376:	62 9f       	mul	r22, r18
    2378:	d0 01       	movw	r26, r0
    237a:	73 9f       	mul	r23, r19
    237c:	f0 01       	movw	r30, r0
    237e:	82 9f       	mul	r24, r18
    2380:	e0 0d       	add	r30, r0
    2382:	f1 1d       	adc	r31, r1
    2384:	64 9f       	mul	r22, r20
    2386:	e0 0d       	add	r30, r0
    2388:	f1 1d       	adc	r31, r1
    238a:	92 9f       	mul	r25, r18
    238c:	f0 0d       	add	r31, r0
    238e:	83 9f       	mul	r24, r19
    2390:	f0 0d       	add	r31, r0
    2392:	74 9f       	mul	r23, r20
    2394:	f0 0d       	add	r31, r0
    2396:	65 9f       	mul	r22, r21
    2398:	f0 0d       	add	r31, r0
    239a:	99 27       	eor	r25, r25
    239c:	72 9f       	mul	r23, r18
    239e:	b0 0d       	add	r27, r0
    23a0:	e1 1d       	adc	r30, r1
    23a2:	f9 1f       	adc	r31, r25
    23a4:	63 9f       	mul	r22, r19
    23a6:	b0 0d       	add	r27, r0
    23a8:	e1 1d       	adc	r30, r1
    23aa:	f9 1f       	adc	r31, r25
    23ac:	bd 01       	movw	r22, r26
    23ae:	cf 01       	movw	r24, r30
    23b0:	11 24       	eor	r1, r1
    23b2:	08 95       	ret

000023b4 <__divmodhi4>:
    23b4:	97 fb       	bst	r25, 7
    23b6:	09 2e       	mov	r0, r25
    23b8:	07 26       	eor	r0, r23
    23ba:	0a d0       	rcall	.+20     	; 0x23d0 <__divmodhi4_neg1>
    23bc:	77 fd       	sbrc	r23, 7
    23be:	04 d0       	rcall	.+8      	; 0x23c8 <__divmodhi4_neg2>
    23c0:	0c d0       	rcall	.+24     	; 0x23da <__udivmodhi4>
    23c2:	06 d0       	rcall	.+12     	; 0x23d0 <__divmodhi4_neg1>
    23c4:	00 20       	and	r0, r0
    23c6:	1a f4       	brpl	.+6      	; 0x23ce <__divmodhi4_exit>

000023c8 <__divmodhi4_neg2>:
    23c8:	70 95       	com	r23
    23ca:	61 95       	neg	r22
    23cc:	7f 4f       	sbci	r23, 0xFF	; 255

000023ce <__divmodhi4_exit>:
    23ce:	08 95       	ret

000023d0 <__divmodhi4_neg1>:
    23d0:	f6 f7       	brtc	.-4      	; 0x23ce <__divmodhi4_exit>
    23d2:	90 95       	com	r25
    23d4:	81 95       	neg	r24
    23d6:	9f 4f       	sbci	r25, 0xFF	; 255
    23d8:	08 95       	ret

000023da <__udivmodhi4>:
    23da:	aa 1b       	sub	r26, r26
    23dc:	bb 1b       	sub	r27, r27
    23de:	51 e1       	ldi	r21, 0x11	; 17
    23e0:	07 c0       	rjmp	.+14     	; 0x23f0 <__udivmodhi4_ep>

000023e2 <__udivmodhi4_loop>:
    23e2:	aa 1f       	adc	r26, r26
    23e4:	bb 1f       	adc	r27, r27
    23e6:	a6 17       	cp	r26, r22
    23e8:	b7 07       	cpc	r27, r23
    23ea:	10 f0       	brcs	.+4      	; 0x23f0 <__udivmodhi4_ep>
    23ec:	a6 1b       	sub	r26, r22
    23ee:	b7 0b       	sbc	r27, r23

000023f0 <__udivmodhi4_ep>:
    23f0:	88 1f       	adc	r24, r24
    23f2:	99 1f       	adc	r25, r25
    23f4:	5a 95       	dec	r21
    23f6:	a9 f7       	brne	.-22     	; 0x23e2 <__udivmodhi4_loop>
    23f8:	80 95       	com	r24
    23fa:	90 95       	com	r25
    23fc:	bc 01       	movw	r22, r24
    23fe:	cd 01       	movw	r24, r26
    2400:	08 95       	ret

00002402 <__prologue_saves__>:
    2402:	2f 92       	push	r2
    2404:	3f 92       	push	r3
    2406:	4f 92       	push	r4
    2408:	5f 92       	push	r5
    240a:	6f 92       	push	r6
    240c:	7f 92       	push	r7
    240e:	8f 92       	push	r8
    2410:	9f 92       	push	r9
    2412:	af 92       	push	r10
    2414:	bf 92       	push	r11
    2416:	cf 92       	push	r12
    2418:	df 92       	push	r13
    241a:	ef 92       	push	r14
    241c:	ff 92       	push	r15
    241e:	0f 93       	push	r16
    2420:	1f 93       	push	r17
    2422:	cf 93       	push	r28
    2424:	df 93       	push	r29
    2426:	cd b7       	in	r28, 0x3d	; 61
    2428:	de b7       	in	r29, 0x3e	; 62
    242a:	ca 1b       	sub	r28, r26
    242c:	db 0b       	sbc	r29, r27
    242e:	0f b6       	in	r0, 0x3f	; 63
    2430:	f8 94       	cli
    2432:	de bf       	out	0x3e, r29	; 62
    2434:	0f be       	out	0x3f, r0	; 63
    2436:	cd bf       	out	0x3d, r28	; 61
    2438:	09 94       	ijmp

0000243a <__epilogue_restores__>:
    243a:	2a 88       	ldd	r2, Y+18	; 0x12
    243c:	39 88       	ldd	r3, Y+17	; 0x11
    243e:	48 88       	ldd	r4, Y+16	; 0x10
    2440:	5f 84       	ldd	r5, Y+15	; 0x0f
    2442:	6e 84       	ldd	r6, Y+14	; 0x0e
    2444:	7d 84       	ldd	r7, Y+13	; 0x0d
    2446:	8c 84       	ldd	r8, Y+12	; 0x0c
    2448:	9b 84       	ldd	r9, Y+11	; 0x0b
    244a:	aa 84       	ldd	r10, Y+10	; 0x0a
    244c:	b9 84       	ldd	r11, Y+9	; 0x09
    244e:	c8 84       	ldd	r12, Y+8	; 0x08
    2450:	df 80       	ldd	r13, Y+7	; 0x07
    2452:	ee 80       	ldd	r14, Y+6	; 0x06
    2454:	fd 80       	ldd	r15, Y+5	; 0x05
    2456:	0c 81       	ldd	r16, Y+4	; 0x04
    2458:	1b 81       	ldd	r17, Y+3	; 0x03
    245a:	aa 81       	ldd	r26, Y+2	; 0x02
    245c:	b9 81       	ldd	r27, Y+1	; 0x01
    245e:	ce 0f       	add	r28, r30
    2460:	d1 1d       	adc	r29, r1
    2462:	0f b6       	in	r0, 0x3f	; 63
    2464:	f8 94       	cli
    2466:	de bf       	out	0x3e, r29	; 62
    2468:	0f be       	out	0x3f, r0	; 63
    246a:	cd bf       	out	0x3d, r28	; 61
    246c:	ed 01       	movw	r28, r26
    246e:	08 95       	ret

00002470 <itoa>:
    2470:	fb 01       	movw	r30, r22
    2472:	9f 01       	movw	r18, r30
    2474:	e8 94       	clt
    2476:	42 30       	cpi	r20, 0x02	; 2
    2478:	c4 f0       	brlt	.+48     	; 0x24aa <itoa+0x3a>
    247a:	45 32       	cpi	r20, 0x25	; 37
    247c:	b4 f4       	brge	.+44     	; 0x24aa <itoa+0x3a>
    247e:	4a 30       	cpi	r20, 0x0A	; 10
    2480:	29 f4       	brne	.+10     	; 0x248c <itoa+0x1c>
    2482:	97 fb       	bst	r25, 7
    2484:	1e f4       	brtc	.+6      	; 0x248c <itoa+0x1c>
    2486:	90 95       	com	r25
    2488:	81 95       	neg	r24
    248a:	9f 4f       	sbci	r25, 0xFF	; 255
    248c:	64 2f       	mov	r22, r20
    248e:	77 27       	eor	r23, r23
    2490:	0e 94 ed 11 	call	0x23da	; 0x23da <__udivmodhi4>
    2494:	80 5d       	subi	r24, 0xD0	; 208
    2496:	8a 33       	cpi	r24, 0x3A	; 58
    2498:	0c f0       	brlt	.+2      	; 0x249c <itoa+0x2c>
    249a:	89 5d       	subi	r24, 0xD9	; 217
    249c:	81 93       	st	Z+, r24
    249e:	cb 01       	movw	r24, r22
    24a0:	00 97       	sbiw	r24, 0x00	; 0
    24a2:	a1 f7       	brne	.-24     	; 0x248c <itoa+0x1c>
    24a4:	16 f4       	brtc	.+4      	; 0x24aa <itoa+0x3a>
    24a6:	5d e2       	ldi	r21, 0x2D	; 45
    24a8:	51 93       	st	Z+, r21
    24aa:	10 82       	st	Z, r1
    24ac:	c9 01       	movw	r24, r18
    24ae:	0c 94 59 12 	jmp	0x24b2	; 0x24b2 <strrev>

000024b2 <strrev>:
    24b2:	dc 01       	movw	r26, r24
    24b4:	fc 01       	movw	r30, r24
    24b6:	67 2f       	mov	r22, r23
    24b8:	71 91       	ld	r23, Z+
    24ba:	77 23       	and	r23, r23
    24bc:	e1 f7       	brne	.-8      	; 0x24b6 <strrev+0x4>
    24be:	32 97       	sbiw	r30, 0x02	; 2
    24c0:	04 c0       	rjmp	.+8      	; 0x24ca <strrev+0x18>
    24c2:	7c 91       	ld	r23, X
    24c4:	6d 93       	st	X+, r22
    24c6:	70 83       	st	Z, r23
    24c8:	62 91       	ld	r22, -Z
    24ca:	ae 17       	cp	r26, r30
    24cc:	bf 07       	cpc	r27, r31
    24ce:	c8 f3       	brcs	.-14     	; 0x24c2 <strrev+0x10>
    24d0:	08 95       	ret

000024d2 <_exit>:
    24d2:	f8 94       	cli

000024d4 <__stop_program>:
    24d4:	ff cf       	rjmp	.-2      	; 0x24d4 <__stop_program>
